n	signature	member	kind	quality	statement	other_statements	recorded_at	n_places	origins	verified_labels	unverified_label_guesses	pinned	deviations_txt	sources	from_notes_tsv_row
1	ARRAY / ARRAY_SLICE / ARRAY2 / MONO_*	copy, copyVec; Array.copyVec; ArraySlice.copyVec; Array.copy, Array.copyVec	Reading	note	When Subscript is raised nothing has been copied (the page does not say whether dst may be partly modified). All hosts agree.	[testsA] The page does not say what happens to dst when Subscript is raised; the test takes it that nothing is copied. || [testsA] As for copy, the test takes it that nothing is copied when Subscript is raised. || [lib] Subscript is raised before anything is copied, tested without an overflowing sum; copying an array onto itself needs no particular order.	docs/basis-compat.md:347; lib/basis/array.sml:55-57; tests/basis/array.sml:159,429,429-430; tests/basis/array2.sml:291; tests/basis/arrayslice.sml:252,304; tests/basis/fn/mono_array2_fn.sml:346; tests/basis/fn/mono_array_fn.sml:148; tests/basis/fn/mono_array_slice_fn.sml:227	10	docs,lib-body,tests	Array.copy/Subscript-changes-nothing, Array.copyVec/Subscript-changes-nothing, ArraySlice.copyVec/Subscript-changes-nothing	Array.copyVec/, ArraySlice.copy/, Array2.copy/	yes	no	lib,mine,testsA	13
2	ARRAY / VECTOR / MONO_*	tabulate; Array.tabulate; Vector.tabulate	Reading	note	Size is raised before f is applied (n < 0 or n > maxLen), against 'equivalent to fromList (List.tabulate (n, f))'.	[lib] Size (n<0 or n>maxLen) is raised before f is applied to anything. || [lib] Size (n<0 or n>maxLen) is raised before f is applied.	docs/basis-compat.md:346; lib/basis/array.sml:14; lib/basis/vector.sml:11; tests/basis/array.sml:453-458; tests/basis/fn/mono_array_fn.sml:424; tests/basis/fn/mono_vector_fn.sml:300; tests/basis/vector.sml:291-295	7	docs,lib-body,tests	Array.tabulate/Size-before-f, Array.tabulate/Size-above-maxLen	Vector.tabulate/	yes	no (smlnj HOST-BUG:43)	lib,mine	12
3	ARRAY2	Array2 (region arguments)	Reading	note	An invalid region raises Subscript; validity is decided without sums that could overflow.		lib/basis/array2.sml:62-63	1	lib-body			no		lib	
4	ARRAY2	Array2.appi	Reading	note	"""0 <= #row reg <= nRows"" allows a region to start at the end of the array; such regions and zero-size regions are valid and traverse nothing."		tests/basis/array2.sml:602-605	1	tests	Array2.appi/nothing-RowMajor-<name>, Array2.appi/nothing-ColMajor-<name>, Array2.foldi/nothing-RowMajor-<name>	Array2.foldi/nothing-ColMajor-<name> (names: rows-at-the-end, cols-at-the-end, zero-nrows, zero-ncols, zero-nrows-ncols-at-the-end)	yes		testsA	
5	ARRAY2	Array2.copy	Reading	note	"""Must correctly handle"" overlapping regions of one array is read as: every element arrives as it was before the copy, whichever direction it moves."	[lib] When dst is the base of src and regions overlap, rows and elements are copied in the direction that reads each element before overwriting it.	lib/basis/array2.sml:98-100; tests/basis/array2.sml:300-303	2	lib-body,tests	Array2.copy/overlap-down-right, Array2.copy/overlap-up-left, Array2.copy/overlap-down-left, Array2.copy/overlap-up-right, Array2.copy/overlap-right, Array2.copy/overlap-left, Array2.copy/overlap-down, Array2.copy/overlap-up, Array2.copy/overlap-onto-itself, Array2.copy/same-array-apart, Array2.copy/overlap-Subscript		yes		lib,testsA	
6	ARRAY2	Array2.copy	Reading	note	The derived destination region of a source region without elements can still be invalid, and copy then raises Subscript.		tests/basis/array2.sml:636	1	tests	Array2.copy/Subscript-dst-nothing-row-beyond, Array2.copy/Subscript-dst-nothing-cols-too-far		yes		testsA	
7	ARRAY2	Array2.tabulate	Reading	note	"""Initialized in traversal order"": f(0,0) is called first in either order and its result is the array's initial fill."		lib/basis/array2.sml:42-43	1	lib-body			no		lib	
8	ARRAY2 / MONO_ARRAY2	appi, foldi, modifyi (invalid region)	Reading	note	f is applied to no element before Subscript is raised for an invalid region (page does not say).		tests/basis/array2.sml:439-441; tests/basis/fn/mono_array2_fn.sml:503	2	tests	Array2.appi/Subscript-before-f, Array2.foldi/Subscript-before-f, Array2.modifyi/Subscript-changes-nothing		yes	no -- NOT in basis-compat	mine	14
9	ARRAY_SLICE	ArraySlice.copy	Reading	note	"""Must correctly handle"" an overlapping copy within one array is read as: elements arrive as they were before the copy, moving left or right."	[lib] Overlapping copy within one base array goes upwards or downwards so every element is read before being overwritten.	lib/basis/arrayslice.sml:39-41; tests/basis/arrayslice.sml:257-260	2	lib-body,tests	ArraySlice.copy/overlap-to-the-right, ArraySlice.copy/overlap-one-to-the-right, ArraySlice.copy/overlap-onto-itself, ArraySlice.copy/overlap-one-to-the-left, ArraySlice.copy/overlap-to-the-left, ArraySlice.copy/overlap-to-the-end, ArraySlice.copy/overlap-Subscript		yes		lib,testsA	
10	ARRAY_SLICE	ArraySlice.subslice	Reading	borderline	The Subscript bounds of subslice are those of the given slice, not those of its underlying array.		tests/basis/arrayslice.sml:116-119	1	tests	ArraySlice.subslice/NONE-Subscript-beyond, ArraySlice.subslice/SOME-Subscript-one-too-many, ArraySlice.subslice/SOME-Subscript-whole-and-one, ArraySlice.subslice/SOME-Subscript-zero-size-beyond, ArraySlice.subslice/every-argument		yes		testsA	
11	SUBSTRING / slices / STRING / ARRAY2 / ARRAY_SLICE / VECTOR_SLICE	extract, substring, slice, subslice, sub, copy; VectorSlice.slice, subslice; ArraySlice.slice, subslice; Substring.substring, extract	Reading	note	Bounds are checked so that Subscript, never Overflow, is raised even when i + j does not exist as an int (SUBSTRING says so; taken for all sequences).	[lib] Bounds checked without a sum that could overflow. || [lib] Bounds checked without an overflowing sum, so extreme indices raise Subscript rather than Overflow. || [lib] Bounds tests are written as n > size s - i so they cannot overflow.	lib/basis/arrayslice.sml:12; lib/basis/substring.sml:19-20; lib/basis/vectorslice.sml:12; tests/basis/array2.sml:645; tests/basis/arrayslice.sml:565; tests/basis/fn/mono_*_slice_fn.sml; tests/basis/string.sml:82-84; tests/basis/substring.sml:327-329; tests/basis/vectorslice.sml:409	9	lib-body,tests	*/…Subscript-not-Overflow-*		yes	no (polyml HOST-BUG:191-192,529)	lib,mine	45
12	BIN_IO	BinIO.StreamIO.setBufferMode	Reading	note	LINE_BUF on binary streams acts as BLOCK_BUF because no byte counts as a newline.		lib/basis/binio.sml:4-5	1	lib-body			no		lib	
13	BIN_IO	BinIO.endOfStream	Reading	note	endOfStream does not consume the end-of-stream it finds: it stays true until a read consumes it, and that read returns the empty vector.		tests/basis/binio.sml:689-690	1	tests	BinIO.endOfStream/file-grows-after-end-of-stream		yes		testsA	
14	BIN_IO	BinIO.input1	Reading	note	input1 returning NONE positions the stream after the end-of-stream, so the next input1 delivers bytes appended since.		tests/basis/binio.sml:674-676	1	tests	BinIO.input1/file-grows-after-end-of-stream		yes		testsA	
15	BIN_IO	BinIO.inputAll	Reading	note	"After end-of-stream, a file that has grown delivers the appended bytes; justified by STREAM_IO ""exactly the sequence returned by the underlying reader"" and POSIX read semantics."		tests/basis/binio.sml:337-344	1	tests	BinIO.inputAll/file-grows-after-end-of-stream		yes		testsA	
16	BIN_IO	BinIO.openOut	Reading	note	Flush-and-close at program exit cannot be observed by the runner; the check only leaves a stream open, and left-open.bin must hold 1 2 3 afterwards (unverified).		tests/basis/binio.sml:708-712	1	tests	BinIO.openOut/left-open-at-exit		yes		testsA	
17	BIT_FLAGS	BIT_FLAGS.fromWord	Reading	note	"""toWord o fromWord = fn w => andb (w, toWord all)"" is required also for words with bits that no flag has (fromWord masks them away)."		tests/basis/fn/bit_flags_fn.sml:74-75	1	tests	<name>.fromWord/bits-beyond-all, <name>.fromWord/random-words-beyond-all		yes		testsB	
18	BOOL	Bool.fromString	Reading	note	Characters next to the whitespace codes (0, 8, 14, 31, 33, 95, 127) are not whitespace, so a string starting with one gives NONE.		tests/basis/bool.sml:77-78	1	tests	Bool.fromString/none-not-whitespace-<code>		yes		testsA	
19	BOOL	Bool.scan, fromString; Bool.scan	Reading	note	'Initial whitespace' is what Char.isSpace accepts (space, \t \n \v \f \r), as StringCvt.skipWS.	"[testsA] Whitespace is what Char.isSpace accepts (taken from StringCvt.skipWS); whatever follows the word stays in the stream, so a string only has to start with it. || [lib] Case-insensitive ""true""/""false"" after initial whitespace; whatever follows the word (even letters) stays in the stream."	docs/basis-compat.md:349; lib/basis/bool.sml:9-10; tests/basis/bool.sml:2-10,7-9	4	docs,lib-body,tests	Bool.fromString/wsx-*, Bool.scan/wsx-*, Bool.fromString/wsx-return, Bool.fromString/wsx-vertical-tab, Bool.fromString/wsx-formfeed, Bool.fromString/wsx-all-six, Bool.fromString/prefix-truely, Bool.fromString/prefix-falsetto, Bool.fromString/prefix-two-words		yes	no (smlnj HOST-BUG:36)	lib,mine,testsA	16
20	BYTE	Byte.byteToChar	Reading	note	A byte above 127 is the character with that code, not a negative (signed) one.		tests/basis/byte.sml:76	1	tests	Byte.byteToChar/high-bytes-are-not-negative		yes		testsA	
21	BYTE	Byte.packString	Reading	quote-only	Quote only: Subscript if i<0 or size s + i > |arr|.		lib/basis/byte.sml:11	1	lib-body			no		lib	
22	BYTE	Byte.unpackString	Reading	note	The slice is read when unpackString is called, so the result reflects the array contents at that moment.		tests/basis/byte.sml:121	1	tests	Byte.unpackString/sees-the-current-contents		yes		testsA	
23	CHAR	Char.compare	Reading	borderline	Characters are ordered by their codes, which are non-negative: 127 < 128 and 255 > 0.		tests/basis/char.sml:92	1	tests	Char.compare/127-128, Char.compare/255-0, Char.compare/all-pairs		yes		testsA	
24	CHAR	Char.fromCString	Reading	note	Every printable character except the double quote and the backslash converts to itself (single quote included); everything outside the printable range is rejected.	[lib] C syntax: no formatting sequences, an unescaped double quote is rejected, \ooo takes one to three octal digits, \x any number of hex digits.	lib/basis/char.sml:78-79; tests/basis/char.sml:499-501	2	lib-body,tests	Char.fromCString/printable-only-all-converted, Char.fromCString/printable-only-all-rejected		yes		lib,testsA	
25	CHAR	Char.fromCString	Reading	note	A hex escape whose value does not fit in an int still gives NONE, not Overflow.	[lib] A \x escape whose value exceeds 255 yields NONE however many digits it has (no Overflow).	lib/basis/char.sml:88; tests/basis/char.sml:565	2	lib-body,tests	Char.fromCString/hex-huge-does-not-fit		yes		lib,testsA	
26	CHAR	Char.fromString	Reading	note	A first character outside [0x20, 0x7E], or a backslash by itself, gives NONE; every other printable character converts to itself (double quote checked separately).		tests/basis/char.sml:298-299	1	tests	Char.fromString/printable-only-all-converted, Char.fromString/printable-only-all-rejected		yes		testsA	
27	CHAR	Char.fromString, Char.scan	Reading	note	Unescaped double quote: page says 'as allowed in an SML program' but names only non-printing chars and bad escapes as reasons to stop. RUNE CONVERTS it (as Poly/ML); the test takes NONE (MLton, SML/NJ) -- the one check Rune fails.		tests/basis/deviations.txt:46-47; docs/basis-compat.md:214-216,337; docs/language.md:204; lib/basis/char.sml:56-70; tests/basis/char.sml:306-312	6	deviations,docs,lib-body,tests	Char.fromString/unescaped-double-quote		yes	rune:46 polyml:47	mine	1
28	CHAR	Char.isAlpha … isPrint; Char	Reading	note	The predicate sets are those of the page's Discussion, independent of the locale: no character above 127 is in any class.	[testsA] The predicate sets are those of the page's Discussion section, so independent of the locale: no character above 127 is a letter, control, printable, etc.	lib/basis/char.sml:189; tests/basis/char.sml:2-9,151-152	3	lib-body,tests	Char.isAscii/latin1, Char.isUpper/latin1, Char.isUpper/A-grave, Char.isLower/latin1, Char.isLower/a-grave, Char.isDigit/superscript-two, Char.isAlpha/latin1, Char.isAlpha/e-acute, Char.isAlphaNum/latin1, Char.isHexDigit/latin1	Char.isAlpha/exact-set	yes	no	mine,testsA	122
29	CHAR	Char.scan	Reading	note	Formatting sequences after the scanned character are consumed too, so the remaining stream never starts with one.		lib/basis/char.sml:72	1	lib-body			no		lib	
30	CHAR	Char.scan, String.scan	Reading	note	Formatting sequences \f...f\ (one or more formatting characters) are skipped when scanning SML escapes.		lib/basis/char.sml:17-18	1	lib-body			no		lib	
31	CHAR	Char.toLower	Reading	note	toLower and toUpper change ASCII letters only; Latin-1 letters such as \192, \224, \255 are unchanged.		tests/basis/char.sml:229	1	tests	Char.toLower/A-grave, Char.toLower/all, Char.toUpper/a-grave, Char.toUpper/y-diaeresis		yes		testsA	
32	CHAR	WideChar.fromString, scan	Reading	note	\ddd of three decimal digits may name any code point (up to 999), \u takes four hex digits, \U eight (as MLton reads it).		lib/basis/widechar.sml:125-126	1	lib-body			no		lib	
33	CHAR (WideChar)	WideChar.isAlpha … toUpper; WideChar.isAlpha; WideChar.isAlpha, toUpper, toLower, ...; WideChar	Reading	note	Classes and case conversions of wide characters are those of ASCII ('definition of a letter is locale-dependent'); above 127 no class, own case; as MLton.	"[testsB] Wide character classes are left to the implementation; here they are those of ASCII: a character above 127 is in no class, and case conversion leaves it unchanged. || [lib] ""Locale-dependent"" classes are read as ASCII only: characters above 127 are in no class and are their own case, as MLton (also widechar.sml:61). || [lib] Optional; a character is a Unicode code point 0..0x10FFFF in a type of its own (as MLton)."	docs/basis-compat.md:227-229; docs/language.md:268; lib/basis/widechar.sml:1-15; tests/basis/widechar.sml:2-12,63	5	docs,lib-body,tests	WideChar.isAscii/above-127, WideChar.isAlpha/e-acute, WideChar.isAlphaNum/emoji, WideChar.isUpper/capital-e-acute, WideChar.toLower/leaves-a-wide-character, WideChar.toUpper/leaves-a-wide-character	WideChar.is*/	yes	no	lib,mine,testsB	49
34	CHAR	WideChar.scan	Reading	note	As the CHAR signature writes it, WideChar.scan reads from a stream of 8-bit char and yields a wide character.		tests/basis/widechar.sml:124	1	tests	WideChar.scan/takes-the-escape-and-leaves-the-rest, WideChar.scan/NONE-on-nothing-to-read		yes		testsB	
35	CHAR (WideChar)	WideChar.toString, fromString, toCString, fromCString; WideChar.toString, toCString; WideChar.toString	Reading	note	Text is of 8-bit char as the signature writes it; a char above 255 is \uXXXX or \UXXXXXXXX (as MLton); \ddd of any code point is read.	[lib] Characters above 255 are written \uXXXX, above 0xFFFF \UXXXXXXXX (MLton's escapes). || [testsB] As the signature writes it, the text of WideChar.toString/fromString is a String.string of 8-bit chars, not a wide string.	docs/basis-compat.md:229; docs/language.md:268-269; lib/basis/widechar.sml:91; tests/basis/widechar.sml:2-12; tests/basis/widechar_sig.sml:3-6; tests/basis/widestring.sml:2-8	6	docs,lib-body,tests	WideChar:CHAR/toString-gives-a-string-of-char	WideChar.toString/*	yes	no	lib,mine,testsB	50
36	COMMAND_LINE	CommandLine.arguments	Reading	note	[] under the test runner; 'operating system and implementation-specific' (poly --use reports the compiler's options).		tests/basis/deviations.txt:100; docs/basis-compat.md:350	2	deviations,docs	CommandLine.arguments/none-under-the-runner		yes	polyml:100	mine	17
37	DATE	Date.compare	Reading	note	Compares year, month, day, hour, minute, second in that order; offsets are not taken into account.		lib/basis/date.sml:285-286	1	lib-body			no		lib	
38	DATE	Date.date	Reading	note	"""Leap years follow the Gregorian calendar"" is read as the proleptic Gregorian calendar for all years, for dates at a fixed offset."		lib/basis/date.sml:60-64	1	lib-body			no		lib	
39	DATE	Date.date	Reading	note	Out-of-range seconds, minutes, hours, days and months are carried upward into the next field, up to years.		lib/basis/date.sml:85-87	1	lib-body			no		lib	
40	DATE	Date.date	Reading	note	Offsets are reduced modulo 24 hours with the whole days moved into the hours; a local date (offset NONE) is normalised by the C library.		lib/basis/date.sml:101-105	1	lib-body			no		lib	
41	DATE	Date.date, toTime (range)	Reading	note	'around 1900 to 2200' must be supported; outside the 32-bit time_t range checks accept the date or exception Date.		tests/basis/date.sml:2-16,126-127,198	3	tests		labels that say so	no	no (mlton HOST-BUG)	mine	34
42	DATE	Date.fmt	Reading	note	"The page gives no name for UTC under %Z; the test accepts ""UTC"", ""GMT"", ""Z"" or the empty string."	"[lib] %Z gives the C library's zone name for local dates, ""UTC"" for offset zero and the empty string for any other offset."	lib/basis/date.sml:178-179; tests/basis/date_fmt.sml:114-115	2	lib-body,tests	Date.fmt/%Z-UTC		yes		lib,testsA	
43	DATE	Date.fmt	Reading	note	scan does no consistency check, so for an inconsistent text it may give NONE, a canonical date, or the date as written (fmt/toString then raise Date); an invalid date is never printed.		tests/basis/date_fmt.sml:124-128	1	tests	Date.fmt/prints-no-second-99, Date.fmt/prints-no-hour-24, Date.fmt/prints-no-30-February, Date.fmt/prints-a-valid-date, Date.toString/prints-no-31-April, Date.toString/prints-no-minute-60		yes		testsA	
44	DATE	Date.fmt, Date.toString	Reading	note	Raise Date for an invalid date (possible from scan); day must fit the month, seconds may be 0..61.		lib/basis/date.sml:154-155	1	lib-body			no		lib	
45	DATE	Date.fmt, toString; Date.fmt; Date.toString; Date.fmt %Z	Reading	note	"fmt is strftime in the ""C"" locale (program start); only the spec's directives reach strftime, other %c gives c; invalid date raises Date."	"[lib] Only the specification's directives are passed to strftime; % before any other character c yields c; a lone trailing % yields %. || [lib] Uses the fixed format ""%a %b %d %H:%M:%S %Y"" (e.g. ""Thu Sep 18 23:39:29 2026"") rather than the locale's %c. || [lib] Zone names are known only for the local zone and UTC; any other offset gives """"."	docs/language.md:216; lib/basis/date.sml:161-163,187-188; tests/basis/date_fmt.sml:2-11	4	docs,lib-body,tests		Date.fmt/*	no	no	lib,mine	35
46	DATE	Date.fromTimeUniv; Date.fromTimeUniv, fromTimeLocal	Reading	note	The date of a time is that of the second it falls in: fractions are dropped, also for times before 1970.	[lib] The sub-second part is dropped: the date is the second the time falls in (floor).	lib/basis/date.sml:134; tests/basis/date.sml:272	2	lib-body,tests	Date.fromTimeUniv/fraction-of-a-second, Date.fromTimeUniv/fraction-of-a-second-1969		yes		lib,testsA	
47	DATE	Date.isDst	Reading	note	A UTC date has no daylight saving time: isDst must not be SOME true (NONE and SOME false both accepted).		tests/basis/date.sml:145	1	tests	Date.isDst/UTC-is-not-daylight-saving		yes		testsA	
48	DATE	Date.localOffset	Reading	note	Page does not say whether DST is included and takes offsets modulo 24 h: accepted is the offset now, or an hour more, modulo a day, west of UTC.		docs/language.md:216; tests/basis/date.sml:390-393	2	docs,tests	Date.localOffset/west-of-UTC-now, Date.localOffset/less-than-a-day, Date.localOffset/whole-minutes		yes	no	mine	33
49	DATE	Date.scan, Date.fromString	Reading	note	Reads exactly the toString layout after leading whitespace; result is a local date (offset NONE, isDst NONE), weekday as written, not validated.		lib/basis/date.sml:191	1	lib-body			no		lib	
50	DATE	Date.toTime	Reading	note	"""Interpreted in its own time zone"": a date at offset t west of UTC converts to its UTC reading plus t; overflow raises Date."		lib/basis/date.sml:139-140	1	lib-body			no		lib	
51	GENERAL	General.exnMessage	Reading	note	'format may vary': only that it returns, contains exnName for the standard exceptions, and does not raise.		docs/basis-compat.md:358-359; tests/basis/general.sml:208-209	2	docs,tests	General.exnMessage/returns-*, General.exnMessage/contains-exnName-*		yes	no (smlnj HOST-BUG:28)	mine	32
52	GENERAL	General.exnName	Reading	note	"For `exception E2 = E1`, exnName E2 may be ""E1"" or ""E2"": both accepted."	"[testsA] For an aliased exception the page allows either name, so both ""E1"" and ""E2"" (and ""Div"" or ""Zero"") are accepted."	tests/basis/general.sml:192-194,192-193	1	tests	General.exnName/alias-either-name, General.exnName/alias-of-standard		yes	no	mine,testsA	117
53	IEEE_REAL	IEEEReal.scan	Reading	note	A scanned exponent that does not fit an int is treated as the largest int instead of raising Overflow.		lib/basis/ieeereal.sml:121	1	lib-body			no		lib	
54	IEEE_REAL	IEEEReal.scan, Real.scan	Reading	note	Grammar [+~-]?(digits(.digits)?|.digits)([eE][+~-]?digits)? or inf/infinity/nan in any case; every digit is kept.		lib/basis/ieeereal.sml:35-37	1	lib-body			no		lib	
55	IMPERATIVE_IO	IMPERATIVE_IO.lookahead	Reading	note	At an end-of-stream lookahead returns NONE and removes nothing (not the end-of-stream either); a following input consumes it.		tests/basis/fn/imperative_io_fn.sml:111-112	1	tests	<name>.lookahead/does-not-pass-an-end-of-stream		yes		testsB	
56	IMPERATIVE_IO	TextIO/BinIO.inputAll, input, input1, inputLine, endOfStream; input1	Reading	note	STREAM_IO model for a file that grows after end-of-stream: inputLine and endOfStream do not consume the end-of-stream, input/input1/inputAll do, and then read what the file gained.	[lib] After returning NONE the stream is positioned past that end-of-stream, as StreamIO.inputN (f, 1) leaves it.	tests/basis/deviations.txt:91-92; docs/basis-compat.md:344; docs/language.md:226; docs/plans/basis.md:157; lib/basis/imperativeio_fn.sml:29-31; tests/basis/textio.sml:1131	6	deviations,docs,lib-body,tests	TextIO.inputAll/file-grows-after-end-of-stream, TextIO.inputLine/*end-of-stream	BinIO.*	yes	polyml:91-92	lib,mine	10
57	IMPERATIVE_IO	TextIO/BinIO.openIn, openOut, openAppend	Reading	note	"Io {function} is the unqualified name (""openIn""); Poly/ML reports ""TextIO.openIn""."		tests/basis/deviations.txt:89; docs/basis-compat.md:343	2	deviations,docs	TextIO.openIn/Io-function		yes	polyml:89	mine	9
58	IMPERATIVE_IO	closeIn	Reading	note	closeIn replaces the functional stream by an empty one: read-ahead data is dropped.		lib/basis/imperativeio_fn.sml:42-44	1	lib-body			no		lib	
59	IMPERATIVE_IO	getOutstream	Reading	quote-only	Quote only: flushes strm and returns the underlying StreamIO outstream.		lib/basis/imperativeio_fn.sml:19	1	lib-body			no		lib	
60	IMPERATIVE_IO	setOutstream	Reading	quote-only	Quote only: flushes the old underlying stream before assigning the new one.		lib/basis/imperativeio_fn.sml:21-22	1	lib-body			no		lib	
61	IMPERATIVE_IO / STREAM_IO	inputN	Reading	note	Size when the number of elements TO BE RETURNED exceeds maxLen (STREAM_IO wording), not when n > maxLen (IMPERATIVE_IO wording).		tests/basis/textio.sml:760-764	1	tests	TextIO.inputN/more-than-maxSize-of-a-short-file		yes	no -- NOT in basis-compat	mine	21
62	INTEGER	INTEGER.mod	Reading	note	mod and rem raise Div only, never Overflow: minInt mod ~1 and minInt rem ~1 are 0, although div and quot overflow there.		tests/basis/fn/integer_fn.sml:340	1	tests	<name>.mod/minInt-by-minus-one, <name>.rem/minInt-by-minus-one		yes		testsB	
63	INTEGER	INTEGER.sameSign	Reading	note	"""Equivalent to (sign i = sign j)"", so zero has the same sign as zero only, not as positive numbers."		tests/basis/fn/integer_fn.sml:241	1	tests	<name>.sameSign/zero-zero, <name>.sameSign/zero-pos, <name>.sameSign/pos-zero, <name>.sameSign/zero-neg, <name>.sameSign/neg-zero		yes		testsB	
64	WORD / INTEGER	Word.scan, fromString (and WordN); INTEGER.scan; Int.scan; Word.scan; WORD.scan	Reading	note	"A bare prefix (""0wx"", ""0x"", ""0wxg"") scans as the 0, as INTEGER's ""0xg"" note says; WORD has no such note. Also 0w is no prefix in HEX."	"[testsB] ""0xg""/""0x 123"" scan as SOME 0 is read as: the number is the digit 0 alone and the stream continues with the x. || [lib] [+~-]?digits; in HEX an optional 0x/0X counts only if a digit follows (""0xg"" gives 0, leaving ""xg""); minInt scans without overflow. || [lib] (0w)?digits; in HEX 0wx/0wX/0x/0X; a prefix counts only if a digit follows (""0wxg"" gives 0 leaving ""wxg""); Overflow if too large. || [testsB] The same for scan: a ""0w"" prefix without a digit after it scans as 0, with ""w..."" left in the stream; ""0x"" and ""0W"" are no prefixes outside HEX."	docs/basis-compat.md:348; lib/basis/int.sml:75-77; lib/basis/word.sml:72-74; tests/basis/fn/integer_scan_fn.sml:117,117-118; tests/basis/fn/word_fn.sml:365; tests/basis/fn/word_scan_fn.sml:87,112	7	docs,lib-body,tests	<W>.fromString/bare-prefix-0x, <name>.scan/HEX-bare-prefix-0x-then-non-digit, <name>.scan/HEX-bare-prefix-0x-then-space, <name>.scan/HEX-bare-prefix-0x, <name>.scan/HEX-bare-prefix-0X, <name>.scan/HEX-prefix-twice, <name>.scan/HEX-0xg-is-zero, <name>.scan/HEX-0x-123-is-zero, <name>.scan/DEC-bare-prefix-0w-then-x, <name>.scan/DEC-bare-prefix-0w, <name>.scan/DEC-bare-prefix-0w-then-space, <name>.scan/DEC-prefix-twice, <name>.scan/DEC-0x-is-no-prefix, <name>.scan/DEC-upper-case-prefix	<W>.scan/...bare-prefix-0wx	yes	no (polyml HOST-BUG:77-78 for 0w)	lib,mine,testsB	15
65	INT_INF	IntInf.scan	Reading	note	Same grammar: optional sign, digits, and in HEX a 0x/0X prefix only when a digit follows.		lib/basis/intinf.sml:206-207	1	lib-body			no		lib	
66	LIST_PAIR	ListPair.allEq	Reading	note	The implementation note (apply f to the common prefix, lazily) is taken over the 'equivalent' expression (apply f to nothing when lengths differ). All hosts agree.		docs/basis-compat.md:345; tests/basis/listpair.sml:219-229	2	docs,tests	ListPair.allEq/applies-before-lengths-are-known		yes	no	mine	11
67	LIST_PAIR	ListPair.allEq	Reading	borderline	allEq never raises UnequalLengths: unequal lengths give false.		tests/basis/listpair.sml:204-205	1	tests	ListPair.allEq/left-longer, ListPair.allEq/right-longer, ListPair.allEq/nil-left, ListPair.allEq/nil-right		yes		testsA	
68	LIST_PAIR	ListPair.foldrEq	Reading	note	Folding from the right needs the last pair first, so the end of the shorter list is reached and UnequalLengths raised before f is applied at all.		tests/basis/listpair.sml:175-177	1	tests	ListPair.foldrEq/raises-before-applying		yes		testsA	
69	MATH	Math.atan2	Reading	note	"The sign identities hold ""except for inaccuracies"", so the sample points are kept away from the axes; result in [-pi, pi], equal to atan(y/x) for x > 0."		tests/basis/math.sml:218-220	1	tests	Math.atan2/law-quadrant		yes		testsA	
70	MATH	Math.cosh	Reading	note	cosh negInf = posInf, by the definition (e^x+e^-x)/2; the page's 'cosh +-inf = +-inf' cannot be meant (MLton follows it).		tests/basis/deviations.txt:106; docs/basis-compat.md:340; tests/basis/math.sml:394-395	3	deviations,docs,tests	Math.cosh/negInf		yes	mlton:106	mine	6
71	MATH	Math.pow	Reading	note	pow (+-1, +-inf) and pow (1, NaN) are NaN as the page's table says; C99/IEEE 754-2008 say 1 (Poly/ML: 1.0, a HOST-BUG line).	"[testsA] The page's table row ""+-1, +-infinity: NaN"" is pinned even though C99 gives 1. || [lib] C's pow returns 1 for pow(1,NaN) and pow(+-1,+-inf); the spec wants NaN, so those cases are intercepted."	docs/basis-compat.md:341; docs/language.md:203; lib/basis/real.sml:310-311; tests/basis/math.sml:310-313,313	5	docs,lib-body,tests	Math.pow/one-base-nan-exponent, Math.pow/one-base-posInf, Math.pow/one-base-negInf, Math.pow/minus-one-base-posInf, Math.pow/minus-one-base-negInf		yes	no SPEC-AMBIGUOUS line (polyml HOST-BUG)	lib,mine,testsA	7
72	MATH	Math.tan	Reading	note	"""Infinities at various finite values"" is read loosely: at the double nearest pi/2 the magnitude only has to exceed 1E15."		tests/basis/math.sml:106-108	1	tests	Math.tan/near-singularity		yes		testsA	
73	MONO_ARRAY	array equality	Reading	note	MONO_ARRAY says only `eqtype array`: identity equality as the Array page defines it, also for zero length.		tests/basis/fn/mono_array_fn.sml:317-322	1	tests	<A>.array/same-array-is-equal, <A>.array/zero-length-not-equal		yes	no (polyml HOST-BUG:533)	mine	47
74	MONO_ARRAY2	<Mono>Array2.sub	Reading	quote-only	Quote only: Subscript if i<0 or nRows<=i, likewise for j and nCols.		lib/basis/mono_array2_fn.sml:27-28	1	lib-body			no		lib	
75	MONO_ARRAY2	MONO_ARRAY2.copy	Reading	note	"(marginal) ""Must correctly handle"" overlap is read as: the elements arrive as they were before the copy, whichever way they move."		tests/basis/fn/mono_array2_fn.sml:355-358	1	tests	<name>.copy/overlap-down-right, <name>.copy/overlap-up-left, <name>.copy/overlap-down-left, <name>.copy/overlap-up-right, <name>.copy/overlap-right, <name>.copy/overlap-left		yes		testsB	
76	MONO_ARRAY2	MONO_ARRAY2.copy	Reading	note	The derived destination region of an empty source region can still be invalid, and then Subscript is raised although nothing would be copied.		tests/basis/fn/mono_array2_fn.sml:761-762	1	tests	<name>.copy/Subscript-dst-nothing-row-beyond, <name>.copy/Subscript-dst-nothing-cols-too-far		yes		testsB	
77	MONO_ARRAY2	MONO_ARRAY2.region	Reading	note	"""0 <= #row reg <= nRows"" allows a region to start at the end of the array; such empty regions are valid: nothing traversed or copied, no Subscript."		tests/basis/fn/mono_array2_fn.sml:699-702	1	tests	<name>.appi/nothing-RowMajor-rows-at-the-end, <name>.appi/nothing-RowMajor-cols-at-the-end, <name>.foldi/nothing-RowMajor-zero-nrows-ncols-at-the-end, <name>.modifyi/nothing-ColMajor-zero-ncols, <name>.copy/nothing-rows-at-the-end, <name>.copy/nothing-to-the-end-of-dst		yes		testsB	
78	MONO_ARRAY_SLICE	<Mono>ArraySlice.copy	Reading	note	Same overlap-safe copy direction for all monomorphic array slices.		lib/basis/mono_array_slice_fn.sml:64-65	1	lib-body			no		lib	
79	NET_HOST_DB	NetHostDB.fromString	Reading	note	The forms a, a.b, a.b.c are read as inet_aton reads them: a single part is 32 bits, the last of two parts 24 bits, the last of three 16 bits.		tests/basis/netdb.sml:38-40	1	tests	NetHostDB.fromString/one-part, NetHostDB.fromString/two-parts, NetHostDB.fromString/three-parts		yes		testsA	
80	NET_HOST_DB	NetHostDB.fromString	Reading	note	"""As specified in the C language"" is read as: 0x or 0X begins a hexadecimal constant, a leading 0 an octal one."		tests/basis/netdb.sml:50-52	1	tests	NetHostDB.fromString/hexadecimal, NetHostDB.fromString/octal, NetHostDB.fromString/zeros		yes		testsA	
81	OS_FILE_SYS / OS	OS.FileSys.access	Reading	note	A_EXEC is accepted; whether the file counts as executable is up to the system (and a privileged process may access anything).	[testsA] A_EXEC must be accepted; whether a plain file counts as executable is up to the system, so only acceptance is checked here.	tests/basis/os.filesys.sml:358-360	1	tests	OS.FileSys.A_EXEC/accepted	OS.FileSys.access/*	yes	no	mine,testsA	116
82	OS	OS.FileSys.hash	Reading	note	"""Well distributed modulo 2^n"" is checked only minimally: sixteen files must not all share bit 0, and the same object gets the same hash."		tests/basis/os.filesys.sml:429-431	1	tests	OS.FileSys.hash/same-object, OS.FileSys.hash/spread		yes		testsA	
83	OS	OS.FileSys.readDir	Reading	note	Once the directory stream is empty it stays empty: repeated readDir calls keep returning NONE.		tests/basis/os.filesys.sml:88-89	1	tests	OS.FileSys.readDir/NONE-at-the-end		yes		testsA	
84	OS	OS.IO.Kind.symlink	Reading	note	Opening a symbolic link opens the file it names, so a stream's descriptor has kind file, not symlink.		tests/basis/os.io.sml:215-217	1	tests	OS.IO.Kind.symlink/opening-follows-the-link		yes		testsA	
85	OS	OS.IO.Kind.tty	Reading	note	A standard descriptor has kind tty exactly when Posix.ProcEnv.isatty says it is a terminal.		tests/basis/os.io_std.sml:43-44	1	tests	OS.IO.Kind.tty/standard-descriptors		yes		testsA	
86	OS	OS.IO.compare	Reading	note	fdToIOD of Posix stdin is the same iodesc (equal, same hash, compare EQUAL) as the one under TextIO.stdIn's reader.		tests/basis/os.io_std.sml:54-55	1	tests	OS.IO.hash/TextIO.stdIn-is-Posix-stdin, OS.IO.compare/TextIO.stdIn-is-Posix-stdin, OS.IO.compare/TextIO.stdIn-equals-Posix-stdin		yes		testsA	
87	OS	OS.IO.hash	Reading	note	"""Well distributed"" is checked only as: four open descriptors do not all have one hash."		tests/basis/os.io.sml:103-104	1	tests	OS.IO.hash/not-constant		yes		testsA	
88	OS	OS.IO.pollDesc	Reading	note	"For TextIO.stdIn pollDesc may return NONE (""no polling supported""); if SOME, pollToIODesc gives the descriptor back."		tests/basis/os.io_std.sml:33	1	tests	OS.IO.pollDesc/TextIO.stdIn		yes		testsA	
89	OS	OS.IO.pollIn	Reading	note	pollIn gives a different poll_desc from the bare one, and adding the condition twice equals adding it once.		tests/basis/os.io.sml:121-122	1	tests	OS.IO.pollIn/adds-a-condition, OS.IO.pollIn/twice, OS.IO.pollOut/adds-a-condition		yes		testsA	
90	OS	OS.IO.pollIn	Reading	note	"Input from (and output to) a regular file counts as ""appropriate"", so Poll must not be raised."		tests/basis/os.io.sml:127-128	1	tests	OS.IO.pollIn/file-no-Poll, OS.IO.pollOut/file-no-Poll		yes		testsA	
91	OS	OS.IO.pollOut	Reading	note	The order in which conditions are added does not matter, and an output poll_desc differs from an input one.		tests/basis/os.io.sml:198-199	1	tests	OS.IO.pollOut/commutes-with-pollIn, OS.IO.pollOut/differs-from-pollIn		yes		testsA	
92	OS	OS.IO.pollPri	Reading	note	pollPri on a regular file may raise Poll; if it is accepted, poll reports no high-priority data. Both accepted.		tests/basis/os.io.sml:164	1	tests	OS.IO.pollPri/file		yes		testsA	
93	OS	OS.Path.fromString	Reading	note	"The law ""fromString o toString is the identity"" excludes the absolute path without arcs, which no string produces; a Path exception also counts as holding."		tests/basis/os.path.sml:298-300	1	tests	OS.Path.fromString/inverts-toString-random		yes		testsA	
94	OS / OS_PATH	OS.Path.joinDirFile	Reading	note	joinDirFile undoes splitDirFile on every row of the page's table except the empty path.	"[lib] Exact inverse of splitDirFile: a trailing empty arc of dir is dropped, so ""/""+""b"" is ""/b"" and ""/""+"""" is ""/""."	lib/basis/ospath.sml:65-66; tests/basis/os.path.sml:127-128	2	lib-body,tests	OS.Path.joinDirFile/row-<path>		yes		lib,testsA	
95	OS	OS.Path.mkRelative	Reading	note	"""Equivalent to the path"" is checked only for canonical paths with at least one arc below the root: mkAbsolute gives p back."		tests/basis/os.path.sml:367-369	1	tests	OS.Path.mkAbsolute/inverts-mkRelative-random, OS.Path.mkRelative/is-relative-random		yes		testsA	
96	OS	OS.Path.splitBaseExt	Reading	note	"""Everything to the left of the extension"" includes empty arcs: the base keeps ""a//c"" and ""//c"" unchanged."		tests/basis/os.path.sml:168-169	1	tests	OS.Path.splitBaseExt/empty-arc, OS.Path.splitBaseExt/root-empty-arc		yes		testsA	
97	OS	OS.Process.getEnv	Reading	note	"The variable's whole name must match: not a name that merely begins with a set name, and not a name with ""=value"" attached."		tests/basis/os.process.sml:106-107	1	tests	OS.Process.getEnv/name-that-extends-a-set-name, OS.Process.getEnv/name-with-value-attached		yes		testsA	
98	OS	OS.Process.getEnv	Reading	note	The command run by system inherits the environment getEnv reads, and cannot change this process's environment.		tests/basis/os.process.sml:166	1	tests	OS.Process.getEnv/agrees-with-the-shell, OS.Process.getEnv/not-set-by-a-command		yes		testsA	
99	OS	OS.Process.isSuccess	Reading	note	A command ended by a signal has not succeeded (from Unix: isSuccess is true only when fromStatus is W_EXITED).		tests/basis/os.process.sml:130-131	1	tests	OS.Process.isSuccess/killed-by-signal		yes		testsA	
100	OS	OS.Process.system	Reading	note	A real shell runs the command (redirection, sequencing, variables) in the current directory, and system returns only when the command is done.		tests/basis/os.process.sml:134-135	1	tests	OS.Process.system/shell-redirection, OS.Process.system/current-directory, OS.Process.system/shell-syntax, OS.Process.system/status-of-last-command, OS.Process.system/status-of-and-list, OS.Process.system/waits-for-the-command		yes		testsA	
101	OS	OS.Process.system	Reading	note	The page is silent on this: output the process has buffered is neither lost nor duplicated by running a command.		tests/basis/os.process.sml:152-153	1	tests	OS.Process.system/keeps-buffered-output		yes		testsA	
102	OS	OS.errorName	Reading	note	"""Unique name"" is read as: one condition gives one error and one name whichever function met it, and different errors have different names."		tests/basis/os.process_os.sml:67-69	1	tests	OS.errorName/same-condition, OS.syserror/same-condition, OS.errorName/different-errors, OS.errorMsg/same-error-same-message		yes		testsA	
103	OS_IO	OS.IO.kind; OS.IO.iodesc_kind, Kind	Reading	note	A descriptor may have a kind not in Kind ('a given implementation may define other iodesc values'); Rune's iodesc_kind is `Kind of string`.	[lib] iodesc_kind = Kind of string: the seven named kinds, with room for others.	lib/basis/osio.sml:13; tests/basis/os.io_std.sml:29-31	2	lib-body,tests	OS.IO.kind/TextIO.stdIn		yes	no	lib,mine	39
104	OS_IO	OS.IO.poll (closed descriptor); OS.IO.poll	Reading	note	A closed descriptor raises SysErr (each descriptor is looked at first; the system would report it ready); MLton gives [].	[lib] Timeout NONE waits indefinitely; each descriptor is checked first so a closed one raises SysErr instead of being reported ready.	docs/basis-compat.md:273-274; lib/basis/osio.sml:56-61	2	docs,lib-body	OS.IO.poll/closed*		yes	no (mlton HOST-BUG)	lib,mine	120
105	OS_PATH	OS.Path.concat	Reading	note	Appends q's arcs to p; a p ending in the parent arc keeps it (no cancellation).		lib/basis/ospath.sml:125-126	1	lib-body			no		lib	
106	OS_PATH	OS.Path.concat	Reading	note	A trailing empty arc of the first path is absorbed when joining.		lib/basis/ospath.sml:134	1	lib-body			no		lib	
107	OS_PATH	OS.Path.fromString	Reading	note	"""/"" gives arcs [""""], ""//"" gives ["""",""""], ""a/"" gives [""a"",""""]; """" gives no arcs."		lib/basis/ospath.sml:23	1	lib-body			no		lib	
108	OS_PATH	OS.Path.getParent	Reading	quote-only	Quote only: getParent path = path iff path is a root.		lib/basis/ospath.sml:176	1	lib-body			no		lib	
109	OS_PATH	OS.Path.getParent	Reading	note	"For a path ending in a separator the parent arc is appended after it: ""a/"" gives ""a/.."", ""a///"" gives ""a///..""."		lib/basis/ospath.sml:192-193	1	lib-body			no		lib	
110	OS_PATH	OS.Path.isRoot	Reading	note	"""/"" is a root, ""//"" is not (its last arc is the empty one)."	"[lib] Only ""/"" is a canonical root; ""//"" is not, because its last arc is empty."	lib/basis/ospath.sml:40-41; tests/basis/os.path.sml:258	2	lib-body,tests		OS.Path.isRoot/*	no	no	lib,mine	27
111	OS_PATH	OS.Path.mkAbsolute, mkRelative	Reading	note	Path is raised when relativeTo is not absolute, even if path is already absolute (mkAbsolute) or already relative (mkRelative).		lib/basis/ospath.sml:139-140	1	lib-body			no		lib	
112	OS_PATH	OS.Path.mkCanonical, isCanonical; OS.Path.mkCanonical	Reading	note	"""/."" canonicalises to ""/"" ('redundant current arcs are removed') although the page's list has ""/."" as canonical; all systems agree."	"[lib] Redundant parent, current and empty arcs are removed; the empty path canonicalises to "".""."	lib/basis/ospath.sml:102-103; tests/basis/os.path.sml:200-204	2	lib-body,tests	OS.Path.isCanonical/example-root-current-arc		yes	no -- NOT in basis-compat	lib,mine	26
113	OS_PATH	OS.Path.mkRelative	Reading	note	"relativeTo is canonicalised first; path's arcs are kept verbatim including a trailing empty arc (""/a/b/"" vs ""/a/c"" gives ""../b/""); root alone has none."		lib/basis/ospath.sml:146-150	1	lib-body			no		lib	
114	OS_PATH	OS.Path.splitBaseExt	Reading	quote-only	"Quote only: the extension is the non-empty text after the right-most non-initial ""."" in the last arc."		lib/basis/ospath.sml:76-77	1	lib-body			no		lib	
115	OS_PATH	OS.Path.splitDirFile	Reading	quote-only	Quote only: the file part is the last arc.		lib/basis/ospath.sml:47	1	lib-body			no		lib	
116	OS_PROCESS	OS.Process.exit	Reading	note	"""Flushes and closes all I/O streams"": the library flushes only streams over user-supplied writers still holding output; the VM flushes file streams."		lib/basis/runeexit.sml:11-14	1	lib-body			no		lib	
117	OS_PROCESS	OS.Process.sleep	Reading	note	Negative time is not tested (SML/NJ never returns, Poly/ML 5.7.1 raises SysErr); spec: returns immediately.	[lib] Quote only: zero or negative time returns immediately without an exception.	lib/basis/os.sml:35-36; tests/basis/os.process.sml:176-184	2	lib-body,tests		none	no	no	lib,mine	38
118	OS_PROCESS	OS.Process.system	Reading	note	Returns the command's termination status as the status int; failure to run raises SysErr.		lib/basis/os.sml:27	1	lib-body			no		lib	
119	PACK_REAL	PackReal*.subVec, subArr	Reading	quote-only	Quote only: Subscript if the vector is shorter than bytesPerElem; otherwise the first bytesPerElem bytes are used.		lib/basis/pack_real.sml:17-18	1	lib-body			no		lib	
120	PACK_REAL	PackReal32*.subVec, subArr	Reading	note	Same reading for the 32-bit structures.		lib/basis/pack_real32.sml:42-43	1	lib-body			no		lib	
121	PACK_WORD	PackWord*.subVec etc.	Reading	note	Subscript test (i<0 or length < bytesPerElem*(i+1)) is evaluated without the product, so a huge i gives Subscript, not Overflow.		lib/basis/pack_word.sml:12-13	1	lib-body			no		lib	
122	PACK_WORD	PackWord*.subVecX, subArrX	Reading	quote-only	Quote only: the sign (most significant) bit is extended.		lib/basis/pack_word.sml:23	1	lib-body			no		lib	
123	PACK_WORD	PackWord*.update	Reading	quote-only	Quote only: stores the bytesPerElem low-order bytes of w.		lib/basis/pack_word.sml:34	1	lib-body			no		lib	
124	POSIX_ERROR	Posix.Error (which error); Posix.Error.notempty	Reading	note	Which error a failing call reports is POSIX's; rmdir of a non-empty dir may be EEXIST or ENOTEMPTY.	[testsA] For rmdir of a non-empty directory POSIX allows EEXIST or ENOTEMPTY; the test accepts both.	tests/basis/posix_error.sml:3-10,137	2	tests	Posix.Error.notempty/rmDir-nonempty		yes	no	mine,testsA	42
125	POSIX_ERROR	Posix.Error.pipe	Reading	note	Writing to a pipe nobody reads either ends the writer with Signal.pipe or, if that signal is ignored or caught, fails with error pipe; both accepted.		tests/basis/posix_error.sml:205-206	1	tests	Posix.Error.pipe/write-without-reader		yes		testsA	
126	POSIX_ERROR	Posix.Error.syserror	Reading	note	SOME e = syserror (errorName e) holds for every errno: the POSIX table names plus the names errorName invents for the others.		lib/basis/posix_error.sml:41-42	1	lib-body			no		lib	
127	POSIX_FILE_SYS	Posix.FileSys.O.noctty	Reading	borderline	A regular file never becomes a controlling terminal, so O.noctty is only checked to leave reading unaffected.		tests/basis/posix_filesys.sml:164	1	tests	Posix.FileSys.O.noctty/regular-file		yes		testsA	
128	POSIX_FILE_SYS	Posix.FileSys.ST.ctime	Reading	note	utime changes the file's status time to now, not to the times given (checked with 2 s slack).		tests/basis/posix_filesys_stat.sml:201	1	tests	Posix.FileSys.ST.ctime/after-utime		yes		testsA	
129	POSIX_FILE_SYS	Posix.FileSys.chmod	Reading	note	The umask applies to files that are created, not to chmod.		tests/basis/posix_filesys.sml:321-322	1	tests	Posix.FileSys.chmod/not-masked		yes		testsA	
130	POSIX_FILE_SYS	Posix.FileSys.chown	Reading	note	chown and fchown are only checked where an unprivileged process can: to the owner and group the file already has.		tests/basis/posix_filesys.sml:344	1	tests	Posix.FileSys.chown/to-current-owner, Posix.FileSys.chown/owner-is-process, Posix.FileSys.fchown/to-current-owner		yes		testsA	
131	POSIX_FILE_SYS	Posix.FileSys.createf	Reading	note	createf on an existing file opens it as it is: contents and mode are kept, since the page only speaks of creating when the file does not exist.		tests/basis/posix_filesys.sml:220-221	1	tests	Posix.FileSys.createf/existing-file, Posix.FileSys.createf/existing-mode-kept, Posix.FileSys.createf/with-trunc		yes		testsA	
132	POSIX_FILE_SYS	stat, lstat, chmod, chown, utime, pathconf	Reading	note	"An empty path raises SysErr (ENOENT), as the system would, although internally """" means ""use the descriptor""."		lib/basis/posix_filesys.sml:21-23	1	lib-body			no		lib	
133	POSIX_IO	Posix.IO (FD.cloexec, getlk)	Reading	note	Two behaviours come from POSIX rather than the page: a new descriptor has cloexec clear; a process's own locks never block it (getlk gives F_UNLCK).		tests/basis/posix_io.sml:2-12	1	tests		Posix.IO.*	no	no	mine	41
134	POSIX_IO	Posix.IO.dup	Reading	borderline	"""Lowest one available"" is pinned by closing a just-opened descriptor: dup must return that same number, since open also returns the lowest."		tests/basis/posix_io.sml:213-214	1	tests	Posix.IO.dup/lowest-available		yes		testsA	
135	POSIX_IO	Posix.IO.getlk; Posix.IO.getlk, setlk, setlkw	Reading	note	When no lock blocks the described one, POSIX reports that as ltype F_UNLCK; the process's own lock does not block.	[lib] Returns the lock in the way (with its holder's pid), or the argument with type F_UNLCK when nothing blocks.	lib/basis/posix_io.sml:73-74; tests/basis/posix_io.sml:495-496	2	lib-body,tests	Posix.IO.getlk/own-lock-does-not-block, Posix.IO.getlk/no-lock		yes		lib,testsA	
136	POSIX_IO	Posix.IO.readVec, readArr	Reading	note	Reads at most n bytes; end of file gives the empty vector, told apart from failure by errno; n<0 raises Size.		lib/basis/posix_io.sml:38	1	lib-body			no		lib	
137	POSIX_PROCESS	Posix.Process.W.fromWord	Reading	quote-only	Quote: toWord o fromWord = andb with all; all is just untraced.		lib/basis/posix_process.sml:55	1	lib-body			no		lib	
138	POSIX_PROCESS	Posix.Process.W.untraced	Reading	note	Without W.untraced, waitpid_nh does not report a stopped child (returns NONE).		tests/basis/posix_process.sml:207-209	1	tests	Posix.Process.W.untraced/waitpid-without-it		yes		testsA	
139	POSIX_PROCESS	Posix.Process.alarm	Reading	note	An alarm of zero seconds requests none (per POSIX), so it cancels the outstanding alarm and returns the remaining time.		tests/basis/posix_process.sml:299-303	1	tests	Posix.Process.alarm/none-outstanding, Posix.Process.alarm/remaining, Posix.Process.alarm/cancelled		yes		testsA	
140	POSIX_PROCESS	Posix.Process.exec	Reading	note	The first item of args is the new program's argument 0, passed as given rather than replaced by the path.		tests/basis/posix_process.sml:120-122	1	tests	Posix.Process.exec/args, Posix.Process.exec/argument-0		yes		testsA	
141	POSIX_PROCESS	Posix.Process.exec	Reading	note	For exec and exece the path is a pathname: a name without a slash is not looked for on PATH, and the call raises SysErr.		tests/basis/posix_process.sml:143-145	1	tests	Posix.Process.exec/not-searched		yes		testsA	
142	POSIX_PROCESS	Posix.Process.fork	Reading	quote-only	Quote only: NONE in the child, SOME pid in the parent.		lib/basis/posix_process.sml:27	1	lib-body			no		lib	
143	POSIX_PROCESS	Posix.Process.sleep	Reading	note	Result not specified by the page: POSIX's 'time left' is taken.		tests/basis/posix_process.sml:330-333	1	tests	Posix.Process.sleep/one-second, Posix.Process.sleep/zero		yes	no	mine	40
144	POSIX_PROC_ENV	Posix.ProcEnv.getlogin	Reading	note	Without a terminal the system may not know the login name: either OS.SysErr, or a name that is a user of the system; both accepted.		tests/basis/posix_procenv.sml:146-148	1	tests	Posix.ProcEnv.getlogin/user-or-SysErr		yes		testsA	
145	POSIX_PROC_ENV	Posix.ProcEnv.setsid	Reading	note	The process group ID setsid returns is then the caller's own pid; a process group leader cannot call it (SysErr).		tests/basis/posix_procenv.sml:136-138	1	tests	Posix.ProcEnv.setsid/child, Posix.ProcEnv.setsid/group-leader-raises		yes		testsA	
146	POSIX_PROC_ENV	Posix.ProcEnv.setuid	Reading	note	Setting the uid or gid to the one the process already has is allowed and changes nothing.		tests/basis/posix_procenv.sml:58-59	1	tests	Posix.ProcEnv.setuid/own, Posix.ProcEnv.setgid/own		yes		testsA	
147	POSIX_PROC_ENV	Posix.ProcEnv.sysconf	Reading	note	A variable without a limit (sysconf gives ~1, errno untouched) raises SysErr like an unsupported one.	[lib] Unsupported names raise SysErr; a variable with no limit (sysconf gives ~1, errno untouched) also raises SysErr, with NONE as the error.	lib/basis/posix_procenv.sml:76-78; tests/basis/posix_procenv.sml:272-273	2	lib-body,tests		Posix.ProcEnv.sysconf/*	no	no	lib,mine	43
148	POSIX_SYS_DB	Posix.SysDB.getpwnam …; getpwnam, getpwuid, getgrnam, getgrgid	Reading	note	A missing user/group raises OS.SysErr although the C library reports it without an errno.	"[lib] libc reports a missing user or group without errno; Rune raises SysErr (""no such user""/""no such group"", NONE)."	lib/basis/posix_sysdb.sml:11-12	1	lib-body	Posix.SysDB.getpwnam/unknown*		yes	no	lib,mine	124
149	POSIX_SYS_DB	getpwnam, getgrnam	Reading	note	"An empty name raises SysErr at once, because the primitive would treat """" as ""look up by number""."		lib/basis/posix_sysdb.sml:47-48	1	lib-body			no		lib	
150	POSIX_TTY	Posix.TTY.I	Reading	note	The page is silent on flag bits; the test follows POSIX: every named I and L flag has non-zero bits of its own inside `all`. Bits are compared through SysWord, not allSet/anySet.		tests/basis/posix_tty.sml:64-67	1	tests	Posix.TTY.L.echo/disjoint, Posix.TTY.C.cs5/in-csize	Posix.TTY.I.brkint/own-bit (and the other I.*/own-bit), Posix.TTY.L.echo/own-bit (and the other L.*/own-bit)	yes		testsB	
151	POSIX_TTY	Posix.TTY.TC	Reading	note	Without a terminal, the TC operations on a non-terminal descriptor are expected to fail with OS.SysErr (POSIX ENOTTY); the page does not say so.		tests/basis/posix_tty.sml:2-9	1	tests	Posix.TTY.TC.getattr/not-a-terminal, Posix.TTY.TC.setattr/not-a-terminal, Posix.TTY.TC.sendbreak/not-a-terminal, Posix.TTY.TC.drain/not-a-terminal, Posix.TTY.TC.flush/not-a-terminal, Posix.TTY.TC.flow/not-a-terminal, Posix.TTY.TC.getpgrp/not-a-terminal, Posix.TTY.TC.setpgrp/not-a-terminal		yes		testsB	
152	POSIX_TTY	Posix.TTY.V	Reading	note	POSIX allows MIN to share its index with EOF and TIME with EOL, so distinctness is only required within each of the two index sets.		tests/basis/posix_tty.sml:35-36	1	tests	Posix.TTY.V.eof/distinct		yes		testsB	
153	POSIX_TTY	Posix.TTY.V.cc	Reading	quote-only	"Quote only: unspecified indices are #""\000""."		lib/basis/posix_tty.sml:62	1	lib-body			no		lib	
154	POSIX_TTY	Posix.TTY.V.update	Reading	note	Returns an updated copy; an index outside [0, nccs) raises Subscript.		lib/basis/posix_tty.sml:56-57	1	lib-body			no		lib	
155	PRIM_IO	PRIM_IO.augmentReader	Reading	note	What the table cannot synthesize stays absent: no non-blocking read without canInput or an NB operation, no blocking read without block or a blocking operation.		tests/basis/fn/prim_io_fn.sml:337-339	1	tests	<name>.augmentReader/no-readVecNB-from-readVec-alone, <name>.augmentReader/no-readVec-from-readVecNB-alone		yes		testsB	
156	PRIM_IO	PRIM_IO.openVector	Reading	note	For a vector reader data is always there, so readVecNB is expected to be present and always SOME, with SOME of the empty vector at the end.		tests/basis/fn/prim_io_fn.sml:203-205	1	tests	<name>.openVector/readVecNB		yes		testsB	
157	PRIM_IO	PrimIO readers/writers after close	Reading	note	After close every reader function except close and getPos (writer: except close) raises Io with cause ClosedStream.		lib/basis/primio_fn.sml:59-63	1	lib-body			no		lib	
158	PRIM_IO	RD/WR operations after close	Reading	note	Page says both 'raise IO.Io with cause ClosedStream' and 'raise IO.ClosedStream'; the checks accept both.		tests/basis/fn/prim_io_fn.sml:40-46	1	tests		<P>.RD/..closed	no	no -- NOT in basis-compat	mine	22
159	PRIM_IO	nullRd, nullWr	Reading	note	nullRd is always at end-of-stream, nullWr a sink; once closed they behave as any closed reader or writer.		lib/basis/primio_fn.sml:103-105	1	lib-body			no		lib	
160	PRIM_IO	vector_slice, array_slice	Reading	note	Page leaves them abstract in TextPrimIO/BinPrimIO; every implementation (and Rune) makes them the slices of the vector/array structures, which the tests rely on.		tests/basis/spec-sigs/PRIM_IO.sml:9-11; tests/basis/io_primio_sig.sml:3-15	2	spec-sigs,tests		section `slices` of io_primio_sig	no	no -- NOT in basis-compat	mine	23
161	REAL	LargeReal	Reading	note	"""structure LargeReal :> REAL"" is read as: at least the precision and range of Real (same radix, precision >=, maxFinite >=, minPos <=)."		tests/basis/real.sml:1065	1	tests	LargeReal.radix/same-as-Real, LargeReal.precision/at-least-Real, LargeReal.maxFinite/at-least-Real, LargeReal.minPos/at-most-Real		yes		testsB	
162	REAL	LargeReal / Real<N>	Reading	note	Real64 = LargeReal equality is not required by the page when LargeReal = Real, but holds on every system; checked.		tests/basis/real_sig.sml:31-33	1	tests			no	no	mine	31
163	REAL	Real.fmt; Real.fromString; Real.scan; Real.toDecimal; Real.fromDecimal	Reading	note	~0.0 is printed with its sign by SCI/FIX/GEN/EXACT (formats say only [~]?); MLton omits it.	"[testsB] GEN ""whichever is shorter"": trailing zeros make scientific notation shorter from ""1E3"" on; ""12345000"" ties with ""1.2345E7"" and fixed-point wins. || [testsB] GEN: digits beyond the maximum number of significant digits become zeros in fixed-point notation (as gcvt does): ""123500"" is shorter than ""1.235E5"". || [testsB] EXACT is taken, through IEEEReal.toString o toDecimal, to be [~]0.d1...dn[E exp] with the fewest digits that read back to the same real. || [testsB] A negative zero is printed with ""~"": ""[~]?"" is the sign of the number, signBit (~0.0) is true, and IEEEReal.toString says so explicitly. || [testsB] ""Too large/too small a magnitude"" also covers an exponent that does not fit an int: the result is inf or 0.0 (0.0 for a zero mantissa), not Overflow. || [testsB] The page's regular expression lost its grouping; restored as [0-9]+(.[0-9]+)?, so a point needs digits after it: ""1."" scans 1.0 and leaves ""."". || [testsB] An exponent needs digits; otherwise the E (and its sign) is not consumed and stays in the stream. || [testsB] ""inf | infinity"" is matched longest first: ""infinity"" is consumed whole, and ""infinit"" gives inf with ""init"" left. || [testsB] In the alternative .[0-9]+ a point also needs digits after it: a bare point, even with a sign or exponent, is no number. || [testsB] For minPos one digit is enough and both 4E~324 and 5E~324 read back as minPos, so either is accepted: only the digit count, exponent, class and sign are checked. || [testsB] fromDecimal is taken to honour the current rounding mode; the check uses a case where the nearest real is also the round-down result."	tests/basis/deviations.txt:105; docs/basis-compat.md:338; tests/basis/real_fmt.sml:172-174,177-178,198-200,225-227,322,346,350,358,366,422-423,545	14	deviations,docs,tests	Real.fmt/SCI-negzero, Real.fmt/FIX-negzero, Real.fmt/EXACT-negzero, Real.fmt/GEN-integral-negzero, Real.fmt/GEN-notation-thousand, Real.fmt/GEN-notation-tie-is-fixed, Real.fmt/GEN-notation-padded, Real.fmt/GEN-notation-padded-integer, Real.fmt/EXACT-half, Real.fmt/EXACT-one, Real.fmt/EXACT-tenth, Real.fmt/EXACT-negative, Real.fmt/EXACT-maxFinite, Real.fmt/EXACT-zero, Real.fromString/huge-exponent, Real.fromString/huge-negative-exponent, Real.fromString/huge-exponent-of-zero, Real.scan/point-without-digits, Real.scan/point-then-exponent, Real.scan/second-point, Real.scan/exponent-without-digits, Real.scan/exponent-sign-without-digits, Real.scan/exponent-letter, Real.scan/nonfinite-infinity-all, Real.scan/nonfinite-infinity-rest, Real.scan/nonfinite-infinit, Real.scan/nonfinite-inf-rest, Real.scan/bare-point, Real.toDecimal/minPos, Real.fromDecimal/TO_NEGINF-negative		yes	mlton:105	mine,testsB	4
164	REAL	Real.fmt	Reading	note	Size for a bad precision is raised when `fmt spec` is evaluated, before a real is supplied.		lib/basis/real.sml:256	1	lib-body			no		lib	
165	REAL	Real.fmt (GEN), toString	Reading	note	"Integral values print without a point (GEN NONE 1.0 = ""1"", 1000.0 = ""1E3""), per 'no decimal point unless a fractional part' and StringCvt's gcvt; Poly/ML prints ""1.0""."		docs/language.md:201; tests/basis/real_fmt.sml:162-164	2	docs,tests	Real.fmt/GEN-integral-one, Real.fmt/GEN-integral-zero		yes	no (polyml HOST-BUG)	mine	30
166	REAL	Real.fmt/toString of NaN; Real.fmt	Reading	note	"NaN is ""nan"" in every format, without a sign."	"[lib] NaN formats as ""nan"" in every format, never with a sign."	lib/basis/real.sml:268	1	lib-body	Real.fmt/*-nan		yes	no	lib,mine	123
167	REAL	Real.fromLargeInt	Reading	note	"""The current rounding mode is used"" is checked under the default mode only: to nearest, ties to even, with the low (sticky) bits deciding."		tests/basis/real.sml:1021-1022	1	tests	Real.fromLargeInt/tie-rounds-to-even-down, Real.fromLargeInt/tie-rounds-to-even-up, Real.fromLargeInt/sticky-bit, Real.fromLargeInt/tie-without-sticky-bit		yes		testsB	
168	REAL	Real.fromString, scan (Real, Real32); Real.scan, fromString	Reading	note	A numeral is rounded in the CURRENT rounding mode (MLton, C strtod, Rune); SML/NJ and Poly/ML always round to nearest.	[lib] The numeral is handed as text to the C library (strtod): correctly rounded in the current rounding mode; overflow gives infinity, underflow zero.	tests/basis/deviations.txt:161-163,563; docs/language.md:201,266; lib/basis/real.sml:274-277; tests/basis/real_fmt.sml:519-523	6	deviations,docs,lib-body,tests	Real.fromString/TO_NEGINF-negative, Real32.fromString/TO_*	TO_POSINF-*, TO_ZERO-*	yes	smlnj:161-162 polyml:163,563 -- NOT in basis-compat readings table	lib,mine	18
169	REAL	Real.nextAfter; Real32.nextAfter	Reading	note	nextAfter (r, t) with r = t returns r with its sign, also for 0.0 vs ~0.0 (SML/NJ); MLton, Poly/ML return t as C does. Real and Real32.	"[testsB] Zeros compare equal, so nextAfter (r, t) with zeros of opposite sign returns r with r's sign, whereas C's nextafter returns t. || [lib] ""If r = t then it returns r"": nextAfter (~0.0, 0.0) is ~0.0, unlike C's nextafter which returns t. || [testsB] Same reading as Real: with zeros of opposite sign r = t holds, so r is returned with its own sign. || [lib] Same r = t reading as Real (~0.0 for (~0.0, 0.0)); steps by binary32 spacing."	tests/basis/deviations.txt:107-108,556-557; docs/basis-compat.md:339; lib/basis/real.sml:86-87; lib/basis/real32.sml:98-100; tests/basis/real.sml:647-649; tests/basis/real32.sml:133	7	deviations,docs,lib-body,tests	Real.nextAfter/equal-zeros-returns-r*, Real32.nextAfter/equal-zeros-returns-r*, Real.nextAfter/equal-zeros, Real.nextAfter/equal-zeros-returns-r, Real.nextAfter/equal-zeros-returns-r-positive, Real32.nextAfter/equal-zeros-returns-r, Real32.nextAfter/equal-zeros-returns-r-positive		yes	mlton:107,556 polyml:108,557	lib,mine,testsB	5
170	REAL	Real.realFloor	Reading	note	The page is silent on the sign of a zero result of realFloor/realCeil/realTrunc/realRound; the test takes IEEE 754: the sign of the operand is kept (~0.0).		tests/basis/real.sml:736-737	1	tests	Real.realFloor/negzero-sign, Real.realCeil/negzero-sign, Real.realTrunc/negzero-sign, Real.realRound/negzero-sign		yes		testsB	
171	REAL	Real.rem	Reading	note	The sign of a zero remainder is left open ('same sign as x' vs x - n*y = +0); not checked.	"[testsB] x - n*y gives +0 while ""same sign as x"" would give ~0: the sign of a zero remainder is left open, and the test only checks that it equals 0.0."	tests/basis/real.sml:192-193	1	tests	Real.rem/exact-multiple-negative-x, Real.rem/law-sign-and-magnitude		yes	no	mine,testsB	28
172	REAL	Real.rem	Reading	note	x - n*y with n = trunc(x/y), computed exactly; NaN for infinite x or zero y; x for infinite y.		lib/basis/real.sml:58	1	lib-body			no		lib	
173	REAL	Real.round, realRound	Reading	note	Ties go to even for realRound too (page states the tie rule under round only; IEEE round-to-integral agrees).		tests/basis/real.sml:720-722	1	tests	Real.realRound/tie-half, Real.realRound/tie-one-and-half, Real.realRound/tie-two-and-half		yes	no (polyml HOST-BUG)	mine	29
174	REAL	Real.signBit	Reading	note	Reports the sign bit of zeros and NaNs too.		lib/basis/real.sml:35	1	lib-body			no		lib	
175	REAL	Real.split, realMod	Reading	note	whole and frac carry the sign of r; an infinity has fraction zero.		lib/basis/real.sml:78	1	lib-body			no		lib	
176	REAL	Real.toManExp	Reading	note	"""1.0 <= man * radix < radix"" is read as 0.5 <= |man| < 1.0 for radix 2, the frexp convention."		tests/basis/real.sml:528-529	1	tests	Real.toManExp/one, Real.toManExp/eight, Real.toManExp/three-quarters, Real.toManExp/negative, Real.toManExp/minPos, Real.toManExp/subnormal		yes		testsB	
177	REAL	Real32.fmt	Reading	quote-only	Quote: Size is raised when fmt spec is evaluated.		lib/basis/real32.sml:159	1	lib-body			no		lib	
178	REAL	Real32.fromString; Real32.scan, fromString	Reading	note	A decimal numeral is rounded once, directly to binary32, not first to binary64: a value just above a binary32 tie that binary64 would round away rounds up.	[lib] strtof on the text with its sign, rounded once in the current rounding mode.	lib/basis/real32.sml:165-166; tests/basis/real32.sml:205-206	2	lib-body,tests	Real32.fromString/rounded-once		yes		lib,testsB	
179	SML90	SML90.Sqrt, Ln, Ord, Io, Interrupt, Quot; SML90	Reading	note	Page is gone. Arithmetic exceptions are Overflow, Mod is Div, Sqrt/Ln/Ord/Io/Interrupt are exceptions of their own (MLton); Poly/ML makes Sqrt/Ln Overflow. Whether Quot is Overflow or Div is not checked.	[lib] As MLton and Poly/ML: arithmetic exceptions alias Overflow, Mod is Div; Sqrt, Ln, Ord, Io, Interrupt are new; sqrt, ln, ord and stream functions raise them.	tests/basis/deviations.txt:549-550; docs/language.md:267; lib/basis/sml90.sml:1-5; tests/basis/spec-sigs/SML90.sml:1-4; tests/basis/sml90.sml:2-7	5	deviations,docs,lib-body,spec-sigs,tests	SML90.Sqrt/new, SML90.Ln/new		yes	polyml:549-550 -- NOT in basis-compat readings table	lib,mine	19
180	SML90	SML90.lookahead	Reading	note	"Returns """" at end of stream, the same as for a closed stream."		lib/basis/sml90.sml:44	1	lib-body			no		lib	
181	SOCKET	Socket.AF.fromString	Reading	note	"Family names are taken to be the C constants without the leading ""AF_"" (""INET"", ""UNIX""); ""AF_INET"" gives NONE."		tests/basis/socket.sml:37-38	1	tests	Socket.AF.fromString/with-AF_-prefix, Socket.AF.fromString/unknown, Socket.AF.fromString/empty		yes		testsB	
182	SOCKET	Socket.Ctl (defaults, setDEBUG, buffer sizes); Socket.Ctl; Socket.Ctl.setDEBUG	Reading	note	Defaults are the C socket interface's (flags off); setDEBUG tried with false only (needs privileges); buffer sizes checked to be at least what was asked.	[testsB] The page gives no defaults for the options; the test takes those of the C socket interface: every flag starts off. || [testsB] setDEBUG is only tried with false: turning SO_DEBUG on needs privileges (Linux answers EACCES).	tests/basis/socket_ctl.sml:3-11	1	tests	Socket.Ctl.getDEBUG/default, Socket.Ctl.getREUSEADDR/default, Socket.Ctl.getKEEPALIVE/default, Socket.Ctl.getDONTROUTE/default, Socket.Ctl.getBROADCAST/default, Socket.Ctl.getOOBINLINE/default, Socket.Ctl.setDEBUG/off	Socket.Ctl.setSNDBUF/*	yes	no	mine,testsB	118
183	SOCKET	Socket.Ctl.setLINGER	Reading	note	Time is raised for a negative time or one of 2^31 seconds or more, since the system keeps seconds in a C int.		lib/basis/socket.sml:254-255	1	lib-body			no		lib	
184	SOCKET	Socket.recvVec (n = 0); Socket.recvVec, recvVecNB (and ' forms)	Reading	note	'if n is 0 the empty vector is returned': at once, only checking that the socket is open (the system would wait).	[lib] Size if n<0 or n>Word8Vector.maxLen; n=0 returns the empty vector without waiting, only checking that the socket is open.	docs/language.md:223; lib/basis/socket.sml:174-177	2	docs,lib-body	Socket.recvVec/zero*		yes	no	lib,mine	119
185	SOCKET	Socket.recvVecNB	Reading	note	As recvVec (sock, 0) gives the empty vector without waiting, recvVecNB (sock, 0) is SOME of the empty vector, not NONE, even when no data is there.		tests/basis/socket_io.sml:193	1	tests	Socket.recvVecNB/zero		yes		testsB	
186	SOCKET	Socket.select	Reading	note	"Built on OS.IO.poll; a negative timeout raises SysErr (EINVAL) rather than meaning ""no timeout""."		lib/basis/socket.sml:273-275	1	lib-body			no		lib	
187	SOCKET	Socket.shutdown	Reading	note	"Beyond ""further sends will be disallowed"": the peer of a socket shut down with NO_SENDS sees the end of the stream, after the data sent before."		tests/basis/socket.sml:261-264	1	tests	Socket.shutdown/NO_SENDS-peer-sees-the-end, Socket.NO_SENDS/data-sent-before-arrives, Socket.NO_RECVS_OR_SENDS/peer-sees-the-end, Socket.shutdown/unix-NO_SENDS		yes		testsB	
188	STREAM_IO	STREAM_IO.filePosIn	Reading	note	"""Does not support the operation"" = the reader lacks getPos/setPos; the cause of the Io is taken from io.html: RandomAccessNotSupported."		tests/basis/fn/stream_io_fn.sml:453-455	1	tests	<name>.filePosIn/Io-without-positions, <name>.filePosIn/Io-cause		yes		testsB	
189	STREAM_IO	STREAM_IO.input	Reading	note	From io.html: the Io raised on a reader error carries the reader's exception as cause and the reader's name as name.		tests/basis/fn/stream_io_fn.sml:174-176	1	tests	<name>.input/Io-when-the-reader-fails, <name>.input/Io-name-is-the-reader's		yes		testsB	
190	STREAM_IO	STREAM_IO.inputN; StreamIO.inputN	Reading	note	When fewer than n elements come before an end-of-stream, the returned stream is equivalent to the one of inputAll: immediately past that end-of-stream.	[lib] Fewer than n before end-of-stream: returns them and the stream after that EOS (as inputAll); exactly n ending at EOS leaves the stream before it.	lib/basis/streamio_fn.sml:129-132; tests/basis/fn/stream_io_fn.sml:225-228	2	lib-body,tests	<name>.inputN/fewer-then-past-the-end-of-stream		yes		lib,testsB	
191	STREAM_IO	STREAM_IO.mkOutstream	Reading	note	(marginal, helper) The stream-io table says output needs the augmented writer to implement writeArr, so the test writers get a writeArr made from writeVec and nothing else.		tests/basis/fn/io_script.sml:36-39	1	tests		(helper mkWriter, no label of its own)	no		testsB	
192	STREAM_IO	STREAM_IO.output	Reading	note	Output on a closed or terminated stream raises Io whose cause is, per io.html, ClosedStream, and nothing is written.		tests/basis/fn/stream_io_fn.sml:526-528	1	tests	<name>.output/Io-closed, <name>.output/Io-terminated, <name>.output/Io-terminated-writes-nothing, <name>.output1/Io-closed, <name>.output1/Io-terminated		yes		testsB	
193	STREAM_IO	StreamIO (all operations)	Reading	quote-only	Quote: exceptions from the reader or writer are caught and re-raised as the cause of IO.Io.		lib/basis/streamio_fn.sml:32-34	1	lib-body			no		lib	
194	STREAM_IO	StreamIO.canInput	Reading	note	Counts what is already buffered, then what readVecNB yields (kept, committing the stream to it), else what the reader reports.		lib/basis/streamio_fn.sml:163-166	1	lib-body			no		lib	
195	STREAM_IO	StreamIO.closeIn	Reading	quote-only	Quote: marks closed and closes the reader; closing a truncated or closed stream is allowed.		lib/basis/streamio_fn.sml:87-88	1	lib-body			no		lib	
196	STREAM_IO	StreamIO.closeOut	Reading	note	No effect if already closed; no flush if terminated; a failed flush leaves the stream open.		lib/basis/streamio_fn.sml:297-300	1	lib-body			no		lib	
197	STREAM_IO	StreamIO.filePosIn	Reading	note	A reader with getPos may still not know its position (a pipe); chunks read then carry no position.		lib/basis/streamio_fn.sml:47-49	1	lib-body			no		lib	
198	STREAM_IO	StreamIO.filePosIn	Reading	quote-only	Quote: position of the next element; Io if unsupported or the stream is truncated.		lib/basis/streamio_fn.sml:199-202	1	lib-body			no		lib	
199	STREAM_IO	StreamIO.flushOut	Reading	note	The buffer is emptied before it is handed to the writer, so a failing writer never causes data to be written twice.		lib/basis/streamio_fn.sml:235-237	1	lib-body			no		lib	
200	STREAM_IO	StreamIO.flushOut	Reading	quote-only	Quote: no-op on terminated streams.		lib/basis/streamio_fn.sml:293-294	1	lib-body			no		lib	
201	STREAM_IO	StreamIO.getPosOut	Reading	quote-only	Quote: Io if unsupported, if implicit flushing fails, or if terminated.		lib/basis/streamio_fn.sml:324-325	1	lib-body			no		lib	
202	STREAM_IO	StreamIO.getReader	Reading	quote-only	Quote: truncates, returns the reader plus unconsumed data; Io if closed or truncated.		lib/basis/streamio_fn.sml:92-94	1	lib-body			no		lib	
203	STREAM_IO	StreamIO.getWriter	Reading	quote-only	Quote: flushes, terminates, returns writer and mode; Io if closed or the flush fails.		lib/basis/streamio_fn.sml:315-317	1	lib-body			no		lib	
204	STREAM_IO	StreamIO.input	Reading	note	Returns the rest of the current chunk; at end-of-stream returns empty and moves past that end-of-stream.		lib/basis/streamio_fn.sml:112-113	1	lib-body			no		lib	
205	STREAM_IO	StreamIO.instream	Reading	note	The segment chain continues after an end-of-stream because a file may grow; streams sharing a segment read the same elements.		lib/basis/streamio_fn.sml:1-18	1	lib-body			no		lib	
206	STREAM_IO	StreamIO.output, flushOut	Reading	quote-only	Quote: partial writes are retried until everything is written.		lib/basis/streamio_fn.sml:225-227	1	lib-body			no		lib	
207	STREAM_IO	StreamIO.setBufferMode	Reading	quote-only	Quote: switching to NO_BUF flushes; switching between LINE_BUF and BLOCK_BUF does not.		lib/basis/streamio_fn.sml:307-309	1	lib-body			no		lib	
208	STREAM_IO	StreamIO.setPosOut	Reading	quote-only	Quote: flushes, sets the position recorded in opos, returns the stream.		lib/basis/streamio_fn.sml:333-335	1	lib-body			no		lib	
209	STREAM_IO	functor StreamIO	Reading	note	Streams built with the StreamIO functor treat LINE_BUF as BLOCK_BUF, since no element is known to be a newline.		lib/basis/io_functors.sml:45-46	1	lib-body			no		lib	
210	STREAM_IO	mkOutstream	Reading	note	Spec leaves open whether mkOutstream augments its writer (Poly/ML writes a block buffer with writeArr); the test hands it an augmented writer.		tests/basis/io_functors.sml:49-51	1	tests		none specific	no	no	mine	24
211	STRING	String.^, concat, implode … (Size); String.maxSize	Reading	note	Size is not checked by the suite: it needs strings of about String.maxSize (2^24-1 on one system, > 2^59 on another).	[testsB] Size is not checked for String: it needs about String.maxSize characters, which is 2^24 - 1 on one system and more than 2^59 on another.	tests/basis/string.sml:2-11	1	tests	String.maxSize/positive, String.maxSize/holds-a-long-string	none	yes	no	mine,testsB	121
212	STRING	String.fields, tokens	Reading	note	fields: every delimiter separates (empty fields kept); tokens: delimiter runs collapse and empty pieces vanish.		lib/basis/string.sml:43	1	lib-body			no		lib	
213	STRING	String.fromCString	Reading	note	"\x takes ""the longest sequence"" of hex digits, so \x42C is 1068, no character: conversion stops there rather than reading \x42 then ""C""."		tests/basis/string.sml:400	1	tests	String.fromCString/stops-at-hex-longest-sequence		yes		testsB	
214	STRING	String.fromString	Reading	note	"(marginal) Escaped formatting sequences \f...f\ are passed over and count as scanned, so a string of only such a sequence gives SOME """", also before an illegal escape."		tests/basis/string.sml:307	1	tests	String.fromString/format-inside, String.fromString/format-first, String.fromString/format-last, String.fromString/format-then-illegal-escape, String.fromString/format-unterminated		yes		testsB	
215	STRING	String.fromString	Reading	note	Formatting sequences are skipped around every character.		lib/basis/string.sml:69	1	lib-body			no		lib	
216	STRING	String.fromString, String.scan	Reading	note	Unescaped double quote converts to itself (SML/NJ, Poly/ML, Rune); MLton stops at it.		tests/basis/deviations.txt:57; docs/basis-compat.md:337; tests/basis/string.sml:325-334	3	deviations,docs,tests	String.fromString/unescaped-double-quote	/unescaped-double-quote-first	yes	mlton:57	mine	2
217	STRING	String.fromString, fromCString, scan	Reading	note	"Scans as many characters as possible; NONE only if neither a character nor a formatting sequence could be read (empty input gives SOME """")."		lib/basis/char.sml:119-120	1	lib-body			no		lib	
218	STRING	WideString.fields, tokens	Reading	note	Same fields/tokens reading as String: every delimiter separates; tokens collapse runs and drop empties.		lib/basis/widestring.sml:33-34	1	lib-body			no		lib	
219	STRING	WideString.fromString, fromCString	Reading	note	Reads escapes from 8-bit text, skipping formatting sequences around each character as WideChar.scan does.		lib/basis/widestring.sml:91-92	1	lib-body			no		lib	
220	STRING	WideString.fromString, scan	Reading	note	As many characters as can be read; NONE only when neither a character nor a formatting sequence was read.		lib/basis/widestring.sml:73-75	1	lib-body			no		lib	
221	STRING	WideString.scan	Reading	note	UNRECORDED: WideString.scan over a wide stream STOPS at an unescaped double quote (lib/basis/widestring.sml:136) while String.scan and WideString.fromString convert it -- Rune takes both readings.		lib/basis/widestring.sml:136	1	lib-body		none	no	no	mine	3
222	STRING	WideString.scan	Reading	note	From a wide-character stream, escapes must be spelled with ASCII characters; a character needing no escape stands for itself.		lib/basis/widestring.sml:98-99	1	lib-body			no		lib	
223	STRING (WideString)	WideString.scan (type); WideString.scan; WideString.toString, fromString, toCString, fromCString; WideString, WideSubstring	Reading	note	scan reads a stream of WideChar.char as the STRING page writes it ((char,'a) reader with the structure's own char); MLton's reads 8-bit char.	[testsB] As the STRING signature writes it, WideString.scan reads a stream of wide characters (unlike WideChar.scan, which reads char). || [lib] As the signatures are written, these take/give 8-bit text while scan reads wide characters; characters above 255 appear as \uXXXX or \UXXXXXXXX. || [lib] Optional; WideString.string is WideCharVector.vector and WideSubstring.substring is WideCharVectorSlice.slice.	tests/basis/deviations.txt:580-582; docs/language.md:269; lib/basis/widestring.sml:1-8; tests/basis/widestring.sml:106	4	deviations,docs,lib-body,tests	WideString.scan/reads-wide-characters, WideString.scan/stops-at-a-character-it-cannot-read	@load/widestring_sig, @load/widetext_sig, @section/widestring/text	yes	mlton:580-582 -- NOT in basis-compat readings table	lib,mine,testsB	20
224	STRING_CVT	StringCvt.padLeft	Reading	note	For the smallest int, i - |s| does not exist as an int; s must still be returned (no Overflow).		tests/basis/stringcvt.sml:176	1	tests	StringCvt.padLeft/width-minInt, StringCvt.padRight/width-minInt		yes		testsB	
225	STRING_CVT	StringCvt.padLeft, padRight	Reading	note	Size is raised when the padded width would exceed String.maxSize (1073741823).		lib/basis/stringcvt.sml:22	1	lib-body			no		lib	
226	STRING_CVT	StringCvt.realfmt	Reading	note	The constructors carry any int option, including one that no format accepts (SCI (SOME ~1)); Size belongs to fmt, not to the constructor.		tests/basis/stringcvt.sml:96	1	tests	StringCvt.SCI/carries-negative		yes		testsB	
227	STRING_CVT	StringCvt.scanString	Reading	note	"splitl asks the source of scanString for no more than the one character that stops it (3 reads for ""12abcdef"")."		tests/basis/stringcvt.sml:395	1	tests	StringCvt.scanString/splitl-reads-one-character-ahead		yes		testsB	
228	STRING_CVT	StringCvt.skipWS	Reading	note	Checks that need carriage return, vertical tab and formfeed skipped (the full Char.isSpace) are labelled wsx-*; the others need only space, tab and newline.		tests/basis/stringcvt.sml:284-289	1	tests	StringCvt.skipWS/wsx-every-whitespace-character, StringCvt.skipWS/wsx-exactly-the-six-characters		yes		testsB	
229	STRING_CVT	StringCvt.splitl	Reading	note	"""Will often use lookahead characters"" is pinned as: the character that stops the scan is read, and nothing after it."		tests/basis/stringcvt.sml:237-239	1	tests	StringCvt.splitl/reads-no-further-than-first-failing, StringCvt.skipWS/reads-no-further-than-first-non-whitespace		yes		testsB	
230	STRING_CVT / SUBSTRING	padLeft, padRight, concat (Size); StringCvt.padLeft	Reading	note	Size above String.maxSize is checked only where maxSize <= 2^26 (an implementation that forgets the check would exhaust memory).	[testsB] Size is checked only where String.maxSize <= 2^26 and maxSize + 1 exists as an int; elsewhere the attempt could exhaust memory.	tests/basis/stringcvt.sml:2-15,186-187; tests/basis/substring.sml:2-22	3	tests		StringCvt.padLeft/Size-*, StringCvt.padLeft/Size, StringCvt.padRight/Size, StringCvt.padLeft/Size-empty-string, StringCvt.padRight/Size-empty-string	no	no	mine,testsB	46
231	SUBSTRING	Substring.fields, tokens	Reading	note	fields: every delimiter ends a field; tokens are the non-empty fields.		lib/basis/substring.sml:98	1	lib-body			no		lib	
232	SUBSTRING	Substring.position	Reading	note	For the empty string, m = 0 and s'[i..i-1] is empty, so k = i: pref is empty at i and suff is all of ss.		tests/basis/substring.sml:618	1	tests	Substring.position/empty-string, Substring.position/empty-string-in-empty, Substring.position/empty-string-in-empty-string, Substring.position/empty-string-at-the-end		yes		testsB	
233	SUBSTRING	Substring.position	Reading	note	suff is the longest suffix starting with t, or the empty substring at the end of ss when t does not occur.		lib/basis/substring.sml:81-82	1	lib-body			no		lib	
234	SUBSTRING	Substring.span	Reading	note	"""unless s <> s'"" compares the underlying strings by value (pointer test, then characters): two equal strings built separately count as one base for span."	[lib] Quote only: Span if the base strings differ or i'+n' < i.	lib/basis/substring.sml:91; tests/basis/substring.sml:664-667	2	lib-body,tests	Substring.span/equal-strings-built-separately		yes		lib,testsB	
235	SUBSTRING	Substring.triml, trimr	Reading	note	Position of the empty result when k exceeds the size is left open: only size, base string and containment are checked.		tests/basis/substring.sml:2-22	1	tests		Substring.triml/*, trimr/*	no	no	mine	44
236	SUBSTRING	Substring.triml, trimr	Reading	note	Subscript for negative k is raised when `triml k` is evaluated, before the substring is given.		lib/basis/substring.sml:33	1	lib-body			no		lib	
237	SUBSTRING	WideSubstring.position	Reading	note	Quote plus reading: ss itself and the empty suffix when s does not occur.		lib/basis/widestring.sml:211-213	1	lib-body			no		lib	
238	SUBSTRING	WideSubstring.span	Reading	quote-only	Quote: from the start of ss to the end of ss'; both must come from the same string.		lib/basis/widestring.sml:224-225	1	lib-body			no		lib	
239	TEXT_IO	TextIO file readers	Reading	note	After close, everything except close and getPos raises Io with cause ClosedStream.		lib/basis/textio.sml:74-76	1	lib-body			no		lib	
240	TEXT_IO	TextIO.endOfStream	Reading	note	"endOfStream does not consume the end-of-stream it finds: it stays true until a read consumes it, that read returns """", and only then are new elements seen."		tests/basis/textio.sml:1147-1151	1	tests	TextIO.endOfStream/file-grows-after-end-of-stream		yes		testsB	
241	TEXT_IO	TextIO.flushOut	Reading	note	"Via STREAM_IO (""no-op on terminated streams"", ""a closed stream is also terminated""), flushOut on a closed TextIO outstream is a no-op, not an Io exception."		tests/basis/textio.sml:345-346	1	tests	TextIO.flushOut/closed-stream-is-a-no-op		yes		testsB	
242	TEXT_IO	TextIO.inputAll	Reading	note	Multiple end-of-streams are real for files: a POSIX read returns what was appended after it reported end-of-file, so a second inputAll delivers the appended data.		tests/basis/textio.sml:513-520	1	tests	TextIO.inputAll/file-grows-after-end-of-stream		yes		testsB	
243	TEXT_IO	TextIO.inputLine	Reading	note	An inputLine that returns NONE does not consume the end-of-stream (TEXT_STREAM_IO returns no residual stream), so it keeps returning NONE even after the file grows.		tests/basis/textio.sml:533-535	1	tests	TextIO.inputLine/file-grows-after-end-of-stream		yes		testsB	
244	TEXT_IO	TextIO.openOut, openAppend, stdOut	Reading	note	Mode is LINE_BUF on a tty, else BLOCK_BUF, but the stream buffers nothing: the VM holds the block, so print and stream output stay in order.		lib/basis/textio.sml:109-115	1	lib-body			no		lib	
245	TEXT_IO	TextIO.outputSubstr	Reading	note	"Io {function} of outputSubstr is ""output"" ('equivalent to output') (MLton, Poly/ML); SML/NJ reports outputSubstr."		tests/basis/deviations.txt:88; docs/basis-compat.md:342; tests/basis/textio.sml:982-985	3	deviations,docs,tests	TextIO.outputSubstr/Io-closed-stream-function		yes	smlnj:88	mine	8
246	TEXT_IO	TextIO.print	Reading	quote-only	Quote: output to stdOut, then flushOut stdOut.		lib/basis/textio.sml:142	1	lib-body			no		lib	
247	TEXT_IO	TextIO.scanStream	Reading	note	By the implementation given on the page: the stream advances to where scan stopped on SOME and not at all on NONE.	[lib] The scanner runs on the functional stream; the imperative stream is left where the scan stopped (unchanged on failure).	lib/basis/textio.sml:145-146; tests/basis/textio.sml:993-997	2	lib-body,tests	TextIO.scanStream/number-then-rest	/stops-before-the-first-other-character	yes	no	lib,mine	25
248	TEXT_IO	TextIO.stdErr	Reading	quote-only	Quote: initially unbuffered (NO_BUF).		lib/basis/textio.sml:131	1	lib-body			no		lib	
249	TEXT_IO (WideTextIO)	WideTextIO; WideTextIO, WideTextPrimIO	Reading	note	"Spec names no encoding: files hold UTF-8; an invalid sequence raises Io with cause Fail ""UTF-8"". No host has WideTextIO."	"[lib] The spec is silent on how wide characters reach a file: file streams are TextIO streams in UTF-8; malformed input raises Io with cause Fail ""UTF-8"". || [lib] Optional; file encoding is UTF-8, one to four bytes per code point. || [testsB] Encoding choice: a file holds UTF-8 (h, e-acute, emoji, newline = 1 + 2 + 4 + 1 bytes); streams count characters, files count bytes."	docs/basis-compat.md:225-226; docs/language.md:272; lib/basis/widetextio.sml:1-9; tests/basis/widetextio.sml:2-7,17	5	docs,lib-body,tests	WideTextIO.output/writes-utf-8, WideTextIO.inputAll/reads-utf-8, WideTextIO.inputN/counts-characters-not-bytes	WideTextIO.*	yes	no	lib,mine,testsB	51
250	TEXT_IO	WideTextIO	Reading	note	The transcribed TEXT_IO writes its types as string and char, so WideTextIO is not matched against it; only WideTextPrimIO : PRIM_IO and the type identities are checked.		tests/basis/widetextio_sig.sml:3-6	1	tests	WideTextPrimIO:PRIM_IO/matches, WideTextIO.vector/is-WideString.string, WideTextIO.elem/is-WideChar.char		yes		testsB	
251	TEXT_STREAM_IO	TextIO.StreamIO.inputLine	Reading	note	A final line without newline gets one appended and leaves the stream after the end-of-stream; NONE at end-of-stream.		lib/basis/textio.sml:14-19	1	lib-body			no		lib	
252	TEXT_STREAM_IO	TextIO.StreamIO.outputSubstr	Reading	quote-only	Quote: equivalent to output (strm, Substring.string ss).		lib/basis/textio.sml:39	1	lib-body			no		lib	
253	TEXT_STREAM_IO	WideTextIO.StreamIO.inputLine	Reading	note	Same as TextIO: newline appended at an end-of-stream, NONE when nothing is left.		lib/basis/widetextio.sml:33-34	1	lib-body			no		lib	
254	TIME	Time (resolution, range, zeroTime)	Reading	note	Resolution and range are the implementation's: checks use microsecond-exact times, allow loss below 1 us, accept exact result or exception Time; zeroTime's epoch unspecified.		tests/basis/time.sml:2-15,81-82	2	tests		Time.*/	no	no	mine	36
255	TIME	Time.now	Reading	note	"zeroTime is ""a common reference point""; the test takes it to lie in the past, so now () > zeroTime."		tests/basis/time.sml:283-285	1	tests	Time.now/after-zeroTime		yes		testsB	
256	TIMER	Timer.checkCPUTimer etc.	Reading	note	Only properties are checked (non-negative, monotone, the page's equivalences); a system without CPU accounting may return real time.		tests/basis/timer.sml:2-14	1	tests		Timer.*	no	no	mine	37
257	TIMER	Timer.totalCPUTimer	Reading	note	"The spec's ""system-dependent initialization time"" is taken as process start: the timer's base is zero CPU time."		lib/basis/timer.sml:20-21	1	lib-body			no		lib	
258	UNIX	Unix.execute	Reading	note	The page is silent on the working directory; the test expects the child to run in the current directory.		tests/basis/unix.sml:39	1	tests	Unix.execute/directory		yes		testsB	
259	UNIX	Unix.exit	Reading	note	"Runs the atExit actions, then the VM's exit, which flushes files; taken to satisfy ""flushes and closes all I/O streams""."		lib/basis/unix.sml:111-115	1	lib-body			no		lib	
260	UNIX	Unix.exit_status	Reading	quote-only	Quote: must be the same type as Posix.Process.exit_status; done by datatype replication.		lib/basis/unix.sml:5-6	1	lib-body			no		lib	
261	UNIX	Unix.reap	Reading	note	Closes the streams, waits, and caches the status so repeated calls agree; without W.untraced a merely stopped child does not end the wait.		lib/basis/unix.sml:94-98	1	lib-body			no		lib	
262	UNIX	Unix.signal, exit_status	Reading	note	signal 'would probably' be Posix.Signal.signal: Rune equates them; exit_status must be Posix.Process.exit_status.		docs/language.md:222; tests/basis/spec-sigs/UNIX.sml:3-6; tests/basis/unix.sml:3-12; tests/basis/unix_sig.sml:3-5	4	docs,spec-sigs,tests		Unix:UNIX/*	no	no	mine	48
263	VECTOR_SLICE	VectorSlice.appi	Reading	note	"The index passed by appi/mapi/foldli/foldri/findi is that ""of the corresponding element in the slice"": it starts at 0 whatever the slice's start in its vector."		tests/basis/vectorslice.sml:2-12	1	tests	VectorSlice.appi/index-in-the-slice, VectorSlice.mapi/index-in-the-slice, VectorSlice.findi/by-index, VectorSlice.findi/index-zero		yes		testsB	
264	WORD	WORD.fromString	Reading	note	"A prefix (0wx, 0x) with no digit after it is not part of the number, but its leading 0 is one: ""0wxg"", ""0x"", ""0x 12"" give SOME 0."		tests/basis/fn/word_fn.sml:369	1	tests	<name>.fromString/bare-prefix-0wx-then-non-digit, <name>.fromString/bare-prefix-0wx, <name>.fromString/bare-prefix-0x, <name>.fromString/bare-prefix-0x-then-space, <name>.fromString/prefix-twice		yes		testsB	
265	DATE	Date.date	Deviation	note	Not abstract: a transparent record {year, month, day, hour, minute, second, offset, wday, yday, isDst}; structure unsealed.		lib/basis/date.sml:8-11	1	lib-body			no		lib	
266	IMPERATIVE_IO	functor ImperativeIO	Deviation	note	Result is not ascribed IMPERATIVE_IO (the signature is declared later in load order); it only matches it.		lib/basis/io_functors.sml:1-11	1	lib-body			no		lib	
267	MONO_VECTOR / MONO_ARRAY / MONO_ARRAY2	BoolVector.vector, IntVector.vector … ; arrays; <Mono>Array2; <Mono>Vector.vector; RealVector, RealArray; <Mono>Array2 instances; <Mono>Array.array; BoolVector, BoolArray, slices, BoolArray2; IntVector, IntArray, slices, IntArray2; Int16Vector family; Int32Vector family; Int64Vector family; Int8Vector family; LargeIntVector family; LargeRealVector family; LargeWordVector family; Real32Vector family; Real64Vector family; CharVector, Word8Vector; WordVector family; Word16Vector family; Word32Vector family; Word64Vector family	Deviation	note	A mono vector is a Vector.vector of the elements, a mono array an Array.array, transparently; Int64Vector = IntVector, Word64Vector = LargeWordVector = WordVector, Real64Vector = LargeRealVector = RealVector.	[lib] Traversal and semantics are those of Array2, which the spec requires to exist alongside any MONO_ARRAY2 structure. || [lib] MONO_VECTOR says `type vector`, not eqtype, so element types without equality (RealVector) are allowed. || [lib] Real elements do not admit equality, which MONO_VECTOR and MONO_ARRAY do not demand. || [lib] Not sealed with MONO_ARRAY2 (signature loaded later); the array type is transparently an Array2.array. || [lib] Every monomorphic array is a polymorphic array of its element type. || [lib] Optional family provided; the vector is a polymorphic vector, the array a polymorphic array. || [lib] Optional family provided. || [lib] Optional family provided. || [lib] Optional family provided. || [lib] Optional; identical to the Int family, since Int64 is Int. || [lib] Optional family provided. || [lib] Optional family provided, over IntInf.int. || [lib] Optional; identical to the Real family. || [lib] Optional; identical to the Word family. || [lib] Optional family provided. || [lib] Optional; identical to the Real family. || [lib] A vector of characters or bytes is a string. || [lib] Optional family provided. || [lib] Optional family provided. || [lib] Optional family provided. || [lib] Optional; identical to the Word family.	docs/basis-compat.md:203-205; docs/language.md:245-259; lib/basis/mono_*.sml:1-5; lib/basis/mono_array2_fn.sml:1-8; lib/basis/mono_array_fn.sml:4; lib/basis/mono_bool.sml:1-4; lib/basis/mono_int.sml:1-3; lib/basis/mono_int16.sml:1-2; lib/basis/mono_int32.sml:1-2; lib/basis/mono_int64.sml:1-2; lib/basis/mono_int8.sml:1-2; lib/basis/mono_largeint.sml:1-2; lib/basis/mono_largereal.sml:1-2; lib/basis/mono_largeword.sml:1-2; lib/basis/mono_poly_vector_fn.sml:4-6; lib/basis/mono_real.sml:1-5; lib/basis/mono_real32.sml:1-2; lib/basis/mono_real64.sml:1-2; lib/basis/mono_vector_fn.sml:4; lib/basis/mono_word.sml:1-4; lib/basis/mono_word16.sml:1-2; lib/basis/mono_word32.sml:1-2; lib/basis/mono_word64.sml:1-2	23	docs,lib-body			no	no	lib,mine	55
268	MONO_ARRAY2	BoolArray2 … (sealing)	Deviation	note	The Array2 family structures are not sealed with MONO_ARRAY2 (the generated signature loads after them); they match it.		docs/language.md:245; lib/basis/mono_array2_fn.sml:1-8	2	docs,lib-body		<X>Array2:MONO_ARRAY2/*	no	no	mine	56
269	MONO_VECTOR (WideCharVector)	WideCharVector.vector; WideCharVector	Deviation	note	Sealed with MONO_VECTOR_EQ (vector admits equality) so that WideString.string is a type name string constants overload at.	[lib] Opaquely sealed with MONO_VECTOR_EQ so that WideString.string is a fresh type name (needed to overload wide string constants).	docs/language.md:273; lib/basis/widechar.sml:30-31	2	docs,lib-body		none	no	no	lib,mine	57
270	MONO_VECTOR	Word8Vector.vector, CharVector.vector; CharVector; Word8Vector	Deviation	note	Word8Vector.vector = CharVector.vector = string, transparently (Word8Vector : MONO_VECTOR, not :>): Byte is free, BinIO shares TextIO's streams.	[lib] CharVector.vector is string. || [lib] A vector of bytes is a string.	docs/basis-compat.md:201; docs/language.md:31,236; lib/basis/charvector.sml:1; lib/basis/word8vector.sml:1,2	6	docs,lib-body		none	no	no	lib,mine	54
271	MONO_VECTOR	signature MONO_VECTOR_EQ	Deviation	note	Extra non-spec signature: MONO_VECTOR with an eqtype vector, for families whose vector is a type of its own.		lib/basis/mono_sigs.sml:59-62	1	lib-signature			no		lib	
272	NET_HOST_DB	NetHostDB.in_addr, addr_family; NetHostDB.in_addr	Deviation	note	Transparent: in_addr = string, addr_family = int.	[lib] Represented as canonical dotted-decimal text, which is what the system calls take; equal addresses are equal strings.	lib/basis/netdb.sml:12-14,12	1	lib-body			no		lib	
273	OS / POSIX_ERROR	OS.syserror, Posix.Error.syserror; Posix.Error.syserror	Deviation	note	syserror = int (errno), transparent.	[lib] An errno value, the one OS.SysErr carries.	lib/basis/posix_error.sml:1-2	1	lib-body			no		lib	
274	OS_FILE_SYS	OS.FileSys.file_id	Deviation	note	Transparent int * int (device, inode).		lib/basis/osfilesys.sml:74-75	1	lib-body			no		lib	
275	OS_PROCESS / POSIX_PROCESS	OS.Process.status; Posix.Process.fromStatus; OS.Process.status	Deviation	note	A transparent int rather than an abstract type (os.sml:16).	[lib] status int encoding: 0 success, 1-255 exit code, 256+signal killed, 512+signal stopped.	lib/basis/posix_process.sml:39-41	1	lib-body			no		lib	
276	POSIX	Posix	Deviation	note	Not sealed with POSIX: uid, gid, pid, file_desc, signal, speed are int and flag sets are word, all transparent (from source; cf. sig_posix.sml).		lib/basis/posix.sml:1-12	1	lib-body			no		lib	
277	STREAM_IO functor / IMPERATIVE_IO / PRIM_IO	functor StreamIO; functors PrimIO, StreamIO, ImperativeIO	Deviation	note	Takes VectorSlice and ArraySlice besides the spec's arguments (as MLton: the spec's arguments give no way to make the vector slices a writer takes); its PrimIO must have pos = Position.int.	[lib] Takes extra VectorSlice and ArraySlice arguments (like MLton) and requires PrimIO.pos = Position.int; the spec's functor has neither. || [lib] The optional functors are provided.	docs/basis-compat.md:231-233; docs/language.md:229; lib/basis/io_functors.sml:1-11; tests/basis/io_functors.sml:2-9	4	docs,lib-body,tests			no	no	lib,mine	52
278	REAL	Real	Deviation	stale-comment	Members that Rune lacks, like those needing IEEEReal, LargeInt or LargeReal, are put in test sections of their own so they can be switched off; where the page defers to IEEE 754-1985, double precision is expected.		tests/basis/real.sml:2-10	1	tests		(no label, the sections in real.sml are rem, muladd, unordered-exn, comparereal, qeq, unordered, class, manexp, manexp-huge, split, nextafter, rounding-modes, tolargeint, tolargeint-huge, fromlargeint, large, largereal)	no		testsB	
279	STREAM_IO	StreamIO.mkOutstreamOver	Deviation	note	Extra member not in STREAM_IO: an outstream over a VM file that leaves all buffering to the VM.		lib/basis/streamio_fn.sml:257-258	1	lib-body			no		lib	
280	TEXT_IO / BIN_IO	TextIO.instream, BinIO.instream, outstream	Deviation	note	instream/outstream are datatypes, not abstract: an instream (a ref) admits equality, an outstream does not.		docs/basis-compat.md:206; docs/language.md:31; lib/basis/imperativeio_fn.sml:10-11; lib/basis/textio.sml:48-49	4	docs,lib-body		none	no	no	mine	53
281	TIME	Time.time	Deviation	note	Not abstract: type time = int; structure unsealed; extra members micros and ofMicros (time.sml:45-47).		lib/basis/time.sml:4	1	lib-body			no		lib	
282	TIMER	Timer.cpu_timer, real_timer	Deviation	note	Transparent: a record of two times, and Time.time; structure unsealed (from source).		lib/basis/timer.sml:4-5	1	lib-body			no		lib	
283	UNIX	Unix.protect, Unix.streamsOf'	Deviation	note	Extra members beyond UNIX; structure unsealed, so signal = Posix.Signal.signal is visible (from source).		lib/basis/unix.sml:74-84	1	lib-body			no		lib	
284	(top level)	overloading, literals	Implementation-defined	note	Int/word/real/char/string constants are overloaded over the library's _overload types (IntInf, IntN, WordN, Real32, WideChar, WideString); `~` overloaded at int, word, real.		docs/language.md:22,26	2	docs		tests/lang	no	no	mine	92
285	ARRAY / VECTOR / ARRAY2	maxLen; Array.maxLen; Vector.maxLen	Implementation-defined	note	Array.maxLen = Vector.maxLen = 100000000 (VM limit, vm/prims.def); an Array2 is one such array, row-major.	[lib] 100000000 (from source). || [lib] 100000000; the polymorphic-backed monomorphic vectors and arrays inherit it (from source). || [testsA] maxLen is implementation-defined; the test only requires that any length array accepts (1000) is at most maxLen. || [testsB] maxLen itself is implementation-defined; it is only checked that a length tabulate accepts is at most maxLen.	docs/basis-compat.md:401; docs/language.md:209,235; lib/basis/array.sml:6; lib/basis/vector.sml:5; tests/basis/array.sml:305-306; tests/basis/vector.sml:214-215	7	docs,lib-body,tests	Array.maxLen/covers-created-arrays, Vector.maxLen/covers-created-vectors		yes	no	lib,mine,testsA,testsB	71
286	ARRAY2	Array2.array	Implementation-defined	note	"""Too large"" is implementation-defined; the test uses Int.maxInt rows by Int.maxInt or 2 columns, too large everywhere (element count not an int). tabulate must raise Size before 1000 applications of f."		tests/basis/array2.sml:684-687	1	tests	Array2.array/Size-too-large, Array2.array/Size-too-large-rows, Array2.array/Size-too-large-columns, Array2.tabulate/Size-too-large-RowMajor, Array2.tabulate/Size-too-large-ColMajor		yes		testsA	
287	BIN_IO	BinIO.output	Implementation-defined	note	Bytes are the characters with the same codes: on POSIX there is no translation between BinIO and TextIO for all 256 values.		tests/basis/binio.sml:241	1	tests	BinIO.output/read-back-as-text, BinIO.inputAll/written-as-text		yes		testsA	
288	TEXT_IO / BIN_IO	TextIO positions (getPosIn etc.); BinIO.openIn, openOut, openAppend	Implementation-defined	note	File readers/writers have positions in bytes from the start of the file (ftell/fseek) when the file has them; a pipe or terminal has none.	[lib] The writer writes through to the VM's file, which does the buffering; nominal mode BLOCK_BUF; positions only when the file has them.	docs/language.md:211; lib/basis/binio.sml:40-42	2	docs,lib-body		TextIO.StreamIO.filePosIn/*	no	no	lib,mine	83
289	BYTE	Byte	Implementation-defined	note	Word8Vector.vector is string, so whole-vector conversions are free identities.		lib/basis/byte.sml:1-2	1	lib-body			no		lib	
290	CHAR	Char	Implementation-defined	note	8-bit characters (maxOrd 255).		lib/basis/char.sml:150	1	lib-body			no		lib	
291	CHAR (WideChar)	WideChar.char, maxOrd; WideChar.maxOrd	Implementation-defined	note	A wide character is a Unicode code point in a type of its own, maxOrd = 0x10FFFF; WideString = WideCharVector.vector, WideSubstring = WideCharVectorSlice.slice; no WideCharArray2 (spec has none).	[testsB] The character set of WideChar is pinned as Unicode (maxOrd = 1114111).	docs/basis-compat.md:223-229; docs/language.md:268-273; tests/basis/widechar_sig.sml:3-6	3	docs,tests	WideChar.maxOrd/0x10FFFF, WideChar:CHAR/maxOrd-is-Unicode		yes	no	mine,testsB	91
292	CHAR / STRING	Char.char, String.string	Implementation-defined	note	8-bit characters (maxOrd 255); strings are immutable byte sequences; \uXXXX above 255 is a compile-time error at the 8-bit types.		docs/basis-compat.md:199; docs/language.md:22-23	2	docs	Char.maxOrd/255		yes	no	mine	59
293	COMMAND_LINE	CommandLine.name	Implementation-defined	note	The program name is system-dependent; the test only requires some non-empty name that is the same every time.		tests/basis/commandline.sml:7-8	1	tests	CommandLine.name/nonempty, CommandLine.name/stable		yes		testsA	
294	DATE	Date (calendar, offset)	Implementation-defined	note	Calendar of the C library; local time is the system's zone; UTC and offset dates by proleptic Gregorian arithmetic; an offset is time WEST of UTC; %Z of an offset date is the local zone name.		docs/language.md:216; lib/basis/date.sml:161-163	2	docs,lib-body		Date.*	no	no	mine	75
295	DATE	Date.fmt, fromTimeLocal, toTime	Implementation-defined	note	The C library does the work: strftime for formatting, its local-time conversion for local dates.		lib/basis/date.sml:52-54	1	lib-body			no		lib	
296	DATE	Date.fromTimeLocal	Implementation-defined	note	The local time zone is whatever the machine has; checks of local dates are written to hold in every zone (offset NONE, whole minutes, under a day from UTC).		tests/basis/date.sml:347-350	1	tests	Date.fromTimeLocal/offset-is-NONE, Date.fromTimeLocal/toTime-inverts, Date.fromTimeLocal/differs-from-UTC-by-less-than-a-day, Date.fromTimeLocal/differs-from-UTC-by-whole-minutes, Date.date/offset-of-the-local-zone, Date.localOffset/whole-minutes		yes		testsA	
297	DATE	Date.fromTimeLocal	Implementation-defined	note	Sample times are chosen away from every zone's daylight-saving changes: 15 January and 15 July 2001 at noon UTC, and now to the second.		tests/basis/date.sml:351-352	1	tests	Date.fromTimeLocal/same-weekDay-and-yearDay-as-the-fields, Date.toTime/local-date, Date.toTime/local-date-in-January		yes		testsA	
298	DATE	Date.fromTimeUniv	Implementation-defined	borderline	Assumes the machine's clock shows a date from 2020 up to (not including) 2200.		tests/basis/date.sml:280	1	tests	Date.fromTimeUniv/now-is-after-2020		yes		testsA	
299	DATE	Date.isDst	Implementation-defined	note	Assumes no time zone has daylight saving time in both January and July.		tests/basis/date.sml:385	1	tests	Date.isDst/not-both-January-and-July		yes		testsA	
300	GENERAL	General.Overflow	Implementation-defined	note	Precision of int is implementation-defined: where int has no bounds (maxInt = NONE) nothing overflows, and the check raises Overflow itself.		tests/basis/general.sml:113-115	1	tests	General.Overflow/maxInt-plus-one, General.Overflow/minInt-minus-one, General.Overflow/maxInt-times-two, General.Overflow/maxInt-minus-minInt, General.Overflow/maxInt-itself-is-fine		yes		testsA	
301	GENERAL	General.Size	Implementation-defined	note	Where Array.maxLen + 1 is not representable as an int, the check raises Size itself instead of calling Array.array.		tests/basis/general.sml:138-139	1	tests	General.Size/Array.array-above-maxLen		yes		testsA	
302	GENERAL	exnMessage	Implementation-defined	note	"""Fail: "" ^ s for Fail s; otherwise just exnName."		lib/basis/pervasive.sml:83	1	lib-body			no		lib	
303	GENERIC_SOCK	GenericSock.socket'	Implementation-defined	note	6 and 17 are taken as the protocol numbers of TCP and UDP; sockets use loopback or names in the current directory.		tests/basis/inetsock_generic.sml:3-7	1	tests	GenericSock.socket'/inet-stream-tcp, GenericSock.socket'/inet-dgram-udp		yes		testsA	
304	IEEE_REAL	IEEEReal.setRoundingMode, getRoundingMode	Implementation-defined	note	The rounding mode is the C library's (fesetround/fegetround).		docs/language.md:202	1	docs		none	no	no	mine	70
305	INET_SOCK	INetSock.UDP.socket'	Implementation-defined	note	Protocol number 17 is assumed to be UDP (IANA); 0 is equivalent to socket().		tests/basis/inetsock.sml:91-93	1	tests	INetSock.UDP.socket'/udp-protocol, INetSock.UDP.socket'/zero-dgram, INetSock.UDP.socket'/zero-works		yes		testsA	
306	INTEGER	Int.precision, minInt, maxInt; Int64; Int; Int64, FixedInt	Implementation-defined	note	Int.int has 64 bits (precision = SOME 64), Overflow checked; Position = Int; Int64 = FixedInt = Int.	"[testsA] Rune's Int has 64 bits, so Int64 (and FixedInt) are Int itself; the file pins only precision = SOME 64, with no separate ""constants"" section unlike Int8/16/32. || [lib] 64-bit ints with Overflow checking (precision SOME 64); bounds computed by the arithmetic itself. || [lib] Both are Int itself (64 bits)."	docs/basis-compat.md:17,193,195; docs/language.md:22,199,263; lib/basis/int.sml:1,1-4,15; lib/basis/int64.sml:1-2; tests/basis/intn_int64.sml:11	10	docs,lib-body,tests	Int64.precision/64	none	yes	no	lib,mine,testsA	64
307	INTEGER	Int8, Int16, Int32	Implementation-defined	note	An int kept within the precision by a functor; Overflow beyond it; constants range-checked at compile time (_overload).	[lib] Provided; held in a 64-bit int and range-checked after every operation.	docs/basis-compat.md:195; docs/language.md:263; lib/basis/intn_fn.sml:1-4	3	docs,lib-body		none	no	no	lib,mine	66
308	INTEGER (IntN)	Int8/16/32.scan, fromString; Int8.scan, Int16.scan, Int32.scan	Implementation-defined	note	Overflow beyond the precision, and already beyond 64 bits from Int.scan.	[lib] Overflow is raised both beyond 64 bits (by Int.scan) and for values beyond the structure's precision.	lib/basis/intn_fn.sml:49-50	1	lib-body		<IntN>.scan/Overflow*	no	no	lib,mine	130
309	INTEGER / INT_INF	LargeInt; IntInf, LargeInt	Implementation-defined	note	LargeInt = IntInf (arbitrary precision; a datatype of sign and base-2^30 limbs written in SML).	[lib] Written in SML: sign plus little-endian base-2^30 limbs, canonical so structural equality is value equality; precision NONE; LargeInt = IntInf.	docs/basis-compat.md:193,200; docs/language.md:199,263-264; lib/basis/intinf.sml:1-9	5	docs,lib-body		IntInf alias check in intinf_sig	no	no	lib,mine	65
310	INTEGER	Position	Implementation-defined	note	Position = Int (64 bits).		lib/basis/position.sml:1	1	lib-body			no		lib	
311	INT_INF	IntInf	Implementation-defined	borderline	Literals and overloaded operators at IntInf.int are not available on every system, so numbers are built with fromInt, fromString and arithmetic.		tests/basis/intinf.sml:3-10	1	tests		(file-wide, no single label)	no		testsA	
312	MATH	Math.asin	Implementation-defined	note	The closed-interval range bounds [-pi/2, pi/2] and [0, pi] are checked with 1E~15 slack to allow for the rounding of pi.		tests/basis/math.sml:146-148	1	tests	Math.asin/law-range-and-inverse, Math.acos/law-range-and-inverse		yes		testsA	
313	MATH	Math.pi	Implementation-defined	note	The double nearest to pi differs from pi by 1.2E~16; pi and e must lie within 4.5E~16 of the true constants.		tests/basis/math.sml:46	1	tests	Math.pi/nearest-double, Math.e/nearest-double		yes		testsA	
314	MATH	Math.sqrt	Implementation-defined	note	IEEE 754 requires a correctly rounded square root, so exact squares must give exact roots (exact equality, not approx).		tests/basis/math.sml:54-55	1	tests	Math.sqrt/four, Math.sqrt/quarter, Math.sqrt/one		yes		testsA	
315	MATH	Math.tanh	Implementation-defined	note	For large finite x, where sinh and cosh both overflow, tanh must still be 1 (or ~1) within relative error 1E~9.		tests/basis/math.sml:405-406	1	tests	Math.tanh/large, Math.tanh/large-negative		yes		testsA	
316	MONO_ARRAY	MONO_ARRAY.maxLen	Implementation-defined	note	maxLen is only checked indirectly: a length that array accepts is at most maxLen.		tests/basis/fn/mono_array_fn.sml:336-337	1	tests	<name>.maxLen/covers-created-arrays		yes		testsB	
317	MONO_ARRAY	Word8Array.array	Implementation-defined	note	An array of Word8.word, one VM value per byte (compact byte array planned).		docs/basis-compat.md:202; docs/language.md:238; docs/plans/basis.md:18	3	docs		none	no	no	mine	73
318	MONO_ARRAY2	CharArray2	Implementation-defined	note	Optional structure provided; rows and columns are strings.		lib/basis/chararray2.sml:1-2	1	lib-body			no		lib	
319	MONO_ARRAY2	MONO_ARRAY2.array	Implementation-defined	note	"""Too large"" is implementation-defined; the test uses Int.maxInt rows by Int.maxInt or 2 columns, too large everywhere since the element count is not an int."		tests/basis/fn/mono_array2_fn.sml:817-820	1	tests	<name>.array/Size-too-large, <name>.array/Size-too-large-rows, <name>.array/Size-too-large-columns, <name>.tabulate/Size-too-large-RowMajor, <name>.tabulate/Size-too-large-ColMajor		yes		testsB	
320	MONO_ARRAY2	Word8Array2	Implementation-defined	note	Optional structure provided; rows and columns are Word8Vector.vector.		lib/basis/word8array2.sml:1-2	1	lib-body			no		lib	
321	MONO_VECTOR	MONO_VECTOR.maxLen	Implementation-defined	note	maxLen is only checked indirectly: a length that tabulate accepts is at most maxLen.		tests/basis/fn/mono_vector_fn.sml:227-228	1	tests	<name>.maxLen/covers-created-vectors		yes		testsB	
322	MONO_VECTOR (RealVector)	RealVector.vector	Implementation-defined	note	Vectors of reals admit no equality (MONO_VECTOR asks none); the arrays do (identity).		docs/language.md:257; lib/basis/mono_real.sml:1-5	2	docs,lib-body		none	no	no	mine	58
323	MONO_VECTOR_SLICE	CharVectorSlice	Implementation-defined	note	Its slice is Substring.substring; written on Substring rather than as a functor instance.		lib/basis/charvectorslice.sml:1-3	1	lib-body			no		lib	
324	MONO_VECTOR_SLICE	Word8VectorSlice	Implementation-defined	note	A slice is a substring; taking its vector is one primitive.		lib/basis/word8vectorslice.sml:1-3	1	lib-body			no		lib	
325	NET_HOST_DB	NetHostDB.getHostName	Implementation-defined	note	"The ""standard hostname"" is taken to be the nodename that Posix.ProcEnv.uname reports."		tests/basis/netdb.sml:129	1	tests	NetHostDB.getHostName/uname		yes		testsA	
326	NET_HOST_DB	NetHostDB.in_addr, scan, addrs; NetHostDB.scan, fromString; NetHostDB.in_addr, scan; INetSock	Implementation-defined	note	in_addr is the canonical dotted text of an IPv4 address (so = compares addresses); scan reads a, a.b, a.b.c, a.b.c.d in decimal/octal/hex; addrs gives every IPv4 address.	[lib] Accepts C inet_addr notation (a, a.b, a.b.c, a.b.c.d; decimal, 0-octal, 0x-hex), takes the longest fitting prefix, canonicalises to four decimal bytes. || [lib] IPv4 only: addresses are four-byte dotted text and INetSock uses AF_INET (inetsock.sml:20).	docs/basis-compat.md:210; docs/language.md:225; lib/basis/netdb.sml:25-31	3	docs,lib-body		NetHostDB.scan/*	no	no	lib,mine	86
327	OS	OS.FileSys.access	Implementation-defined	note	Permission-bit checks hold only for a process that is not the super-user, who may read and write regardless of the bits; the write check is guarded.		tests/basis/os.filesys.sml:507-508	1	tests	OS.FileSys.A_EXEC/without-execute-bit, OS.FileSys.A_EXEC/with-execute-bit, OS.FileSys.A_WRITE/read-only, OS.FileSys.A_READ/read-only		yes		testsA	
328	OS	OS.FileSys.setTime	Implementation-defined	note	A Time.time need not be able to hold the test times (range is implementation-defined), so they are built inside the checks; an exception fails that check only.		tests/basis/os.filesys.sml:254-255	1	tests	OS.FileSys.setTime/SOME, OS.FileSys.setTime/SOME-again, OS.FileSys.setTime/directory		yes		testsA	
329	OS	OS.FileSys.setTime	Implementation-defined	note	"The file system may keep whole seconds only, so ""now"" is checked with one second of slack on either side."		tests/basis/os.filesys.sml:268	1	tests	OS.FileSys.setTime/NONE-is-now		yes		testsA	
330	OS	OS.IO.Kind.device	Implementation-defined	note	/dev/null is taken as a device that is not a terminal: kind device, not tty.		tests/basis/os.io.sml:211-212	1	tests	OS.IO.Kind.device/dev-null, OS.IO.Kind.tty/dev-null		yes		testsA	
331	OS	OS.IO.poll	Implementation-defined	note	"A timeout means ""returns [] after about t"": for t = 0.2 s, anything from 0.15 s up to (not including) 5 s is accepted."		tests/basis/os.io.sml:242-243	1	tests	OS.IO.poll/times-out		yes		testsA	
332	OS	OS.IO.pollDesc	Implementation-defined	note	The file systems of the test matrix can poll a regular file (POSIX poll reports it ready), so pollDesc must be SOME.		tests/basis/os.io.sml:109-110	1	tests	OS.IO.pollDesc/file		yes		testsA	
333	OS_PATH / OS	OS.Path (volumes, Unix syntax); OS.Path; OS.Path.getVolume, validVolume	Implementation-defined	note	"Unix syntax only: separator /, the only volume is """", validVolume accordingly; fromUnixPath/toUnixPath are the identity; text only, no file system access."	"[testsA] Every system of the matrix is a Unix, so only the Unix path syntax is pinned: separator ""/"", the only volume """", arcs "".."" and ""."". || [lib] Pure text manipulation with Unix conventions only: separator ""/"", sole volume """". || [lib] No volumes: getVolume is always """", validVolume is true only for """" (code at 20-21)."	docs/language.md:218; lib/basis/ospath.sml:1-4; tests/basis/os.path.sml:2-11,274	4	docs,lib-body,tests	OS.Path.parentArc/unix, OS.Path.currentArc/unix, OS.Path.validVolume/empty-absolute, OS.Path.validVolume/drive-absolute	OS.Path.fromUnixPath/*	yes	no	lib,mine,testsA	79
334	OS_PROCESS / OS	OS.Process.atExit (actions); OS.Process.atExit	Implementation-defined	note	An action that raises, or registers another action, is ignored; actions run in reverse order.	"[lib] Actions run in reverse order of registration; an action that raises, or registers another action, is ignored. || [testsA] Actions run at exit, not at registration. Reverse order, trapped exceptions and ignored nested atExit are visible only in atexit.txt (""31""), which the runner does not check."	lib/basis/runeexit.sml:22-23; tests/basis/os.process.sml:196-202	2	lib-body,tests	OS.Process.atExit/not-run-at-registration, OS.Process.atExit/action-that-raises, OS.Process.atExit/action-that-registers	OS.Process.atExit/*	yes	no	lib,mine,testsA	129
335	OS	OS.Process.system	Implementation-defined	note	Commands given to system assume a POSIX shell (/bin/sh). exit, terminate and atExit effects cannot be checked in-process.		tests/basis/os.process.sml:2-11	1	tests	OS.Process.system/shell-redirection, OS.Process.system/shell-syntax		yes		testsA	
336	OS	OS.Process.system	Implementation-defined	note	The shell is assumed to report a command it cannot find with a failure status.		tests/basis/os.process.sml:127	1	tests	OS.Process.system/unknown-command		yes		testsA	
337	OS	OS.syserror, errorName, errorMsg; OS.errorName, OS.syserror; OS.syserror	Implementation-defined	note	"A syserror is an errno value; errorName gives the Posix.Error names (""noent""), not the C name (Poly/ML gives ENOENT: HOST-BUG)."	"[lib] errorName is the C errno name lower-cased without E (""noent""; ""toobig"" for E2BIG), or ""error<N>"" for unnamed errnos; same as Posix.Error's. || [lib] Implemented as the exact inverse of errorName, so SOME e = syserror (errorName e), including the invented ""error<N>"" names."	docs/language.md:217; lib/basis/runeerror.sml:1-6,32	3	docs,lib-body		OS.errorName/*	no	no	lib,mine	76
338	OS_FILE_SYS	OS.FileSys	Implementation-defined	note	Every failure raises OS.SysErr with the reason the system gave.		lib/basis/osfilesys.sml:1-2	1	lib-body			no		lib	
339	OS_FILE_SYS	OS.FileSys.fileId	Implementation-defined	note	A file is identified by its device and inode numbers.		lib/basis/osfilesys.sml:74	1	lib-body			no		lib	
340	OS_FILE_SYS	OS.FileSys.file_id, errors; OS.FileSys.fullPath, realPath	Implementation-defined	note	file_id is device + inode; every failure raises OS.SysErr with the errno; realPath follows the page's implementation note; tmpName …	"[lib] Empty path is treated as "".""; fullPath is the canonical link-free path; realPath follows the spec's implementation note (relative in, relative out)."	docs/language.md:219; lib/basis/osfilesys.sml:50-51	2	docs,lib-body		OS.FileSys.*	no	no	lib,mine	80
341	OS_FILE_SYS	OS.FileSys.hash	Implementation-defined	note	device*65599 + inode in wrapping word arithmetic.		lib/basis/osfilesys.sml:80	1	lib-body			no		lib	
342	OS_FILE_SYS	OS.FileSys.modTime, setTime	Implementation-defined	note	Whole-second resolution only (from source).		lib/basis/osfilesys.sml:57-60	1	lib-body			no		lib	
343	OS_IO	OS.IO.iodesc, poll; OS.IO.iodesc	Implementation-defined	note	iodesc is the system's descriptor (datatype FD of int); poll is POSIX poll. CONTRADICTION: language.md:220 still says 'a handle of the VM's file table'.	[lib] An iodesc is a handle of the VM's file table (FD of int).	docs/basis-compat.md:208; lib/basis/os.sml:47; lib/basis/osio.sml:5; lib/basis/runefile.sml:16	4	docs,lib-body		none	no	no	lib,mine	81
344	OS_IO	OS.IO.poll_desc, poll_info	Implementation-defined	note	A descriptor plus event bits: 1 read, 2 write, 4 urgent.		lib/basis/osio.sml:39-40	1	lib-body			no		lib	
345	OS_PATH	OS.Path.fromUnixPath, toUnixPath	Implementation-defined	note	Identity, because the VM runs on Unix.		lib/basis/ospath.sml:172	1	lib-body			no		lib	
346	OS_PATH	OS.Path.validArc (InvalidArc)	Implementation-defined	note	"An arc is valid iff it contains no ""/""."		lib/basis/ospath.sml:16	1	lib-body			no		lib	
347	OS_PROCESS	OS.Process.atExit, exit, terminate; OS.Process.exit, terminate	Implementation-defined	note	atExit actions run at normal end or exit, not on terminate and not after an uncaught exception; buffered streams are flushed at end/OS.Process.exit but not Posix.Process.exit.	[lib] exit runs the atExit actions (and stream flushing); terminate does not.	docs/basis-compat.md:250; docs/language.md:217,229; lib/basis/os.sml:41	4	docs,lib-body		OS.Process.atExit/*	no	no	lib,mine	78
348	OS_PROCESS	OS.Process.system, status	Implementation-defined	note	status of system: exit code, or 256 + signal number (Posix.Process.fromStatus decodes it).		docs/language.md:217	1	docs		OS.Process.system/*	no	no	mine	77
349	PACK_REAL	PackReal*, PackReal32*	Implementation-defined	note	A real is the 8 bytes of binary64 (real_to_bits); a Real32.real the 4 of binary32 via toManExp, a NaN becoming the quiet NaN of its sign.		docs/language.md:265	1	docs	PackReal32*.*/nan*		yes	no	mine	90
350	PACK_REAL	PackReal32Big.toBytes	Implementation-defined	note	Expected bytes are pinned as the IEEE 754 binary32 encodings, most significant byte first when big; bytesPerElem = 4.		tests/basis/fn/pack_real32_fn.sml:1-7	1	tests	<name>.bytesPerElem/four, <name>.toBytes/nan-exponent	<name>.toBytes/<value>, <name>.fromBytes/<value>	yes		testsB	
351	PACK_REAL	PackReal32Big/Little	Implementation-defined	note	4-byte binary32 computed via toManExp; any NaN is packed as the quiet NaN of its sign (payload lost).		lib/basis/pack_real32.sml:1-4	1	lib-body			no		lib	
352	PACK_REAL	PackRealBig.toBytes	Implementation-defined	note	Expected bytes are pinned as the IEEE 754 binary64 encodings, most significant byte first when big; bytesPerElem = 8.		tests/basis/fn/pack_real_fn.sml:1-7	1	tests	<name>.bytesPerElem/eight, <name>.toBytes/nan-exponent	<name>.toBytes/one … <name>.toBytes/minNormalPos, <name>.fromBytes/*	yes		testsB	
353	PACK_REAL	PackRealBig/Little, PackReal64Big/Little	Implementation-defined	note	8-byte IEEE binary64; the 64-bit structures are aliases of the default ones.		lib/basis/pack_real.sml:1-3	1	lib-body			no		lib	
354	PACK_WORD	PackWord16/32/64 Big/Little	Implementation-defined	note	Provided for N = 16, 32 and 64 over Word8 vectors and arrays.		lib/basis/pack_word.sml:1-2	1	lib-body			no		lib	
355	POSIX_*	Posix (constants, locks, TTY)	Implementation-defined	note	Named constants come from one primitive (posix_const); locks are fcntl with struct flock; TTY settings travel as numbers.		docs/language.md:221	1	docs		none	no	no	mine	88
356	POSIX_ERROR	Posix.Error.acces	Implementation-defined	note	Permissions do not stop the superuser: the acces and perm checks hold only for other users and pass trivially as root.		tests/basis/posix_error.sml:174	1	tests	Posix.Error.acces/open-unreadable-file, Posix.Error.perm/setuid-root		yes		testsA	
357	POSIX_ERROR	Posix.Error.errorName	Implementation-defined	note	POSIX names from a table mapped to the C library's E-names; other errnos named as OS.errorName does.		lib/basis/posix_error.sml:9	1	lib-body			no		lib	
358	POSIX_ERROR	Posix.Error.inval	Implementation-defined	note	Renaming a directory into itself is taken to report EINVAL.		tests/basis/posix_error.sml:143	1	tests	Posix.Error.inval/rename-into-itself		yes		testsA	
359	POSIX_FILE_SYS / BIT_FLAGS / POSIX_IO / POSIX_TTY	Posix.FileSys.O.all, Posix.IO.O.all, TTY flags all; O.all, O.fromWord; Posix.TTY.I/O/C/L.all; Posix.IO.FD.all, O.all	Implementation-defined	note	`all` is every bit of a C int / tcflag_t, also flags the system has and Posix does not name (O_CLOEXEC, O_LARGEFILE), so that they survive fromWord/getattr.	[lib] `all` is every bit of a C int, including system flags O does not name (O_CLOEXEC, O_LARGEFILE); toWord o fromWord = andb with all. || [lib] Every bit of a 32-bit tcflag_t is in `all`, so flags Posix does not name survive getattr/setattr. || [lib] Flag sets are words; `all` is every bit of a C int.	lib/basis/posix_filesys.sml:36-40; lib/basis/posix_io.sml:87-88; lib/basis/posix_tty.sml:6-8	3	lib-body		Posix.FileSys.O.all/*	no	no	lib,mine	127
360	POSIX_FILE_SYS	Posix.FileSys.S.all	Implementation-defined	note	07777: every bit chmod sets, including S_ISVTX.		lib/basis/posix_filesys.sml:78	1	lib-body			no		lib	
361	POSIX_FILE_SYS	Posix.FileSys.S.isgid	Implementation-defined	note	The owner may always set set-user-id; set-group-id is only required to stick when the file's group is one of the process's groups.		tests/basis/posix_filesys.sml:297-298	1	tests	Posix.FileSys.S.isuid/chmod, Posix.FileSys.S.isgid/chmod		yes		testsA	
362	POSIX_FILE_SYS	Posix.FileSys.S.toWord	Implementation-defined	note	Mode flags are pinned to the C binding's <sys/stat.h> values (S_IRWXU 0700 through S_ISUID 04000, S_ISGID 02000), in a section of their own.		tests/basis/posix_filesys.sml:311-313	1	tests	Posix.FileSys.S.toWord/values-of-the-C-binding		yes		testsA	
363	POSIX_FILE_SYS	Posix.FileSys.ST	Implementation-defined	note	/dev/null is a character device everywhere; no block device can be counted on (isBlk only checked false). A new file's group is the egid or the directory's group; times compared in whole seconds.		tests/basis/posix_filesys_stat.sml:2-12	1	tests	Posix.FileSys.ST.isChr/dev-null, Posix.FileSys.ST.isBlk/none-of-the-others, Posix.FileSys.ST.uid/new-file, Posix.FileSys.ST.gid/new-file, Posix.FileSys.ST.atime/utime, Posix.FileSys.ST.mtime/utime		yes		testsA	
364	POSIX_FILE_SYS	Posix.FileSys.mkdir vs OS.FileSys.mkDir; Posix.FileSys.mkdir	Implementation-defined	note	OS.FileSys.mkDir gives every permission the umask leaves (mode 777 & ~umask).	"[lib] Mode m ""as modified by the umask"" is achieved by temporarily widening the umask with the bits m lacks around OS.FileSys.mkDir."	lib/basis/posix_filesys.sml:115-118	1	lib-body		none found	no	no	lib,mine	89
365	POSIX_FILE_SYS	Posix.FileSys.pathconf	Implementation-defined	note	NAME_MAX must be bounded (SOME) and lie in 13..255.		tests/basis/posix_filesys_stat.sml:250	1	tests	Posix.FileSys.pathconf/NAME_MAX		yes		testsA	
366	POSIX_FILE_SYS	Posix.FileSys.pathconf	Implementation-defined	note	PATH_MAX may be unbounded (NONE) or at most 65535; LINK_MAX likewise may be NONE.		tests/basis/posix_filesys_stat.sml:255	1	tests	Posix.FileSys.pathconf/PATH_MAX, Posix.FileSys.pathconf/LINK_MAX		yes		testsA	
367	POSIX_FILE_SYS	Posix.FileSys.stdin	Implementation-defined	note	The standard descriptors are pinned to the words 0, 1 and 2 (STDIN_FILENO etc.), which the page does not state.		tests/basis/posix_filesys.sml:56-57	1	tests	Posix.FileSys.stdin/is-0, Posix.FileSys.stdout/is-1, Posix.FileSys.stderr/is-2, Posix.FileSys.stdin/wordToFD-0		yes		testsA	
368	POSIX_FILE_SYS	ST.atime, mtime, ctime; utime	Implementation-defined	note	Whole seconds only (from source; utime at line 198).		lib/basis/posix_filesys.sml:168-169	1	lib-body			no		lib	
369	POSIX_FILE_SYS	pathconf, fpathconf	Implementation-defined	note	"Limit names are given without prefix: ""LINK_MAX"", ""NAME_MAX"", ..."		lib/basis/posix_filesys.sml:206	1	lib-body			no		lib	
370	POSIX_FILE_SYS	rmdir, chdir, getcwd, unlink, rename, readlink, opendir..., access	Implementation-defined	note	Are the OS.FileSys functions themselves.		lib/basis/posix_filesys.sml:181	1	lib-body			no		lib	
371	POSIX_IO	Posix.IO lock functions	Implementation-defined	note	Implemented with fcntl and a struct flock.		lib/basis/posix_io.sml:55	1	lib-body			no		lib	
372	POSIX_IO / PRIM_IO	Posix.IO.mkTextReader … positions; TextIO/BinIO file readers and writers (getPos); mkBinReader, mkTextReader, mkBinWriter, mkTextWriter; Posix.IO.mkBinReader	Implementation-defined	note	Only a regular file has positions: getPos/setPos/endPos/verifyPos are NONE for a pipe, socket or terminal.	[lib] After close only getPos works and returns the position the file had; positions are byte offsets, present only for regular files. || [lib] getPos, setPos, endPos, verifyPos exist only for regular files; NONE for pipes, sockets, terminals; reader chunkSize 4096. || [testsA] A pipe has no positions, so a stream built on a reader from mkBinReader must work without getPos/setPos.	lib/basis/posix_io.sml:119-121; lib/basis/runefile.sml:34-38; tests/basis/posix_io.sml:345	3	lib-body,tests	Posix.IO.mkBinReader/from-a-pipe	Posix.IO.mkBinReader/*	yes	no	lib,mine,testsA	128
373	POSIX_PROCESS	Posix.Process.W, waitpid_nh	Implementation-defined	note	W contains only untraced; WNOHANG is added internally by waitpid_nh.		lib/basis/posix_process.sml:48	1	lib-body			no		lib	
374	POSIX_PROC_ENV	Posix.ProcEnv	Implementation-defined	note	Expected values are whatever id, uname, date and getconf report. The runner makes stdin /dev/null, so no test descriptor is a terminal.		tests/basis/posix_procenv.sml:3-10	1	tests	Posix.ProcEnv.ttyname/dev-null, Posix.ProcEnv.isatty/dev-null, Posix.ProcEnv.getgroups/in-id-G		yes		testsA	
375	POSIX_PROC_ENV	Posix.ProcEnv.getgroups	Implementation-defined	note	The supplementary groups are compared with `id -G`, which also lists the effective group, so the egid is added before comparing.		tests/basis/posix_procenv.sml:46-47	1	tests	Posix.ProcEnv.getgroups/in-id-G, Posix.ProcEnv.getgroups/id-G-in-them		yes		testsA	
376	POSIX_PROC_ENV	Posix.ProcEnv.setuid	Implementation-defined	note	Only the superuser may become the superuser: setuid/setgid 0 must raise SysErr unless the process is already root (passes trivially then).		tests/basis/posix_procenv.sml:66	1	tests	Posix.ProcEnv.setuid/root-raises, Posix.ProcEnv.setgid/root-raises		yes		testsA	
377	POSIX_SIGNAL	Posix.Signal	Implementation-defined	note	Signal numbers are the host's: each is checked against what the shell's `kill -l` names it. Core-dumping, runner-ignored and stopping signals are checked by number only, not delivered.		tests/basis/posix_signal.sml:3-11	1	tests	Posix.Signal.term/kill-l, Posix.Signal.toWord/distinct	Posix.Signal.term/toWord-fromWord (likewise for abrt … ttou)	yes		testsB	
378	POSIX_SIGNAL	Posix.Signal.signal	Implementation-defined	note	Signals are the system's numbers.		lib/basis/posix_signal.sml:1	1	lib-body			no		lib	
379	POSIX_SYS_DB	Posix.SysDB	Implementation-defined	note	Host assumption: the user and the group with ID 0 exist and are called root (Linux, BSDs); other fields are compared with getent output.		tests/basis/posix_sysdb.sml:3-8	1	tests	Posix.SysDB.getpwnam/root, Posix.SysDB.getpwuid/root, Posix.SysDB.getgrnam/root, Posix.SysDB.getgrgid/root, Posix.SysDB.Passwd.uid/root, Posix.SysDB.Group.gid/root		yes		testsB	
380	POSIX_TTY	Posix.TTY termios, flags, speed, cc	Implementation-defined	note	Flag sets are tcflag_t words, speed is speed_t, cc a string of NCCS characters; all read and written at once.		lib/basis/posix_tty.sml:1-4	1	lib-body			no		lib	
381	POSIX_TTY	Posix.TTY.speed, compareSpeed	Implementation-defined	note	A speed is the system's speed_t; named speeds are ordered by baud rate.		lib/basis/posix_tty.sml:116-117	1	lib-body			no		lib	
382	PRIM_IO	BinPrimIO.compare	Implementation-defined	note	BinPrimIO.pos is Position.int and file positions are byte offsets, so compare is checked as integer order; TextPrimIO.pos is abstract and compared on files elsewhere.		tests/basis/io_primio.sml:3-13	1	tests	BinPrimIO.compare/less, BinPrimIO.compare/equal, BinPrimIO.compare/greater		yes		testsA	
383	PRIM_IO	PrimIO readers	Implementation-defined	note	A reader offers the supplied operations plus those derivable from them; the rest are NONE; positions may be of any type.		lib/basis/primio_fn.sml:1-6	1	lib-body			no		lib	
384	PRIM_IO	augmentReader, augmentWriter; augmentReader	Implementation-defined	note	Every row of the page's table is synthesised; an operation the reader/writer has is kept as it is.	[lib] Follows the spec's table: existing operations kept; vector/array reads derived by copying; blocking from NB plus block; NB from blocking plus canInput.	docs/language.md:229; lib/basis/primio_fn.sml:152-156; tests/basis/fn/prim_io_fn.sml:251,350	4	docs,lib-body,tests		<P>.augmentReader/*	no	no	lib,mine	84
385	REAL	Real	Implementation-defined	note	IEEE binary64 (radix 2, precision 53).		lib/basis/real.sml:1	1	lib-body			no		lib	
386	REAL	Real.*+	Implementation-defined	note	Whether *+ and *- are fused is left to the implementation: the operands make every intermediate exact, so fused and unfused give the same value.		tests/basis/real.sml:228-229	1	tests	Real.*+/basic, Real.*+/negative, Real.*-/basic, Real.*-/negative, Real.*+/law-small-integers		yes		testsB	
387	REAL	Real.floor	Implementation-defined	note	The Overflow boundary is checked for any bounded int precision p: fromInt maxInt + 1.0 = 2^(p-1) overflows; with unbounded int the checks pass vacuously.		tests/basis/real.sml:804-806	1	tests	Real.floor/Overflow-above-maxInt, Real.ceil/Overflow-above-maxInt, Real.trunc/Overflow-above-maxInt, Real.round/Overflow-above-maxInt, Real.floor/Overflow-below-minInt, Real.ceil/Overflow-below-minInt, Real.trunc/Overflow-below-minInt, Real.round/Overflow-below-minInt		yes		testsB	
388	REAL	Real.floor	Implementation-defined	note	minInt = ~2^(p-1) is a real for every precision: all conversions return it, and so do those that round minInt - 0.5 upwards (for p > 53 that real is minInt).		tests/basis/real.sml:824-825	1	tests	Real.floor/minInt, Real.ceil/minInt, Real.trunc/minInt, Real.round/minInt, Real.ceil/minInt-minus-half, Real.trunc/minInt-minus-half, Real.round/minInt-minus-half-tie-to-even		yes		testsB	
389	REAL	Real.floor	Implementation-defined	note	The largest real below 2^(p-1) depends on int precision: maxInt itself for p <= 53, otherwise 2^(p-1) - 2^(p-54).		tests/basis/real.sml:838-839	1	tests	Real.floor/near-maxInt, Real.ceil/near-maxInt, Real.trunc/near-maxInt, Real.round/near-maxInt		yes		testsB	
390	REAL	Real.floor	Implementation-defined	note	Only for p <= 53 is the boundary sharp (maxInt + 0.5 and minInt - 0.5 are reals); for p > 53 these checks pass vacuously.		tests/basis/real.sml:852	1	tests	Real.floor/maxInt-plus-half, Real.trunc/maxInt-plus-half, Real.ceil/Overflow-maxInt-plus-half, Real.round/Overflow-maxInt-plus-half-tie-to-even, Real.floor/Overflow-minInt-minus-half		yes		testsB	
391	REAL	Real.fmt (GEN n), toString	Implementation-defined	note	Picks the shorter of scientific and fixed notation for at most n significant digits; a tie goes to fixed-point.		lib/basis/real.sml:207-208	1	lib-body			no		lib	
392	REAL	Real.fromInt	Implementation-defined	note	fromInt maxInt depends on int precision: exactly 2^(p-1) - 1 if p <= 54, otherwise rounded to 2^(p-1); true if int is unbounded.		tests/basis/real.sml:990	1	tests	Real.fromInt/maxInt, Real.fromInt/minInt		yes		testsB	
393	REAL	Real.fromLargeInt, toLargeInt	Implementation-defined	note	Correctly rounded from the 55 leading bits with a sticky bit; integral reals convert exactly via the mantissa (also 109-110).		lib/basis/real.sml:130-132	1	lib-body			no		lib	
394	REAL	Real.precision	Implementation-defined	note	Real is pinned as the 64-bit IEEE double: radix 2, precision 53.		tests/basis/real.sml:80	1	tests	Real.radix/two, Real.precision/double		yes		testsB	
395	REAL	Real.precision	Implementation-defined	note	The precision must be what the arithmetic shows (no extended-precision intermediates): 1 + 2^~52 > 1, and 1 + 2^~53 rounds to even, 1.		tests/basis/real.sml:83-84	1	tests	Real.precision/one-plus-ulp, Real.precision/one-plus-half-ulp, Real.precision/no-extended-precision		yes		testsB	
396	REAL	Real.real, LargeReal, Real64; LargeReal; LargeReal, Real64	Implementation-defined	note	IEEE binary64; LargeReal = Real64 = Real. Text conversions are correctly rounded (C library strtod/printf). toString = fmt (GEN NONE).	[testsB] On the four systems of the matrix Real and LargeReal are both the 64-bit IEEE double, so LargeReal.real is real. || [lib] Both are Real. || [testsB] Section largereal-alias pins the implementation choice LargeReal = Real (same type, same precision).	docs/basis-compat.md:197; docs/language.md:201; lib/basis/real.sml:151; tests/basis/real_sig.sml:3-5,29	5	docs,lib-body,tests	LargeReal:REAL/matches, LargeReal:REAL/Math-shares-real, LargeReal:REAL/toLarge-gives-LargeReal.real, LargeReal:REAL/real-is-toplevel, LargeReal:REAL/same-precision	none	yes	no	lib,mine,testsB	68
397	REAL	Real.toLargeInt	Implementation-defined	note	Expected values need an unbounded LargeInt (all four systems have one); with a bounded LargeInt the checks pass vacuously.		tests/basis/real.sml:918-919	1	tests	Real.toLargeInt/TO_NEGINF-positive	Real.toLargeInt/TO_NEAREST-tie-even (and the rest of section tolargeint)	yes		testsB	
398	REAL	Real32	Implementation-defined	note	Real32.real is a type distinct from real, which is binary64 on all systems of the matrix.		tests/basis/real32_sig.sml:3-4	1	tests	Real32:REAL/matches, Real32:REAL/Math-shares-real, Real32:REAL/toLarge-gives-LargeReal.real		yes		testsB	
399	REAL	Real32	Implementation-defined	note	Optional; binary32 kept as a binary64 and re-rounded (real_to_single) after each operation in the current mode; numerals via strtof.		lib/basis/real32.sml:1-8	1	lib-body			no		lib	
400	REAL	Real32.fmt	Implementation-defined	note	As Real.fmt except EXACT, which gives the fewest digits that read back as the same binary32.		lib/basis/real32.sml:116-118	1	lib-body			no		lib	
401	REAL (Real32)	Real32.real	Implementation-defined	note	Abstract (Real32 :> REAL): a double that binary32 represents; every result rounded to binary32 in the current mode; numerals via strtof (rounded once); fmt EXACT/toDecimal give fewest digits that read back; *+ and *- round once.		docs/basis-compat.md:198; docs/language.md:266	2	docs		Real32.*	no	no	mine	69
402	SIGNATURES	WORD, INTEGER, PRIM_IO, STREAM_IO, MONO_* (but MONO_ARRAY2)	Implementation-defined	note	These signatures are lib/basis's own (its structures are sealed with them), not generated from the transcriptions; the other 56 are generated from tests/basis/spec-sigs.		docs/language.md:274; scripts/gen-basis-sigs.sh:10-14	2	docs,other		signatures.sml sections	no	no	mine	93
403	SOCKET	Socket *NB functions	Implementation-defined	note	Implemented by temporarily switching the handle to non-blocking mode; NONE when the call would wait.		lib/basis/socket.sml:90-92	1	lib-body			no		lib	
404	SOCKET	Socket.Ctl.getATMARK	Implementation-defined	note	"(marginal) Host TCP semantics pinned: ""abc"" sent with oob puts the out-of-band mark after ""ab"" (the last byte is the urgent one)."		tests/basis/socket_ctl.sml:144-146	1	tests	Socket.Ctl.getATMARK/before-and-at-the-mark		yes		testsB	
405	SOCKET	Socket.Ctl.getLINGER, setLINGER	Implementation-defined	note	SO_LINGER via struct linger, in whole seconds.		lib/basis/socket.sml:247-248	1	lib-body			no		lib	
406	SOCKET	Socket.Ctl.setSNDBUF	Implementation-defined	note	Buffer sizes are only checked to be at least what was asked for, since the system may add room (Linux doubles them).		tests/basis/socket_ctl.sml:3-11	1	tests	Socket.Ctl.setSNDBUF/at-least-the-size, Socket.Ctl.setSNDBUF/larger, Socket.Ctl.setRCVBUF/at-least-the-size, Socket.Ctl.setRCVBUF/larger		yes		testsB	
407	SOCKET	Socket.sock type parameters	Implementation-defined	note	Phantom types only; the value is the handle regardless.		lib/basis/socket.sml:39-40	1	lib-body			no		lib	
408	SOCKET	Socket.sock, sock_addr, NB forms, select; Socket.sock, sock_addr	Implementation-defined	note	A socket is the system's descriptor with phantom family/mode types; sock_addr is the bytes of the sockaddr; NB forms switch the descriptor to non-blocking for the call; select is OS.IO.poll; zero-byte receive returns at once; send to a gone peer fails with EPIPE (MSG_NOSIGNAL) instead of SIGPIPE.	[lib] A socket is a system handle (SOCK of int); an address is the raw sockaddr bytes (ADDR of string).	docs/basis-compat.md:209; docs/language.md:223; lib/basis/socket.sml:1-3	3	docs,lib-body		Socket.*	no	no	lib,mine	85
409	STREAM_IO	outstreams over VM files	Implementation-defined	note	Such a stream hands everything to the VM at once and asks the VM to flush per mode; getWriter's writer writes through.		lib/basis/streamio_fn.sml:1-18	1	lib-body			no		lib	
410	STRING	String	Implementation-defined	note	8-bit byte strings.		lib/basis/string.sml:1	1	lib-body			no		lib	
411	STRING	String.extract	Implementation-defined	note	"The ""largest int"" used for the overflow checks is Int.maxInt, or 2^30 - 1 when int is unbounded."		tests/basis/string.sml:33	1	tests	String.extract/SOME-Subscript-not-Overflow-size, String.extract/SOME-Subscript-not-Overflow-both, String.extract/SOME-Subscript-not-Overflow-start		yes		testsB	
412	STRING	String.maxSize	Implementation-defined	note	String.maxSize = 1073741823 (2^30 - 1). Recorded only in the source.	[lib] 1073741823 (2^30-1); also CharVector/Word8Vector.maxLen (from source).	lib/basis/string.sml:7	1	lib-body	String.maxSize/positive		yes	no -- NOT documented	lib,mine	72
413	STRING_CVT	StringCvt.padLeft	Implementation-defined	note	The smallest and largest int are Int.minInt/maxInt, or ~2^30 / 2^30 - 1 when int is unbounded.		tests/basis/stringcvt.sml:51	1	tests	StringCvt.padLeft/width-minInt, StringCvt.padRight/width-minInt		yes		testsB	
414	SUBSTRING	Substring	Implementation-defined	note	The same small and large ints (minInt/maxInt, or ±2^30) drive the Subscript-not-Overflow checks.		tests/basis/substring.sml:50	1	tests	Substring.substring/Subscript-not-Overflow-sum-size, Substring.extract/NONE-Subscript-not-Overflow, Substring.slice/SOME-Subscript-not-Overflow-sum-size, Substring.triml/largest-k, Substring.trimr/Subscript-smallest-k		yes		testsB	
415	SUBSTRING	Substring.concat	Implementation-defined	note	Size of concat/concatWith is checked only where String.maxSize <= 2^26.		tests/basis/substring.sml:387-388	1	tests		Substring.concat/Size, Substring.concatWith/Size, Substring.concatWith/Size-by-the-separators	no		testsB	
416	TEXT	WideText	Implementation-defined	note	Optional structure provided.		lib/basis/widetext.sml:1-2	1	lib-body			no		lib	
417	TEXT_IO	TextIO	Implementation-defined	note	On the POSIX systems the suite runs on, a text file holds exactly the characters written to it (no newline or character translation).		tests/basis/textio.sml:2-12	1	tests	TextIO.output/every-character, TextIO.output1/every-character, TextIO.inputAll/every-character		yes		testsB	
418	TEXT_IO	TextIO file writers	Implementation-defined	note	Write through to the VM's file; the VM buffers.		lib/basis/textio.sml:91-92	1	lib-body			no		lib	
419	TEXT_IO	TextIO/BinIO buffering	Implementation-defined	note	The VM buffers file output and flushes all files at exit; the comment calls NO_BUF the default, but TextIO.openOut reports BLOCK_BUF/LINE_BUF.		lib/basis/runefile.sml:59-61	1	lib-body			no		lib	
420	TEXT_IO	TextIO/BinIO files	Implementation-defined	note	Files are VM handles (ints): 0 stdin, 1 stdout, 2 stderr, others from file_open.		lib/basis/runefile.sml:1-3	1	lib-body			no		lib	
421	TEXT_IO	WideTextIO.openString, mkInstream	Implementation-defined	note	Wide strings and user-supplied readers carry wide characters as they are, without UTF-8 encoding.		lib/basis/widetextio.sml:175	1	lib-body			no		lib	
422	TEXT_IO	chunkSize	Implementation-defined	note	4096 for file readers and writers; 1024 for WideTextIO (from source).		lib/basis/runefile.sml:21	1	lib-body			no		lib	
423	TEXT_IO / IO	buffering modes	Implementation-defined	note	openOut is BLOCK_BUF, LINE_BUF on a terminal, stdErr NO_BUF; file output is buffered by the VM; user-made streams buffer as their mode says.		docs/language.md:229; docs/plans/basis.md:159-162	2	docs		TextIO.StreamIO.getBufferMode/*	no	no	mine	82
424	TEXT_STREAM_IO / STREAM_IO	BinIO.StreamIO.filePosIn	Implementation-defined	note	Positions in files (BinPrimIO.pos = Position.int) are byte offsets.		tests/basis/binio_streamio.sml:285	1	tests	BinIO.StreamIO.filePosIn/file-offsets, BinIO.StreamIO.getPosOut/file-offsets, BinIO.StreamIO.setPosOut/file-overwrites, BinIO.setPosOut/file-overwrites		yes		testsA	
425	TEXT_STREAM_IO / STREAM_IO	TextIO.StreamIO.filePosIn	Implementation-defined	note	pos of TextIO.StreamIO is abstract, not a concrete byte offset, so only the order of positions and the effect of setPos/setPosOut are checked.		tests/basis/textio_streamio.sml:253-256	1	tests	TextPrimIO.compare/file-positions, TextIO.StreamIO.filePosIn/setPos-then-readVec, TextIO.StreamIO.filePosIn/Io-truncated		yes		testsB	
426	TIME	Time	Implementation-defined	note	The resolution of time is implementation-defined: expected times are given in nanoseconds, which every resolution of a microsecond or finer converts exactly.		tests/basis/time.sml:37-39	1	tests		(helpers eqN/eqNO, e.g. Time.+/basic, Time.fromString/fraction)	no		testsB	
427	TIME	Time.+	Implementation-defined	note	Wherever the range ends, repeated doubling must stay exact until one step raises Time, never a wrong value or another exception.		tests/basis/time.sml:237-238	1	tests	Time.+/Time-when-not-representable, Time.+/Time-when-not-representable-negative, Time.-/Time-when-not-representable, Time.-/Time-when-not-representable-positive		yes		testsB	
428	TIME	Time.fmt, toString, scan; Time.fromSeconds ... fromNanoseconds, +, -; Time.fmt; Time.scan, fromString; Time.toSeconds, toMilliseconds, fromNanoseconds; Time.fmt, toString	Implementation-defined	note	fmt rounds the last digit kept to nearest; digits after the sixth are zeros; scan drops fraction digits after the sixth and raises Time when too large; the to* conversions truncate towards zero.	"[lib] Time is raised when the result is not representable (int overflow); conversions take and give LargeInt.int as the spec prescribes. || [lib] Seconds, point, n fraction digits (no point for n=0, default 3); exact fixed-point: digits beyond the sixth are zeros; n<0 raises Size. || [lib] [+~-]?(digits(.digits?)?|.digits); any number of digits is read; fraction digits after the sixth are dropped; too large a value raises Time. || [lib] Truncate toward zero. || [lib] The last kept digit is rounded to nearest (half away from zero). || [testsB] ""Fixed-point semantics"" is read as: the digits are those of the exact value, also beyond the resolution; negative times are written with ~, as elsewhere in the library."	lib/basis/time.sml:16-17,26,49-52,61,73-75; tests/basis/time.sml:296-302	6	lib-body,tests	Time.fmt/fixed-point-semantics, Time.fmt/fixed-point-semantics-rounded, Time.fmt/more-digits-than-microseconds, Time.fmt/40-digits, Time.fmt/negative, Time.toString/negative	Time.fmt/*	yes	no	lib,mine,testsB	125
429	TIME	Time.fromSeconds	Implementation-defined	note	The range of time is left open: for 10^40 of any unit the check wants the exact time or the exception Time, nothing else.		tests/basis/time.sml:203	1	tests	Time.fromSeconds/huge-exact-or-Time, Time.fromSeconds/huge-negative-exact-or-Time, Time.fromSeconds/beyond-64-bit-microseconds-exact-or-Time, Time.fromMilliseconds/huge-exact-or-Time, Time.fromMicroseconds/huge-exact-or-Time, Time.fromNanoseconds/huge-exact-or-Time, Time.fromNanoseconds/huge-negative-exact-or-Time		yes		testsB	
430	TIME	Time.time	Implementation-defined	note	Microseconds in an int (about +-292,000 years); conversions take/give LargeInt.int; finer fractions are lost.	[lib] Held as microseconds in a 64-bit int; finer input is truncated.	docs/basis-compat.md:207; docs/language.md:214; lib/basis/time.sml:1	3	docs,lib-body		none	no	no	lib,mine	74
431	TIME	Time.toNanoseconds	Implementation-defined	note	For a time beyond 2^63 ns, the exact LargeInt result is expected, or Overflow only when LargeInt has a precision; an unrepresentable time passes vacuously.		tests/basis/time.sml:165-167	1	tests	Time.toNanoseconds/beyond-64-bits, Time.toMicroseconds/large, Time.toMilliseconds/large, Time.toSeconds/large		yes		testsB	
432	TIMER	Timer.totalRealTimer	Implementation-defined	note	Real time counts from library initialisation, just before the program's own code runs.		lib/basis/timer.sml:28-29	1	lib-body			no		lib	
433	UNIX	Unix.execute (exec failure); Unix.execute, executeInEnv; Unix.execute	Implementation-defined	note	A child whose exec fails exits with status 126, as the page asks.	[lib] Quote: a child whose exec fails exits with status 126. || [testsB] When the command cannot be executed, both outcomes are accepted: the child exits with status 126, or execute/executeInEnv raises OS.SysErr.	lib/basis/unix.sml:40-42; tests/basis/unix.sml:50-53	2	lib-body,tests	Unix.execute/no-such-program, Unix.executeInEnv/no-such-program	Unix.execute/*126*	yes	no	lib,mine,testsB	126
434	UNIX	Unix.execute, executeInEnv	Implementation-defined	note	The parent's pipe ends are close-on-exec, so later children do not keep them open.		lib/basis/unix.sml:27-28	1	lib-body			no		lib	
435	UNIX	Unix.proc, reap, exit; Unix.proc	Implementation-defined	note	A process with a pipe each way; reap gives OS.Process.status; exit runs the atExit actions; the two type variables of proc force a type annotation on top-level bindings (value restriction).	[lib] One representation for all stream kinds; the type parameters are phantom; text streams are created once and cached.	docs/language.md:222; lib/basis/unix.sml:11-13	2	docs,lib-body		Unix.*	no	no	lib,mine	87
436	VECTOR	Vector.concat	Implementation-defined	note	Size of concat is checked only where Vector.maxLen <= 2^24 (1024 copies of maxLen div 1024 + 1 elements); for fromList it is not checked anywhere.		tests/basis/vector.sml:306-308	1	tests		Vector.concat/Size-above-maxLen	no		testsB	
437	VECTOR_SLICE	VectorSlice.concat	Implementation-defined	note	Size of concat is checked only where Vector.maxLen is small (<= 2^24).		tests/basis/vectorslice.sml:435-437	1	tests		VectorSlice.concat/Size-above-maxLen	no		testsB	
438	WORD	WORD	Implementation-defined	note	Nothing is assumed about wordSize beyond >= 8, nor about the precision of Int.int; LargeInt.int is assumed to hold 2^(2*wordSize+1), true wherever it is IntInf.		tests/basis/fn/word_fn.sml:1-15	1	tests		(whole functor TestWordFn, e.g. <name>.fromString/all-ones)	no		testsB	
439	WORD	WORD.toInt	Implementation-defined	note	toInt/toIntX through LargeWord: depending on the precision of Int.int the outcome is an Int.int or Overflow, and both are modelled.		tests/basis/fn/word_large_fn.sml:94	1	tests	<name>.toInt/through-LargeWord-<k>, <name>.toIntX/through-LargeWord-<k>		yes		testsB	
440	WORD	Word.wordSize; LargeWord, SysWord, Word64; Word, LargeWord, SysWord; Word64	Implementation-defined	note	word has 64 bits; LargeWord = SysWord = Word64 = Word. Word8/16/32 keep the upper bits of a word zero.	[lib] 64-bit words; LargeWord and SysWord are Word (word.sml:114, 121-122). || [lib] Is Word itself.	docs/basis-compat.md:17,194,196; docs/language.md:200,232,263; lib/basis/word.sml:1-3,7; lib/basis/word64.sml:1	9	docs,lib-body		none	no	no	lib,mine	67
441	WORD	Word16, Word32	Implementation-defined	note	Held in a VM word whose upper bits are kept zero.		lib/basis/wordn_fn.sml:1-4	1	lib-body			no		lib	
442	WORD	Word8	Implementation-defined	stale-comment	Held in a VM word whose upper bits are kept zero; opaquely sealed.	"[lib] Comment calls Word8 ""the only member of the WordN family so far"" (docs/plans/basis.md); STALE: Word16, Word32, Word64 exist."	lib/basis/word8.sml:1-3	1	lib-body			no		lib	
443	ARRAY	eqtype 'a array = 'a array; signature ARRAY	Transcription-fix	note	As VECTOR: a type abbreviation of the top-level array type (equality whatever the element type).	[lib] Page's `eqtype 'a array = 'a array` is not legal SML; transcribed as a type abbreviation to the top-level array type.	lib/basis/sig_array.sml:2-8; tests/basis/spec-sigs/ARRAY.sml:1-7,3-7	3	spec-sigs		Array:ARRAY/*	no	no	lib,mine	98
444	ARRAY2	Array2	Transcription-fix	note	"The header quotes the page as ""i gives the row index, and [j] gives the column index"": the bracketed j is the test author's correction of the page's sentence."		tests/basis/array2.sml:2-11	1	tests	Array2.sub/first, Array2.sub/end-of-first-row, Array2.sub/start-of-last-row		yes		testsA	
445	BOOL	datatype bool; signature BOOL	Transcription-fix	note	Page: `datatype bool = false | true` is illegal (Definition 2.9); written as a datatype replication.	[lib] Page's `datatype bool = false | true` is illegal (Definition 2.9); written as a datatype replication.	docs/basis-compat.md:354-357; lib/basis/sig_bool.sml:2-6; tests/basis/spec-sigs/BOOL.sml:1-5,3-5	4	docs,spec-sigs		Bool:BOOL/*	no	no	lib,mine	94
446	CHAR	sample table of fromString	Transcription-fix	note	"Erratum: third sample ""a\\ \\\q"" is not an SML string; STRING's page has the right one."		docs/basis-compat.md:353; tests/basis/char.sml:393-394	2	docs,tests	Char.fromString/sample-*		yes	no	mine	112
447	CHAR / STRING	types of toString, scan, fromString, toCString, fromCString; signature CHAR; signature STRING	Transcription-fix	note	Kept as written with String.string / Char.char (the signature also serves WideChar/WideString); instance constraints live in *_sig tests.	[lib] Types written with String.string and Char.char are kept as on the page, because the signature also serves WideChar. || [lib] Types written with String.string are kept as on the page, because the signature also serves WideString.	lib/basis/sig_char.sml:2-8; lib/basis/sig_string.sml:2-8; tests/basis/spec-sigs/CHAR.sml:1-7,3-7; tests/basis/spec-sigs/STRING.sml:1-7,3-7	6	spec-sigs		-	no	no	lib,mine	104
448	GENERAL	exception Domain	Transcription-fix	note	Erratum: page says Domain is raised by MATH functions, which never raise it (REAL's floor/ceil/… and sign do).		docs/basis-compat.md:357-358; tests/basis/general.sml:86-88	2	docs,tests	General.Domain/Real.floor-nan		yes	no	mine	114
449	GENERAL	exnMessage example	Transcription-fix	note	"Erratum: the `exnMessage Div = ""Div""` example contradicts 'may vary'."		docs/basis-compat.md:358-359	1	docs		General.exnMessage/*	no	no	mine	115
450	GENERAL	type exn = exn; signature GENERAL	Transcription-fix	note	Read as equating General.exn with the top-level exn.	[lib] Page's `type exn = exn` is read as equating General.exn with the top-level exn.	lib/basis/sig_general.sml:2-6; tests/basis/spec-sigs/GENERAL.sml:1-5,3-5	3	spec-sigs		-	no	no	lib,mine	99
451	LIST	datatype 'a list; signature LIST	Transcription-fix	note	Page: `datatype 'a list = nil | ::` is illegal (Definition 2.9); replication instead.	[lib] Page's datatype specification of nil and :: is illegal (Definition 2.9); written as a datatype replication.	docs/basis-compat.md:354-357; lib/basis/sig_list.sml:2-6; tests/basis/spec-sigs/LIST.sml:1-5,3-5	4	docs,spec-sigs		List:LIST/*	no	no	lib,mine	95
452	MONO_ARRAY2	signature MONO_ARRAY2	Transcription-fix	note	Instance constraints (where type vector/elem) are checked in tests, not written in the signature; traversal is that of Array2.		lib/basis/sig_mono_array2.sml:2-14; tests/basis/spec-sigs/MONO_ARRAY2.sml:1-13	2	spec-sigs			no		lib	
453	OPTION	datatype 'a option; signature OPTION	Transcription-fix	note	NONE and SOME are not forbidden identifiers: transcribed as the page has it (a non-fix, recorded).	[lib] NONE and SOME are not forbidden identifiers, so the datatype is transcribed as the page has it.	lib/basis/sig_option.sml:2-6; tests/basis/spec-sigs/OPTION.sml:1-5,3-5	3	spec-sigs		-	no	no	lib,mine	96
454	OS / POSIX / UNIX	structure OS :> OS, Posix :> POSIX, Unix :> UNIX; signature OS; signature POSIX; signature UNIX	Transcription-fix	note	Opaque declarations of the pages: types not fixed by where-clauses are abstract; checked both ways in *_sig tests.	[lib] Page declares `structure OS :> OS`; tests match OS against the signature both ways. || [lib] Page declares `structure Posix :> POSIX`: types not fixed by `where type` are abstract there. || [lib] Page seals Unix opaquely, making signal abstract; identity with Posix.Signal.signal and Posix.Process.exit_status is checked in tests.	lib/basis/sig_os.sml:2-7; lib/basis/sig_posix.sml:2-10; lib/basis/sig_unix.sml:2-7; tests/basis/spec-sigs/OS.sml:1-6,5-6; tests/basis/spec-sigs/POSIX.sml:1-9,7-9; tests/basis/spec-sigs/UNIX.sml:1-6,3-6	9	spec-sigs		OS:OS/*	no	no	lib,mine	107
455	OS_IO	structure Kind	Transcription-fix	note	Written on one line so that scripts/check-basis-coverage.sh does not take Kind's members for OS.IO's (tooling artefact).		tests/basis/spec-sigs/OS_IO.sml:4-8	1	spec-sigs		OS.IO.Kind.file/*	no	no	mine	108
456	POSIX_ERROR	eqtype syserror = OS.Process.syserror; signature POSIX_ERROR	Transcription-fix	note	OS.Process has no syserror and `eqtype t = ty` is no SML: written `type syserror = OS.syserror`.	[lib] Page's `eqtype syserror = OS.Process.syserror` is wrong twice (no such type; not legal SML); written `type syserror = OS.syserror`.	lib/basis/sig_posix_error.sml:2-8; tests/basis/spec-sigs/POSIX_ERROR.sml:1-7,4-7	3	spec-sigs		-	no	no	lib,mine	100
457	POSIX_FILE_SYS / POSIX_IO / POSIX_PROCESS / POSIX_PROC_ENV / POSIX_SYS_DB / POSIX_TTY	uid, gid, pid, file_desc, signal, open_mode, dirstream, access_mode; signature POSIX_FILE_SYS; signature POSIX_IO; signature POSIX_PROC_ENV; signature POSIX_PROCESS; signature POSIX_SYS_DB; signature POSIX_TTY	Transcription-fix	note	Types left flexible as on the pages; identities stated only in the text or in POSIX's where-clauses are checked in posix_*_sig.sml, not written into the signatures.	[lib] Types kept as written; the prose identities (uid, gid, file_desc, dirstream, access_mode) are checked by tests, not written into the signature. || [lib] The pid, file_desc and open_mode identities imposed by POSIX are checked by tests, not written into the signature. || [lib] pid and file_desc are left flexible as on the page; POSIX fixes pid to Process.pid. || [lib] signal is left flexible as on the page; W is `include BIT_FLAGS` plus untraced. || [lib] uid and gid are left flexible as on the page; POSIX fixes them. || [lib] pid and file_desc are left flexible as on the page; POSIX fixes them.	lib/basis/sig_posix_file_sys.sml:2-13; lib/basis/sig_posix_io.sml:2-11; lib/basis/sig_posix_proc_env.sml:2-6; lib/basis/sig_posix_process.sml:2-8; lib/basis/sig_posix_sys_db.sml:2-6; lib/basis/sig_posix_tty.sml:2-8; tests/basis/spec-sigs/POSIX_FILE_SYS.sml:1-12,7-12; tests/basis/spec-sigs/POSIX_IO.sml:1-10,7-10; tests/basis/spec-sigs/POSIX_PROCESS.sml:1-7,6-7; tests/basis/spec-sigs/POSIX_PROC_ENV.sml:1-5,4-5; tests/basis/spec-sigs/POSIX_SYS_DB.sml:1-5,4-5; tests/basis/spec-sigs/POSIX_TTY.sml:1-7,5-7	18	spec-sigs	Posix:POSIX/FileSys.uid-is-ProcEnv.uid		yes	WIDTH line 337 only	lib,mine	106
458	PRIM_IO / TEXT_IO	WideTextPrimIO, WideTextIO	Transcription-fix	stale-comment	'The optional WideTextPrimIO / WideTextIO is left out' of the transcriptions -- STALE: Rune now has both (tests/basis/widetextio_sig.sml).		tests/basis/spec-sigs/PRIM_IO.sml:9-10; tests/basis/spec-sigs/TEXT_IO.sml:16	2	spec-sigs		WideTextIO:TEXT_IO/*	no	no	mine	110
459	REAL / STRING_CVT	grammars of fmt/scan	Transcription-fix	note	Erratum: the pages lost the grouping of their grammars; restored in the test header.		docs/basis-compat.md:352-353; tests/basis/real_fmt.sml:2-16	2	docs,tests		Real.scan/*	no	no	mine	111
460	SML90	(whole signature); signature SML90	Transcription-fix	note	sml90.html is gone from the site; transcribed from MLton's signature in the order of the page.	[lib] The spec page no longer exists; transcribed from MLton's SML90 signature, in the page's order.	docs/language.md:267; lib/basis/sig_sml90.sml:2-5; tests/basis/spec-sigs/SML90.sml:1-4; tests/basis/sml90.sml:2-7	4	docs,spec-sigs,tests		SML90.*	no	no	lib,mine	109
461	SOCKET	recvVecFrom, recvVecFrom', recvVecFromNB, recvVecFromNB'; signature SOCKET (recvVecFrom*)	Transcription-fix	note	Page's result type `'sock_type sock_addr` is a slip for `'af sock_addr`; written 'af.	[lib] Page's result type `'sock_type sock_addr` for the recvVecFrom family is a slip for 'af sock_addr; written 'af.	lib/basis/sig_socket.sml:2-15; tests/basis/spec-sigs/SOCKET.sml:1-14,8-14	3	spec-sigs		Socket:SOCKET/*	no	no	lib,mine	101
462	SUBSTRING	Substring.position	Transcription-fix	note	"The precise wording forgets the condition k+m <= i+n: the occurrence has to lie within ss (""suff is the longest suffix of ss that has s as a prefix"")."		tests/basis/substring.sml:587-594	1	tests	Substring.position/none-ends-after-the-substring, Substring.position/none-starts-before-the-substring, Substring.position/none-only-after-the-substring, Substring.position/none-only-before-the-substring, Substring.position/none-longer-than-the-substring		yes		testsB	
463	SUBSTRING	exception Span; signature SUBSTRING	Transcription-fix	note	span raises General.Span; the signature does not specify it.	[lib] The exception Span that span raises is General's; the signature does not specify it.	lib/basis/sig_substring.sml:2-7; tests/basis/spec-sigs/SUBSTRING.sml:1-6,5-6	3	spec-sigs		-	no	no	lib,mine	105
464	TEXT	where type CharVector.vector = CharVector.vector	Transcription-fix	note	The page's constraint cannot be written after that of String.string (Definition rule 64: the type is no longer flexible); identity shown on values instead.		tests/basis/text_sig.sml:3-14	1	tests	Text:TEXT/CharVector.vector		yes	no	mine	103
465	TEXT_IO	include IMPERATIVE_IO + structure StreamIO : TEXT_STREAM_IO; signature TEXT_IO	Transcription-fix	note	Not valid SML (respecifies StreamIO); written out: the substructure first with its constraints, then IMPERATIVE_IO in full, then TEXT_IO's members.	[lib] Page's `include IMPERATIVE_IO` with a respecified StreamIO is invalid SML; written as StreamIO first, then IMPERATIVE_IO's members in full; WideTextIO omitted.	lib/basis/sig_text_io.sml:2-17; tests/basis/spec-sigs/BIN_IO_IMP.sml:11-13; tests/basis/spec-sigs/TEXT_IO.sml:1-16,5-14; tests/basis/spec-sigs/TEXT_IO_IMP.sml:11-15	5	spec-sigs		TextIO:TEXT_IO/*	no	no	lib,mine	102
466	VECTOR	eqtype 'a vector = 'a vector; signature VECTOR	Transcription-fix	note	Not a specification of the Definition; written as a type abbreviation of the top-level vector (which admits equality).	[lib] Page's `eqtype 'a vector = 'a vector` is not legal SML; written as a type abbreviation.	docs/basis-compat.md:356; lib/basis/sig_vector.sml:2-7; tests/basis/spec-sigs/VECTOR.sml:1-6,3-6	4	docs,spec-sigs		Vector:VECTOR/*	no	no	lib,mine	97
467	WORD	fmt description	Transcription-fix	note	"Erratum: writes ""Ow"" with a letter O."		docs/basis-compat.md:353-354	1	docs		-	no	no	mine	113
468	(library)	structure Windows	Unimplemented-or-stub	note	Not implemented (no host on the matrix has it on Linux either).		docs/basis-compat.md:163,218-220	2	docs		none	no	no (no @absent line needed: no test)	mine	61
469	POSIX_FILE_SYS	ST.isFIFO, isSock, isChr, isBlk	Unimplemented-or-stub	stale-comment	Comment says the VM reports these kinds as 3 (always false); STALE: vm/sys_posix.c:219-230 already returns 4-7.		lib/basis/posix_filesys.sml:135-138	1	lib-body			no		lib	
470	SML90	SML90.Interrupt	Unimplemented-or-stub	note	Declared but never raised (from source).		lib/basis/sml90.sml:24	1	lib-body			no		lib	
471	SOCKET / INET_SOCK	IPv6; Socket.AF.list, fromString, toString	Unimplemented-or-stub	note	No IPv6: INetSock is IPv4 only (NetHostDB.in_addr is IPv4 dotted text).	"[lib] Only INET and UNIX families; no IPv6; toString gives ""?"" for any other (from source)."	docs/basis-compat.md:218-221; lib/basis/socket.sml:48-57	2	docs,lib-body		none	no	no	lib,mine	60
472	SOCKET	Socket.Ctl.getNREAD, getATMARK, getLINGER; Socket.Ctl.getNREAD, getATMARK	Unimplemented-or-stub	stale-comment	STALE STUB NOTE: docs/plans/basis.md still says these are stubs (answer 0 / false / on-off only); lib/basis/socket.sml:247-269 implements them and socket_ctl.sml pins them (five-bytes, 5.000 s).	[lib] FIONREAD and sockatmark.	docs/plans/basis.md:22,121-122; lib/basis/socket.sml:266-267	3	docs,lib-body	Socket.Ctl.getNREAD/five-bytes, Socket.Ctl.setLINGER/some, Socket.Ctl.getATMARK/before-and-at-the-mark		yes	no	lib,mine	63
473	TEXT_IO	WideTextIO file streams	Unimplemented-or-stub	note	Readers and writers have no positions, no ioDesc, no non-blocking operations, no canInput/avail (from source).		lib/basis/widetextio.sml:149-163	1	lib-body			no		lib	
474	TIMER	Timer.checkGCTime, checkCPUTimes; Timer.checkGCTime; Timer.checkCPUTimes	Unimplemented-or-stub	note	GC time is not measured: checkGCTime is zeroTime and checkCPUTimes reports everything as nongc (row basis.timer is 'Partial').	[lib] Always Time.zeroTime: collector time is not measured. || [lib] gc = {usr = 0, sys = 0} always; nongc carries all the CPU time (from source).	docs/language.md:215; lib/basis/timer.sml:12-14,13-19,18	4	docs,lib-body		Timer.checkGCTime/*, so it passes)	no	no	lib,mine	62
