benchmark	profile	optimization	configuration	arguments	expected	status	stdout_sha256	compile_identity	run_log	artifact_directory
digits-of-e1-lazy	normal	O0	rune	50 100 expected/normal.txt	5000	pass	89ed1d8935be70deccc035166984d13b0b4ffaacffdc199cb88963ea77951b57	/home/ruud/rune/.worktrees/benchmarks/examples/benchmarks/shared/input.sml /home/ruud/rune/.worktrees/benchmarks/examples/benchmarks/shared/lazy.sml /home/ruud/rune/.worktrees/benchmarks/examples/benchmarks/digits-of-e1-lazy/benchmark.sml /home/ruud/rune/.worktrees/benchmarks/examples/benchmarks/shared/main.sml 1825589358 4691	/tmp/rune-benchmarks-m3-e-normal-O0.log	tests/out/benchmarks/normal/run.nBXmHw/digits-of-e1-lazy
digits-of-e1-lazy	normal	O0	rune	50 100 expected/normal.txt	5000	pass	89ed1d8935be70deccc035166984d13b0b4ffaacffdc199cb88963ea77951b57	/home/ruud/rune/.worktrees/benchmarks/examples/benchmarks/shared/input.sml /home/ruud/rune/.worktrees/benchmarks/examples/benchmarks/shared/lazy.sml /home/ruud/rune/.worktrees/benchmarks/examples/benchmarks/digits-of-e1-lazy/benchmark.sml /home/ruud/rune/.worktrees/benchmarks/examples/benchmarks/shared/main.sml 1825589358 4691	/tmp/rune-benchmarks-rebase-O0-normal-digits-of-e.log	tests/out/benchmarks/normal/run.mURt7R/digits-of-e1-lazy
digits-of-e1-lazy	normal	O0	rune-jit	50 100 expected/normal.txt	5000	pass	89ed1d8935be70deccc035166984d13b0b4ffaacffdc199cb88963ea77951b57	/home/ruud/rune/.worktrees/benchmarks/examples/benchmarks/shared/input.sml /home/ruud/rune/.worktrees/benchmarks/examples/benchmarks/shared/lazy.sml /home/ruud/rune/.worktrees/benchmarks/examples/benchmarks/digits-of-e1-lazy/benchmark.sml /home/ruud/rune/.worktrees/benchmarks/examples/benchmarks/shared/main.sml 1825589358 4691	/tmp/rune-benchmarks-m3-e-normal-O0.log	tests/out/benchmarks/normal/run.nBXmHw/digits-of-e1-lazy
digits-of-e1-lazy	normal	O0	rune-jit	50 100 expected/normal.txt	5000	pass	89ed1d8935be70deccc035166984d13b0b4ffaacffdc199cb88963ea77951b57	/home/ruud/rune/.worktrees/benchmarks/examples/benchmarks/shared/input.sml /home/ruud/rune/.worktrees/benchmarks/examples/benchmarks/shared/lazy.sml /home/ruud/rune/.worktrees/benchmarks/examples/benchmarks/digits-of-e1-lazy/benchmark.sml /home/ruud/rune/.worktrees/benchmarks/examples/benchmarks/shared/main.sml 1825589358 4691	/tmp/rune-benchmarks-rebase-O0-normal-digits-of-e.log	tests/out/benchmarks/normal/run.mURt7R/digits-of-e1-lazy
digits-of-e1-lazy	normal	O0	rune-new	50 100 expected/normal.txt	5000	pass	89ed1d8935be70deccc035166984d13b0b4ffaacffdc199cb88963ea77951b57	/home/ruud/rune/.worktrees/benchmarks/examples/benchmarks/shared/input.sml /home/ruud/rune/.worktrees/benchmarks/examples/benchmarks/shared/lazy.sml /home/ruud/rune/.worktrees/benchmarks/examples/benchmarks/digits-of-e1-lazy/benchmark.sml /home/ruud/rune/.worktrees/benchmarks/examples/benchmarks/shared/main.sml 1825589358 4691	/tmp/rune-benchmarks-m3-e-normal-O0.log	tests/out/benchmarks/normal/run.nBXmHw/digits-of-e1-lazy
digits-of-e1-lazy	normal	O0	rune-new	50 100 expected/normal.txt	5000	pass	89ed1d8935be70deccc035166984d13b0b4ffaacffdc199cb88963ea77951b57	/home/ruud/rune/.worktrees/benchmarks/examples/benchmarks/shared/input.sml /home/ruud/rune/.worktrees/benchmarks/examples/benchmarks/shared/lazy.sml /home/ruud/rune/.worktrees/benchmarks/examples/benchmarks/digits-of-e1-lazy/benchmark.sml /home/ruud/rune/.worktrees/benchmarks/examples/benchmarks/shared/main.sml 1825589358 4691	/tmp/rune-benchmarks-rebase-O0-normal-digits-of-e.log	tests/out/benchmarks/normal/run.mURt7R/digits-of-e1-lazy
digits-of-e1-lazy	normal	O0	rune-opt	50 100 expected/normal.txt	5000	pass	89ed1d8935be70deccc035166984d13b0b4ffaacffdc199cb88963ea77951b57	/home/ruud/rune/.worktrees/benchmarks/examples/benchmarks/shared/input.sml /home/ruud/rune/.worktrees/benchmarks/examples/benchmarks/shared/lazy.sml /home/ruud/rune/.worktrees/benchmarks/examples/benchmarks/digits-of-e1-lazy/benchmark.sml /home/ruud/rune/.worktrees/benchmarks/examples/benchmarks/shared/main.sml 1825589358 4691	/tmp/rune-benchmarks-m3-e-normal-O0.log	tests/out/benchmarks/normal/run.nBXmHw/digits-of-e1-lazy
digits-of-e1-lazy	normal	O0	rune-opt	50 100 expected/normal.txt	5000	pass	89ed1d8935be70deccc035166984d13b0b4ffaacffdc199cb88963ea77951b57	/home/ruud/rune/.worktrees/benchmarks/examples/benchmarks/shared/input.sml /home/ruud/rune/.worktrees/benchmarks/examples/benchmarks/shared/lazy.sml /home/ruud/rune/.worktrees/benchmarks/examples/benchmarks/digits-of-e1-lazy/benchmark.sml /home/ruud/rune/.worktrees/benchmarks/examples/benchmarks/shared/main.sml 1825589358 4691	/tmp/rune-benchmarks-rebase-O0-normal-digits-of-e.log	tests/out/benchmarks/normal/run.mURt7R/digits-of-e1-lazy
digits-of-e1-lazy	normal	O2	rune	50 100 expected/normal.txt	5000	pass	89ed1d8935be70deccc035166984d13b0b4ffaacffdc199cb88963ea77951b57	/home/ruud/rune/.worktrees/benchmarks/examples/benchmarks/shared/input.sml /home/ruud/rune/.worktrees/benchmarks/examples/benchmarks/shared/lazy.sml /home/ruud/rune/.worktrees/benchmarks/examples/benchmarks/digits-of-e1-lazy/benchmark.sml /home/ruud/rune/.worktrees/benchmarks/examples/benchmarks/shared/main.sml 1825589358 4691	/tmp/rune-benchmarks-m3-e-normal.log	tests/out/benchmarks/normal/run.EH4J5c/digits-of-e1-lazy
digits-of-e1-lazy	normal	O2	rune	50 100 expected/normal.txt	5000	pass	89ed1d8935be70deccc035166984d13b0b4ffaacffdc199cb88963ea77951b57	/home/ruud/rune/.worktrees/benchmarks/examples/benchmarks/shared/input.sml /home/ruud/rune/.worktrees/benchmarks/examples/benchmarks/shared/lazy.sml /home/ruud/rune/.worktrees/benchmarks/examples/benchmarks/digits-of-e1-lazy/benchmark.sml /home/ruud/rune/.worktrees/benchmarks/examples/benchmarks/shared/main.sml 1825589358 4691	/tmp/rune-benchmarks-rebase-O2-normal-digits-of-e.log	tests/out/benchmarks/normal/run.uVu6vi/digits-of-e1-lazy
digits-of-e1-lazy	normal	O2	rune-jit	50 100 expected/normal.txt	5000	pass	89ed1d8935be70deccc035166984d13b0b4ffaacffdc199cb88963ea77951b57	/home/ruud/rune/.worktrees/benchmarks/examples/benchmarks/shared/input.sml /home/ruud/rune/.worktrees/benchmarks/examples/benchmarks/shared/lazy.sml /home/ruud/rune/.worktrees/benchmarks/examples/benchmarks/digits-of-e1-lazy/benchmark.sml /home/ruud/rune/.worktrees/benchmarks/examples/benchmarks/shared/main.sml 1825589358 4691	/tmp/rune-benchmarks-m3-e-normal.log	tests/out/benchmarks/normal/run.EH4J5c/digits-of-e1-lazy
digits-of-e1-lazy	normal	O2	rune-jit	50 100 expected/normal.txt	5000	pass	89ed1d8935be70deccc035166984d13b0b4ffaacffdc199cb88963ea77951b57	/home/ruud/rune/.worktrees/benchmarks/examples/benchmarks/shared/input.sml /home/ruud/rune/.worktrees/benchmarks/examples/benchmarks/shared/lazy.sml /home/ruud/rune/.worktrees/benchmarks/examples/benchmarks/digits-of-e1-lazy/benchmark.sml /home/ruud/rune/.worktrees/benchmarks/examples/benchmarks/shared/main.sml 1825589358 4691	/tmp/rune-benchmarks-rebase-O2-normal-digits-of-e.log	tests/out/benchmarks/normal/run.uVu6vi/digits-of-e1-lazy
digits-of-e1-lazy	normal	O2	rune-new	50 100 expected/normal.txt	5000	pass	89ed1d8935be70deccc035166984d13b0b4ffaacffdc199cb88963ea77951b57	/home/ruud/rune/.worktrees/benchmarks/examples/benchmarks/shared/input.sml /home/ruud/rune/.worktrees/benchmarks/examples/benchmarks/shared/lazy.sml /home/ruud/rune/.worktrees/benchmarks/examples/benchmarks/digits-of-e1-lazy/benchmark.sml /home/ruud/rune/.worktrees/benchmarks/examples/benchmarks/shared/main.sml 1825589358 4691	/tmp/rune-benchmarks-m3-e-normal.log	tests/out/benchmarks/normal/run.EH4J5c/digits-of-e1-lazy
digits-of-e1-lazy	normal	O2	rune-new	50 100 expected/normal.txt	5000	pass	89ed1d8935be70deccc035166984d13b0b4ffaacffdc199cb88963ea77951b57	/home/ruud/rune/.worktrees/benchmarks/examples/benchmarks/shared/input.sml /home/ruud/rune/.worktrees/benchmarks/examples/benchmarks/shared/lazy.sml /home/ruud/rune/.worktrees/benchmarks/examples/benchmarks/digits-of-e1-lazy/benchmark.sml /home/ruud/rune/.worktrees/benchmarks/examples/benchmarks/shared/main.sml 1825589358 4691	/tmp/rune-benchmarks-rebase-O2-normal-digits-of-e.log	tests/out/benchmarks/normal/run.uVu6vi/digits-of-e1-lazy
digits-of-e1-lazy	normal	O2	rune-opt	50 100 expected/normal.txt	5000	pass	89ed1d8935be70deccc035166984d13b0b4ffaacffdc199cb88963ea77951b57	/home/ruud/rune/.worktrees/benchmarks/examples/benchmarks/shared/input.sml /home/ruud/rune/.worktrees/benchmarks/examples/benchmarks/shared/lazy.sml /home/ruud/rune/.worktrees/benchmarks/examples/benchmarks/digits-of-e1-lazy/benchmark.sml /home/ruud/rune/.worktrees/benchmarks/examples/benchmarks/shared/main.sml 1825589358 4691	/tmp/rune-benchmarks-m3-e-normal.log	tests/out/benchmarks/normal/run.EH4J5c/digits-of-e1-lazy
digits-of-e1-lazy	normal	O2	rune-opt	50 100 expected/normal.txt	5000	pass	89ed1d8935be70deccc035166984d13b0b4ffaacffdc199cb88963ea77951b57	/home/ruud/rune/.worktrees/benchmarks/examples/benchmarks/shared/input.sml /home/ruud/rune/.worktrees/benchmarks/examples/benchmarks/shared/lazy.sml /home/ruud/rune/.worktrees/benchmarks/examples/benchmarks/digits-of-e1-lazy/benchmark.sml /home/ruud/rune/.worktrees/benchmarks/examples/benchmarks/shared/main.sml 1825589358 4691	/tmp/rune-benchmarks-rebase-O2-normal-digits-of-e.log	tests/out/benchmarks/normal/run.uVu6vi/digits-of-e1-lazy
digits-of-e1-lazy	normal	host-default	native-mlton-20241230	50 100 expected/normal.txt	5000	pass	89ed1d8935be70deccc035166984d13b0b4ffaacffdc199cb88963ea77951b57	-	/tmp/rune-benchmarks-m3-e-normal.log	tests/out/benchmarks/normal/run.EH4J5c/digits-of-e1-lazy
digits-of-e1-lazy	normal	host-default	native-polyml-5.9.2	50 100 expected/normal.txt	5000	pass	89ed1d8935be70deccc035166984d13b0b4ffaacffdc199cb88963ea77951b57	-	/tmp/rune-benchmarks-m3-e-normal.log	tests/out/benchmarks/normal/run.EH4J5c/digits-of-e1-lazy
digits-of-e1-lazy	normal	host-default	native-smlnj-legacy-110.99.9	50 100 expected/normal.txt	5000	pass	e5d943ddb51cf349dc75d022fe27a35b3afc0da0fd86f91f7f6350680d33d258	-	/tmp/rune-benchmarks-m3-e-normal.log	tests/out/benchmarks/normal/run.EH4J5c/digits-of-e1-lazy
digits-of-e1-lazy	smoke	O0	rune	10 1 expected/smoke.txt	10	pass	e8c421f646f2c2987e1c108b822f27ac9824783e0c2c1216575c09cde03aa4b1	/home/ruud/rune/.worktrees/benchmarks/examples/benchmarks/shared/input.sml /home/ruud/rune/.worktrees/benchmarks/examples/benchmarks/shared/lazy.sml /home/ruud/rune/.worktrees/benchmarks/examples/benchmarks/digits-of-e1-lazy/benchmark.sml /home/ruud/rune/.worktrees/benchmarks/examples/benchmarks/shared/main.sml 1825589358 4691	/tmp/rune-benchmarks-m3-e-smoke-O0.log	tests/out/benchmarks/smoke/run.UsXclC/digits-of-e1-lazy
digits-of-e1-lazy	smoke	O0	rune	10 1 expected/smoke.txt	10	pass	e8c421f646f2c2987e1c108b822f27ac9824783e0c2c1216575c09cde03aa4b1	/home/ruud/rune/.worktrees/benchmarks/examples/benchmarks/shared/input.sml /home/ruud/rune/.worktrees/benchmarks/examples/benchmarks/shared/lazy.sml /home/ruud/rune/.worktrees/benchmarks/examples/benchmarks/digits-of-e1-lazy/benchmark.sml /home/ruud/rune/.worktrees/benchmarks/examples/benchmarks/shared/main.sml 1825589358 4691	/tmp/rune-benchmarks-rebase-O0-smoke-digits-of-e.log	tests/out/benchmarks/smoke/run.LGvtvo/digits-of-e1-lazy
digits-of-e1-lazy	smoke	O0	rune-jit	10 1 expected/smoke.txt	10	pass	e8c421f646f2c2987e1c108b822f27ac9824783e0c2c1216575c09cde03aa4b1	/home/ruud/rune/.worktrees/benchmarks/examples/benchmarks/shared/input.sml /home/ruud/rune/.worktrees/benchmarks/examples/benchmarks/shared/lazy.sml /home/ruud/rune/.worktrees/benchmarks/examples/benchmarks/digits-of-e1-lazy/benchmark.sml /home/ruud/rune/.worktrees/benchmarks/examples/benchmarks/shared/main.sml 1825589358 4691	/tmp/rune-benchmarks-m3-e-smoke-O0.log	tests/out/benchmarks/smoke/run.UsXclC/digits-of-e1-lazy
digits-of-e1-lazy	smoke	O0	rune-jit	10 1 expected/smoke.txt	10	pass	e8c421f646f2c2987e1c108b822f27ac9824783e0c2c1216575c09cde03aa4b1	/home/ruud/rune/.worktrees/benchmarks/examples/benchmarks/shared/input.sml /home/ruud/rune/.worktrees/benchmarks/examples/benchmarks/shared/lazy.sml /home/ruud/rune/.worktrees/benchmarks/examples/benchmarks/digits-of-e1-lazy/benchmark.sml /home/ruud/rune/.worktrees/benchmarks/examples/benchmarks/shared/main.sml 1825589358 4691	/tmp/rune-benchmarks-rebase-O0-smoke-digits-of-e.log	tests/out/benchmarks/smoke/run.LGvtvo/digits-of-e1-lazy
digits-of-e1-lazy	smoke	O0	rune-new	10 1 expected/smoke.txt	10	pass	e8c421f646f2c2987e1c108b822f27ac9824783e0c2c1216575c09cde03aa4b1	/home/ruud/rune/.worktrees/benchmarks/examples/benchmarks/shared/input.sml /home/ruud/rune/.worktrees/benchmarks/examples/benchmarks/shared/lazy.sml /home/ruud/rune/.worktrees/benchmarks/examples/benchmarks/digits-of-e1-lazy/benchmark.sml /home/ruud/rune/.worktrees/benchmarks/examples/benchmarks/shared/main.sml 1825589358 4691	/tmp/rune-benchmarks-m3-e-smoke-O0.log	tests/out/benchmarks/smoke/run.UsXclC/digits-of-e1-lazy
digits-of-e1-lazy	smoke	O0	rune-new	10 1 expected/smoke.txt	10	pass	e8c421f646f2c2987e1c108b822f27ac9824783e0c2c1216575c09cde03aa4b1	/home/ruud/rune/.worktrees/benchmarks/examples/benchmarks/shared/input.sml /home/ruud/rune/.worktrees/benchmarks/examples/benchmarks/shared/lazy.sml /home/ruud/rune/.worktrees/benchmarks/examples/benchmarks/digits-of-e1-lazy/benchmark.sml /home/ruud/rune/.worktrees/benchmarks/examples/benchmarks/shared/main.sml 1825589358 4691	/tmp/rune-benchmarks-rebase-O0-smoke-digits-of-e.log	tests/out/benchmarks/smoke/run.LGvtvo/digits-of-e1-lazy
digits-of-e1-lazy	smoke	O0	rune-opt	10 1 expected/smoke.txt	10	pass	e8c421f646f2c2987e1c108b822f27ac9824783e0c2c1216575c09cde03aa4b1	/home/ruud/rune/.worktrees/benchmarks/examples/benchmarks/shared/input.sml /home/ruud/rune/.worktrees/benchmarks/examples/benchmarks/shared/lazy.sml /home/ruud/rune/.worktrees/benchmarks/examples/benchmarks/digits-of-e1-lazy/benchmark.sml /home/ruud/rune/.worktrees/benchmarks/examples/benchmarks/shared/main.sml 1825589358 4691	/tmp/rune-benchmarks-m3-e-smoke-O0.log	tests/out/benchmarks/smoke/run.UsXclC/digits-of-e1-lazy
digits-of-e1-lazy	smoke	O0	rune-opt	10 1 expected/smoke.txt	10	pass	e8c421f646f2c2987e1c108b822f27ac9824783e0c2c1216575c09cde03aa4b1	/home/ruud/rune/.worktrees/benchmarks/examples/benchmarks/shared/input.sml /home/ruud/rune/.worktrees/benchmarks/examples/benchmarks/shared/lazy.sml /home/ruud/rune/.worktrees/benchmarks/examples/benchmarks/digits-of-e1-lazy/benchmark.sml /home/ruud/rune/.worktrees/benchmarks/examples/benchmarks/shared/main.sml 1825589358 4691	/tmp/rune-benchmarks-rebase-O0-smoke-digits-of-e.log	tests/out/benchmarks/smoke/run.LGvtvo/digits-of-e1-lazy
digits-of-e1-lazy	smoke	O2	rune	10 1 expected/smoke.txt	10	pass	e8c421f646f2c2987e1c108b822f27ac9824783e0c2c1216575c09cde03aa4b1	/home/ruud/rune/.worktrees/benchmarks/examples/benchmarks/shared/input.sml /home/ruud/rune/.worktrees/benchmarks/examples/benchmarks/shared/lazy.sml /home/ruud/rune/.worktrees/benchmarks/examples/benchmarks/digits-of-e1-lazy/benchmark.sml /home/ruud/rune/.worktrees/benchmarks/examples/benchmarks/shared/main.sml 1825589358 4691	/tmp/rune-benchmarks-m3-e-smoke.log	tests/out/benchmarks/smoke/run.Q8NOEt/digits-of-e1-lazy
digits-of-e1-lazy	smoke	O2	rune	10 1 expected/smoke.txt	10	pass	e8c421f646f2c2987e1c108b822f27ac9824783e0c2c1216575c09cde03aa4b1	/home/ruud/rune/.worktrees/benchmarks/examples/benchmarks/shared/input.sml /home/ruud/rune/.worktrees/benchmarks/examples/benchmarks/shared/lazy.sml /home/ruud/rune/.worktrees/benchmarks/examples/benchmarks/digits-of-e1-lazy/benchmark.sml /home/ruud/rune/.worktrees/benchmarks/examples/benchmarks/shared/main.sml 1825589358 4691	/tmp/rune-benchmarks-rebase-O2-smoke-digits-of-e.log	tests/out/benchmarks/smoke/run.UbtNae/digits-of-e1-lazy
digits-of-e1-lazy	smoke	O2	rune-jit	10 1 expected/smoke.txt	10	pass	e8c421f646f2c2987e1c108b822f27ac9824783e0c2c1216575c09cde03aa4b1	/home/ruud/rune/.worktrees/benchmarks/examples/benchmarks/shared/input.sml /home/ruud/rune/.worktrees/benchmarks/examples/benchmarks/shared/lazy.sml /home/ruud/rune/.worktrees/benchmarks/examples/benchmarks/digits-of-e1-lazy/benchmark.sml /home/ruud/rune/.worktrees/benchmarks/examples/benchmarks/shared/main.sml 1825589358 4691	/tmp/rune-benchmarks-m3-e-smoke.log	tests/out/benchmarks/smoke/run.Q8NOEt/digits-of-e1-lazy
digits-of-e1-lazy	smoke	O2	rune-jit	10 1 expected/smoke.txt	10	pass	e8c421f646f2c2987e1c108b822f27ac9824783e0c2c1216575c09cde03aa4b1	/home/ruud/rune/.worktrees/benchmarks/examples/benchmarks/shared/input.sml /home/ruud/rune/.worktrees/benchmarks/examples/benchmarks/shared/lazy.sml /home/ruud/rune/.worktrees/benchmarks/examples/benchmarks/digits-of-e1-lazy/benchmark.sml /home/ruud/rune/.worktrees/benchmarks/examples/benchmarks/shared/main.sml 1825589358 4691	/tmp/rune-benchmarks-rebase-O2-smoke-digits-of-e.log	tests/out/benchmarks/smoke/run.UbtNae/digits-of-e1-lazy
digits-of-e1-lazy	smoke	O2	rune-new	10 1 expected/smoke.txt	10	pass	e8c421f646f2c2987e1c108b822f27ac9824783e0c2c1216575c09cde03aa4b1	/home/ruud/rune/.worktrees/benchmarks/examples/benchmarks/shared/input.sml /home/ruud/rune/.worktrees/benchmarks/examples/benchmarks/shared/lazy.sml /home/ruud/rune/.worktrees/benchmarks/examples/benchmarks/digits-of-e1-lazy/benchmark.sml /home/ruud/rune/.worktrees/benchmarks/examples/benchmarks/shared/main.sml 1825589358 4691	/tmp/rune-benchmarks-m3-e-smoke.log	tests/out/benchmarks/smoke/run.Q8NOEt/digits-of-e1-lazy
digits-of-e1-lazy	smoke	O2	rune-new	10 1 expected/smoke.txt	10	pass	e8c421f646f2c2987e1c108b822f27ac9824783e0c2c1216575c09cde03aa4b1	/home/ruud/rune/.worktrees/benchmarks/examples/benchmarks/shared/input.sml /home/ruud/rune/.worktrees/benchmarks/examples/benchmarks/shared/lazy.sml /home/ruud/rune/.worktrees/benchmarks/examples/benchmarks/digits-of-e1-lazy/benchmark.sml /home/ruud/rune/.worktrees/benchmarks/examples/benchmarks/shared/main.sml 1825589358 4691	/tmp/rune-benchmarks-rebase-O2-smoke-digits-of-e.log	tests/out/benchmarks/smoke/run.UbtNae/digits-of-e1-lazy
digits-of-e1-lazy	smoke	O2	rune-opt	10 1 expected/smoke.txt	10	pass	e8c421f646f2c2987e1c108b822f27ac9824783e0c2c1216575c09cde03aa4b1	/home/ruud/rune/.worktrees/benchmarks/examples/benchmarks/shared/input.sml /home/ruud/rune/.worktrees/benchmarks/examples/benchmarks/shared/lazy.sml /home/ruud/rune/.worktrees/benchmarks/examples/benchmarks/digits-of-e1-lazy/benchmark.sml /home/ruud/rune/.worktrees/benchmarks/examples/benchmarks/shared/main.sml 1825589358 4691	/tmp/rune-benchmarks-m3-e-smoke.log	tests/out/benchmarks/smoke/run.Q8NOEt/digits-of-e1-lazy
digits-of-e1-lazy	smoke	O2	rune-opt	10 1 expected/smoke.txt	10	pass	e8c421f646f2c2987e1c108b822f27ac9824783e0c2c1216575c09cde03aa4b1	/home/ruud/rune/.worktrees/benchmarks/examples/benchmarks/shared/input.sml /home/ruud/rune/.worktrees/benchmarks/examples/benchmarks/shared/lazy.sml /home/ruud/rune/.worktrees/benchmarks/examples/benchmarks/digits-of-e1-lazy/benchmark.sml /home/ruud/rune/.worktrees/benchmarks/examples/benchmarks/shared/main.sml 1825589358 4691	/tmp/rune-benchmarks-rebase-O2-smoke-digits-of-e.log	tests/out/benchmarks/smoke/run.UbtNae/digits-of-e1-lazy
digits-of-e1-lazy	smoke	host-default	native-mlton-20241230	10 1 expected/smoke.txt	10	pass	e8c421f646f2c2987e1c108b822f27ac9824783e0c2c1216575c09cde03aa4b1	-	/tmp/rune-benchmarks-m3-e-smoke.log	tests/out/benchmarks/smoke/run.Q8NOEt/digits-of-e1-lazy
digits-of-e1-lazy	smoke	host-default	native-polyml-5.9.2	10 1 expected/smoke.txt	10	pass	e8c421f646f2c2987e1c108b822f27ac9824783e0c2c1216575c09cde03aa4b1	-	/tmp/rune-benchmarks-m3-e-smoke.log	tests/out/benchmarks/smoke/run.Q8NOEt/digits-of-e1-lazy
digits-of-e1-lazy	smoke	host-default	native-smlnj-legacy-110.99.9	10 1 expected/smoke.txt	10	pass	c3b5d6f77038a09e88756f81c02964c44b625bd271a281964a585136aad5c5df	-	/tmp/rune-benchmarks-m3-e-smoke.log	tests/out/benchmarks/smoke/run.Q8NOEt/digits-of-e1-lazy
digits-of-e2-lazy	normal	O0	rune	90 100 expected/normal.txt	9000	pass	3f1cad1e537eec4c00fecc339c2ae93e02112fe26e5e279e0d15f3a7b32d2a29	/home/ruud/rune/.worktrees/benchmarks/examples/benchmarks/shared/input.sml /home/ruud/rune/.worktrees/benchmarks/examples/benchmarks/shared/lazy.sml /home/ruud/rune/.worktrees/benchmarks/examples/benchmarks/digits-of-e2-lazy/benchmark.sml /home/ruud/rune/.worktrees/benchmarks/examples/benchmarks/shared/main.sml 2201952890 5242	/tmp/rune-benchmarks-m3-e-normal-O0.log	tests/out/benchmarks/normal/run.nBXmHw/digits-of-e2-lazy
digits-of-e2-lazy	normal	O0	rune	90 100 expected/normal.txt	9000	pass	3f1cad1e537eec4c00fecc339c2ae93e02112fe26e5e279e0d15f3a7b32d2a29	/home/ruud/rune/.worktrees/benchmarks/examples/benchmarks/shared/input.sml /home/ruud/rune/.worktrees/benchmarks/examples/benchmarks/shared/lazy.sml /home/ruud/rune/.worktrees/benchmarks/examples/benchmarks/digits-of-e2-lazy/benchmark.sml /home/ruud/rune/.worktrees/benchmarks/examples/benchmarks/shared/main.sml 2201952890 5242	/tmp/rune-benchmarks-rebase-O0-normal-digits-of-e.log	tests/out/benchmarks/normal/run.mURt7R/digits-of-e2-lazy
digits-of-e2-lazy	normal	O0	rune-jit	90 100 expected/normal.txt	9000	pass	3f1cad1e537eec4c00fecc339c2ae93e02112fe26e5e279e0d15f3a7b32d2a29	/home/ruud/rune/.worktrees/benchmarks/examples/benchmarks/shared/input.sml /home/ruud/rune/.worktrees/benchmarks/examples/benchmarks/shared/lazy.sml /home/ruud/rune/.worktrees/benchmarks/examples/benchmarks/digits-of-e2-lazy/benchmark.sml /home/ruud/rune/.worktrees/benchmarks/examples/benchmarks/shared/main.sml 2201952890 5242	/tmp/rune-benchmarks-m3-e-normal-O0.log	tests/out/benchmarks/normal/run.nBXmHw/digits-of-e2-lazy
digits-of-e2-lazy	normal	O0	rune-jit	90 100 expected/normal.txt	9000	pass	3f1cad1e537eec4c00fecc339c2ae93e02112fe26e5e279e0d15f3a7b32d2a29	/home/ruud/rune/.worktrees/benchmarks/examples/benchmarks/shared/input.sml /home/ruud/rune/.worktrees/benchmarks/examples/benchmarks/shared/lazy.sml /home/ruud/rune/.worktrees/benchmarks/examples/benchmarks/digits-of-e2-lazy/benchmark.sml /home/ruud/rune/.worktrees/benchmarks/examples/benchmarks/shared/main.sml 2201952890 5242	/tmp/rune-benchmarks-rebase-O0-normal-digits-of-e.log	tests/out/benchmarks/normal/run.mURt7R/digits-of-e2-lazy
digits-of-e2-lazy	normal	O0	rune-new	90 100 expected/normal.txt	9000	pass	3f1cad1e537eec4c00fecc339c2ae93e02112fe26e5e279e0d15f3a7b32d2a29	/home/ruud/rune/.worktrees/benchmarks/examples/benchmarks/shared/input.sml /home/ruud/rune/.worktrees/benchmarks/examples/benchmarks/shared/lazy.sml /home/ruud/rune/.worktrees/benchmarks/examples/benchmarks/digits-of-e2-lazy/benchmark.sml /home/ruud/rune/.worktrees/benchmarks/examples/benchmarks/shared/main.sml 2201952890 5242	/tmp/rune-benchmarks-m3-e-normal-O0.log	tests/out/benchmarks/normal/run.nBXmHw/digits-of-e2-lazy
digits-of-e2-lazy	normal	O0	rune-new	90 100 expected/normal.txt	9000	pass	3f1cad1e537eec4c00fecc339c2ae93e02112fe26e5e279e0d15f3a7b32d2a29	/home/ruud/rune/.worktrees/benchmarks/examples/benchmarks/shared/input.sml /home/ruud/rune/.worktrees/benchmarks/examples/benchmarks/shared/lazy.sml /home/ruud/rune/.worktrees/benchmarks/examples/benchmarks/digits-of-e2-lazy/benchmark.sml /home/ruud/rune/.worktrees/benchmarks/examples/benchmarks/shared/main.sml 2201952890 5242	/tmp/rune-benchmarks-rebase-O0-normal-digits-of-e.log	tests/out/benchmarks/normal/run.mURt7R/digits-of-e2-lazy
digits-of-e2-lazy	normal	O0	rune-opt	90 100 expected/normal.txt	9000	pass	3f1cad1e537eec4c00fecc339c2ae93e02112fe26e5e279e0d15f3a7b32d2a29	/home/ruud/rune/.worktrees/benchmarks/examples/benchmarks/shared/input.sml /home/ruud/rune/.worktrees/benchmarks/examples/benchmarks/shared/lazy.sml /home/ruud/rune/.worktrees/benchmarks/examples/benchmarks/digits-of-e2-lazy/benchmark.sml /home/ruud/rune/.worktrees/benchmarks/examples/benchmarks/shared/main.sml 2201952890 5242	/tmp/rune-benchmarks-m3-e-normal-O0.log	tests/out/benchmarks/normal/run.nBXmHw/digits-of-e2-lazy
digits-of-e2-lazy	normal	O0	rune-opt	90 100 expected/normal.txt	9000	pass	3f1cad1e537eec4c00fecc339c2ae93e02112fe26e5e279e0d15f3a7b32d2a29	/home/ruud/rune/.worktrees/benchmarks/examples/benchmarks/shared/input.sml /home/ruud/rune/.worktrees/benchmarks/examples/benchmarks/shared/lazy.sml /home/ruud/rune/.worktrees/benchmarks/examples/benchmarks/digits-of-e2-lazy/benchmark.sml /home/ruud/rune/.worktrees/benchmarks/examples/benchmarks/shared/main.sml 2201952890 5242	/tmp/rune-benchmarks-rebase-O0-normal-digits-of-e.log	tests/out/benchmarks/normal/run.mURt7R/digits-of-e2-lazy
digits-of-e2-lazy	normal	O2	rune	90 100 expected/normal.txt	9000	pass	3f1cad1e537eec4c00fecc339c2ae93e02112fe26e5e279e0d15f3a7b32d2a29	/home/ruud/rune/.worktrees/benchmarks/examples/benchmarks/shared/input.sml /home/ruud/rune/.worktrees/benchmarks/examples/benchmarks/shared/lazy.sml /home/ruud/rune/.worktrees/benchmarks/examples/benchmarks/digits-of-e2-lazy/benchmark.sml /home/ruud/rune/.worktrees/benchmarks/examples/benchmarks/shared/main.sml 2201952890 5242	/tmp/rune-benchmarks-m3-e-normal.log	tests/out/benchmarks/normal/run.EH4J5c/digits-of-e2-lazy
digits-of-e2-lazy	normal	O2	rune	90 100 expected/normal.txt	9000	pass	3f1cad1e537eec4c00fecc339c2ae93e02112fe26e5e279e0d15f3a7b32d2a29	/home/ruud/rune/.worktrees/benchmarks/examples/benchmarks/shared/input.sml /home/ruud/rune/.worktrees/benchmarks/examples/benchmarks/shared/lazy.sml /home/ruud/rune/.worktrees/benchmarks/examples/benchmarks/digits-of-e2-lazy/benchmark.sml /home/ruud/rune/.worktrees/benchmarks/examples/benchmarks/shared/main.sml 2201952890 5242	/tmp/rune-benchmarks-rebase-O2-normal-digits-of-e.log	tests/out/benchmarks/normal/run.uVu6vi/digits-of-e2-lazy
digits-of-e2-lazy	normal	O2	rune-jit	90 100 expected/normal.txt	9000	pass	3f1cad1e537eec4c00fecc339c2ae93e02112fe26e5e279e0d15f3a7b32d2a29	/home/ruud/rune/.worktrees/benchmarks/examples/benchmarks/shared/input.sml /home/ruud/rune/.worktrees/benchmarks/examples/benchmarks/shared/lazy.sml /home/ruud/rune/.worktrees/benchmarks/examples/benchmarks/digits-of-e2-lazy/benchmark.sml /home/ruud/rune/.worktrees/benchmarks/examples/benchmarks/shared/main.sml 2201952890 5242	/tmp/rune-benchmarks-m3-e-normal.log	tests/out/benchmarks/normal/run.EH4J5c/digits-of-e2-lazy
digits-of-e2-lazy	normal	O2	rune-jit	90 100 expected/normal.txt	9000	pass	3f1cad1e537eec4c00fecc339c2ae93e02112fe26e5e279e0d15f3a7b32d2a29	/home/ruud/rune/.worktrees/benchmarks/examples/benchmarks/shared/input.sml /home/ruud/rune/.worktrees/benchmarks/examples/benchmarks/shared/lazy.sml /home/ruud/rune/.worktrees/benchmarks/examples/benchmarks/digits-of-e2-lazy/benchmark.sml /home/ruud/rune/.worktrees/benchmarks/examples/benchmarks/shared/main.sml 2201952890 5242	/tmp/rune-benchmarks-rebase-O2-normal-digits-of-e.log	tests/out/benchmarks/normal/run.uVu6vi/digits-of-e2-lazy
digits-of-e2-lazy	normal	O2	rune-new	90 100 expected/normal.txt	9000	pass	3f1cad1e537eec4c00fecc339c2ae93e02112fe26e5e279e0d15f3a7b32d2a29	/home/ruud/rune/.worktrees/benchmarks/examples/benchmarks/shared/input.sml /home/ruud/rune/.worktrees/benchmarks/examples/benchmarks/shared/lazy.sml /home/ruud/rune/.worktrees/benchmarks/examples/benchmarks/digits-of-e2-lazy/benchmark.sml /home/ruud/rune/.worktrees/benchmarks/examples/benchmarks/shared/main.sml 2201952890 5242	/tmp/rune-benchmarks-m3-e-normal.log	tests/out/benchmarks/normal/run.EH4J5c/digits-of-e2-lazy
digits-of-e2-lazy	normal	O2	rune-new	90 100 expected/normal.txt	9000	pass	3f1cad1e537eec4c00fecc339c2ae93e02112fe26e5e279e0d15f3a7b32d2a29	/home/ruud/rune/.worktrees/benchmarks/examples/benchmarks/shared/input.sml /home/ruud/rune/.worktrees/benchmarks/examples/benchmarks/shared/lazy.sml /home/ruud/rune/.worktrees/benchmarks/examples/benchmarks/digits-of-e2-lazy/benchmark.sml /home/ruud/rune/.worktrees/benchmarks/examples/benchmarks/shared/main.sml 2201952890 5242	/tmp/rune-benchmarks-rebase-O2-normal-digits-of-e.log	tests/out/benchmarks/normal/run.uVu6vi/digits-of-e2-lazy
digits-of-e2-lazy	normal	O2	rune-opt	90 100 expected/normal.txt	9000	pass	3f1cad1e537eec4c00fecc339c2ae93e02112fe26e5e279e0d15f3a7b32d2a29	/home/ruud/rune/.worktrees/benchmarks/examples/benchmarks/shared/input.sml /home/ruud/rune/.worktrees/benchmarks/examples/benchmarks/shared/lazy.sml /home/ruud/rune/.worktrees/benchmarks/examples/benchmarks/digits-of-e2-lazy/benchmark.sml /home/ruud/rune/.worktrees/benchmarks/examples/benchmarks/shared/main.sml 2201952890 5242	/tmp/rune-benchmarks-m3-e-normal.log	tests/out/benchmarks/normal/run.EH4J5c/digits-of-e2-lazy
digits-of-e2-lazy	normal	O2	rune-opt	90 100 expected/normal.txt	9000	pass	3f1cad1e537eec4c00fecc339c2ae93e02112fe26e5e279e0d15f3a7b32d2a29	/home/ruud/rune/.worktrees/benchmarks/examples/benchmarks/shared/input.sml /home/ruud/rune/.worktrees/benchmarks/examples/benchmarks/shared/lazy.sml /home/ruud/rune/.worktrees/benchmarks/examples/benchmarks/digits-of-e2-lazy/benchmark.sml /home/ruud/rune/.worktrees/benchmarks/examples/benchmarks/shared/main.sml 2201952890 5242	/tmp/rune-benchmarks-rebase-O2-normal-digits-of-e.log	tests/out/benchmarks/normal/run.uVu6vi/digits-of-e2-lazy
digits-of-e2-lazy	normal	host-default	native-mlton-20241230	90 100 expected/normal.txt	9000	pass	3f1cad1e537eec4c00fecc339c2ae93e02112fe26e5e279e0d15f3a7b32d2a29	-	/tmp/rune-benchmarks-m3-e-normal.log	tests/out/benchmarks/normal/run.EH4J5c/digits-of-e2-lazy
digits-of-e2-lazy	normal	host-default	native-polyml-5.9.2	90 100 expected/normal.txt	9000	pass	3f1cad1e537eec4c00fecc339c2ae93e02112fe26e5e279e0d15f3a7b32d2a29	-	/tmp/rune-benchmarks-m3-e-normal.log	tests/out/benchmarks/normal/run.EH4J5c/digits-of-e2-lazy
digits-of-e2-lazy	normal	host-default	native-smlnj-legacy-110.99.9	90 100 expected/normal.txt	9000	pass	36cb03e257b25c91f4e672cbccf181c6033858703268b5e48d4fa30a0e4c03e0	-	/tmp/rune-benchmarks-m3-e-normal.log	tests/out/benchmarks/normal/run.EH4J5c/digits-of-e2-lazy
digits-of-e2-lazy	smoke	O0	rune	90 1 expected/smoke.txt	90	pass	30663a62897808f4227506716a4c7ca3f54749e877161c7229baa4a78ec068ec	/home/ruud/rune/.worktrees/benchmarks/examples/benchmarks/shared/input.sml /home/ruud/rune/.worktrees/benchmarks/examples/benchmarks/shared/lazy.sml /home/ruud/rune/.worktrees/benchmarks/examples/benchmarks/digits-of-e2-lazy/benchmark.sml /home/ruud/rune/.worktrees/benchmarks/examples/benchmarks/shared/main.sml 2201952890 5242	/tmp/rune-benchmarks-m3-e-smoke-O0.log	tests/out/benchmarks/smoke/run.UsXclC/digits-of-e2-lazy
digits-of-e2-lazy	smoke	O0	rune	90 1 expected/smoke.txt	90	pass	30663a62897808f4227506716a4c7ca3f54749e877161c7229baa4a78ec068ec	/home/ruud/rune/.worktrees/benchmarks/examples/benchmarks/shared/input.sml /home/ruud/rune/.worktrees/benchmarks/examples/benchmarks/shared/lazy.sml /home/ruud/rune/.worktrees/benchmarks/examples/benchmarks/digits-of-e2-lazy/benchmark.sml /home/ruud/rune/.worktrees/benchmarks/examples/benchmarks/shared/main.sml 2201952890 5242	/tmp/rune-benchmarks-rebase-O0-smoke-digits-of-e.log	tests/out/benchmarks/smoke/run.LGvtvo/digits-of-e2-lazy
digits-of-e2-lazy	smoke	O0	rune-jit	90 1 expected/smoke.txt	90	pass	30663a62897808f4227506716a4c7ca3f54749e877161c7229baa4a78ec068ec	/home/ruud/rune/.worktrees/benchmarks/examples/benchmarks/shared/input.sml /home/ruud/rune/.worktrees/benchmarks/examples/benchmarks/shared/lazy.sml /home/ruud/rune/.worktrees/benchmarks/examples/benchmarks/digits-of-e2-lazy/benchmark.sml /home/ruud/rune/.worktrees/benchmarks/examples/benchmarks/shared/main.sml 2201952890 5242	/tmp/rune-benchmarks-m3-e-smoke-O0.log	tests/out/benchmarks/smoke/run.UsXclC/digits-of-e2-lazy
digits-of-e2-lazy	smoke	O0	rune-jit	90 1 expected/smoke.txt	90	pass	30663a62897808f4227506716a4c7ca3f54749e877161c7229baa4a78ec068ec	/home/ruud/rune/.worktrees/benchmarks/examples/benchmarks/shared/input.sml /home/ruud/rune/.worktrees/benchmarks/examples/benchmarks/shared/lazy.sml /home/ruud/rune/.worktrees/benchmarks/examples/benchmarks/digits-of-e2-lazy/benchmark.sml /home/ruud/rune/.worktrees/benchmarks/examples/benchmarks/shared/main.sml 2201952890 5242	/tmp/rune-benchmarks-rebase-O0-smoke-digits-of-e.log	tests/out/benchmarks/smoke/run.LGvtvo/digits-of-e2-lazy
digits-of-e2-lazy	smoke	O0	rune-new	90 1 expected/smoke.txt	90	pass	30663a62897808f4227506716a4c7ca3f54749e877161c7229baa4a78ec068ec	/home/ruud/rune/.worktrees/benchmarks/examples/benchmarks/shared/input.sml /home/ruud/rune/.worktrees/benchmarks/examples/benchmarks/shared/lazy.sml /home/ruud/rune/.worktrees/benchmarks/examples/benchmarks/digits-of-e2-lazy/benchmark.sml /home/ruud/rune/.worktrees/benchmarks/examples/benchmarks/shared/main.sml 2201952890 5242	/tmp/rune-benchmarks-m3-e-smoke-O0.log	tests/out/benchmarks/smoke/run.UsXclC/digits-of-e2-lazy
digits-of-e2-lazy	smoke	O0	rune-new	90 1 expected/smoke.txt	90	pass	30663a62897808f4227506716a4c7ca3f54749e877161c7229baa4a78ec068ec	/home/ruud/rune/.worktrees/benchmarks/examples/benchmarks/shared/input.sml /home/ruud/rune/.worktrees/benchmarks/examples/benchmarks/shared/lazy.sml /home/ruud/rune/.worktrees/benchmarks/examples/benchmarks/digits-of-e2-lazy/benchmark.sml /home/ruud/rune/.worktrees/benchmarks/examples/benchmarks/shared/main.sml 2201952890 5242	/tmp/rune-benchmarks-rebase-O0-smoke-digits-of-e.log	tests/out/benchmarks/smoke/run.LGvtvo/digits-of-e2-lazy
digits-of-e2-lazy	smoke	O0	rune-opt	90 1 expected/smoke.txt	90	pass	30663a62897808f4227506716a4c7ca3f54749e877161c7229baa4a78ec068ec	/home/ruud/rune/.worktrees/benchmarks/examples/benchmarks/shared/input.sml /home/ruud/rune/.worktrees/benchmarks/examples/benchmarks/shared/lazy.sml /home/ruud/rune/.worktrees/benchmarks/examples/benchmarks/digits-of-e2-lazy/benchmark.sml /home/ruud/rune/.worktrees/benchmarks/examples/benchmarks/shared/main.sml 2201952890 5242	/tmp/rune-benchmarks-m3-e-smoke-O0.log	tests/out/benchmarks/smoke/run.UsXclC/digits-of-e2-lazy
digits-of-e2-lazy	smoke	O0	rune-opt	90 1 expected/smoke.txt	90	pass	30663a62897808f4227506716a4c7ca3f54749e877161c7229baa4a78ec068ec	/home/ruud/rune/.worktrees/benchmarks/examples/benchmarks/shared/input.sml /home/ruud/rune/.worktrees/benchmarks/examples/benchmarks/shared/lazy.sml /home/ruud/rune/.worktrees/benchmarks/examples/benchmarks/digits-of-e2-lazy/benchmark.sml /home/ruud/rune/.worktrees/benchmarks/examples/benchmarks/shared/main.sml 2201952890 5242	/tmp/rune-benchmarks-rebase-O0-smoke-digits-of-e.log	tests/out/benchmarks/smoke/run.LGvtvo/digits-of-e2-lazy
digits-of-e2-lazy	smoke	O2	rune	90 1 expected/smoke.txt	90	pass	30663a62897808f4227506716a4c7ca3f54749e877161c7229baa4a78ec068ec	/home/ruud/rune/.worktrees/benchmarks/examples/benchmarks/shared/input.sml /home/ruud/rune/.worktrees/benchmarks/examples/benchmarks/shared/lazy.sml /home/ruud/rune/.worktrees/benchmarks/examples/benchmarks/digits-of-e2-lazy/benchmark.sml /home/ruud/rune/.worktrees/benchmarks/examples/benchmarks/shared/main.sml 2201952890 5242	/tmp/rune-benchmarks-m3-e-smoke.log	tests/out/benchmarks/smoke/run.Q8NOEt/digits-of-e2-lazy
digits-of-e2-lazy	smoke	O2	rune	90 1 expected/smoke.txt	90	pass	30663a62897808f4227506716a4c7ca3f54749e877161c7229baa4a78ec068ec	/home/ruud/rune/.worktrees/benchmarks/examples/benchmarks/shared/input.sml /home/ruud/rune/.worktrees/benchmarks/examples/benchmarks/shared/lazy.sml /home/ruud/rune/.worktrees/benchmarks/examples/benchmarks/digits-of-e2-lazy/benchmark.sml /home/ruud/rune/.worktrees/benchmarks/examples/benchmarks/shared/main.sml 2201952890 5242	/tmp/rune-benchmarks-rebase-O2-smoke-digits-of-e.log	tests/out/benchmarks/smoke/run.UbtNae/digits-of-e2-lazy
digits-of-e2-lazy	smoke	O2	rune-jit	90 1 expected/smoke.txt	90	pass	30663a62897808f4227506716a4c7ca3f54749e877161c7229baa4a78ec068ec	/home/ruud/rune/.worktrees/benchmarks/examples/benchmarks/shared/input.sml /home/ruud/rune/.worktrees/benchmarks/examples/benchmarks/shared/lazy.sml /home/ruud/rune/.worktrees/benchmarks/examples/benchmarks/digits-of-e2-lazy/benchmark.sml /home/ruud/rune/.worktrees/benchmarks/examples/benchmarks/shared/main.sml 2201952890 5242	/tmp/rune-benchmarks-m3-e-smoke.log	tests/out/benchmarks/smoke/run.Q8NOEt/digits-of-e2-lazy
digits-of-e2-lazy	smoke	O2	rune-jit	90 1 expected/smoke.txt	90	pass	30663a62897808f4227506716a4c7ca3f54749e877161c7229baa4a78ec068ec	/home/ruud/rune/.worktrees/benchmarks/examples/benchmarks/shared/input.sml /home/ruud/rune/.worktrees/benchmarks/examples/benchmarks/shared/lazy.sml /home/ruud/rune/.worktrees/benchmarks/examples/benchmarks/digits-of-e2-lazy/benchmark.sml /home/ruud/rune/.worktrees/benchmarks/examples/benchmarks/shared/main.sml 2201952890 5242	/tmp/rune-benchmarks-rebase-O2-smoke-digits-of-e.log	tests/out/benchmarks/smoke/run.UbtNae/digits-of-e2-lazy
digits-of-e2-lazy	smoke	O2	rune-new	90 1 expected/smoke.txt	90	pass	30663a62897808f4227506716a4c7ca3f54749e877161c7229baa4a78ec068ec	/home/ruud/rune/.worktrees/benchmarks/examples/benchmarks/shared/input.sml /home/ruud/rune/.worktrees/benchmarks/examples/benchmarks/shared/lazy.sml /home/ruud/rune/.worktrees/benchmarks/examples/benchmarks/digits-of-e2-lazy/benchmark.sml /home/ruud/rune/.worktrees/benchmarks/examples/benchmarks/shared/main.sml 2201952890 5242	/tmp/rune-benchmarks-m3-e-smoke.log	tests/out/benchmarks/smoke/run.Q8NOEt/digits-of-e2-lazy
digits-of-e2-lazy	smoke	O2	rune-new	90 1 expected/smoke.txt	90	pass	30663a62897808f4227506716a4c7ca3f54749e877161c7229baa4a78ec068ec	/home/ruud/rune/.worktrees/benchmarks/examples/benchmarks/shared/input.sml /home/ruud/rune/.worktrees/benchmarks/examples/benchmarks/shared/lazy.sml /home/ruud/rune/.worktrees/benchmarks/examples/benchmarks/digits-of-e2-lazy/benchmark.sml /home/ruud/rune/.worktrees/benchmarks/examples/benchmarks/shared/main.sml 2201952890 5242	/tmp/rune-benchmarks-rebase-O2-smoke-digits-of-e.log	tests/out/benchmarks/smoke/run.UbtNae/digits-of-e2-lazy
digits-of-e2-lazy	smoke	O2	rune-opt	90 1 expected/smoke.txt	90	pass	30663a62897808f4227506716a4c7ca3f54749e877161c7229baa4a78ec068ec	/home/ruud/rune/.worktrees/benchmarks/examples/benchmarks/shared/input.sml /home/ruud/rune/.worktrees/benchmarks/examples/benchmarks/shared/lazy.sml /home/ruud/rune/.worktrees/benchmarks/examples/benchmarks/digits-of-e2-lazy/benchmark.sml /home/ruud/rune/.worktrees/benchmarks/examples/benchmarks/shared/main.sml 2201952890 5242	/tmp/rune-benchmarks-m3-e-smoke.log	tests/out/benchmarks/smoke/run.Q8NOEt/digits-of-e2-lazy
digits-of-e2-lazy	smoke	O2	rune-opt	90 1 expected/smoke.txt	90	pass	30663a62897808f4227506716a4c7ca3f54749e877161c7229baa4a78ec068ec	/home/ruud/rune/.worktrees/benchmarks/examples/benchmarks/shared/input.sml /home/ruud/rune/.worktrees/benchmarks/examples/benchmarks/shared/lazy.sml /home/ruud/rune/.worktrees/benchmarks/examples/benchmarks/digits-of-e2-lazy/benchmark.sml /home/ruud/rune/.worktrees/benchmarks/examples/benchmarks/shared/main.sml 2201952890 5242	/tmp/rune-benchmarks-rebase-O2-smoke-digits-of-e.log	tests/out/benchmarks/smoke/run.UbtNae/digits-of-e2-lazy
digits-of-e2-lazy	smoke	host-default	native-mlton-20241230	90 1 expected/smoke.txt	90	pass	30663a62897808f4227506716a4c7ca3f54749e877161c7229baa4a78ec068ec	-	/tmp/rune-benchmarks-m3-e-smoke.log	tests/out/benchmarks/smoke/run.Q8NOEt/digits-of-e2-lazy
digits-of-e2-lazy	smoke	host-default	native-polyml-5.9.2	90 1 expected/smoke.txt	90	pass	30663a62897808f4227506716a4c7ca3f54749e877161c7229baa4a78ec068ec	-	/tmp/rune-benchmarks-m3-e-smoke.log	tests/out/benchmarks/smoke/run.Q8NOEt/digits-of-e2-lazy
digits-of-e2-lazy	smoke	host-default	native-smlnj-legacy-110.99.9	90 1 expected/smoke.txt	90	pass	74fdb77d073925ff2ea8715af493c09b8160519dc9c37af88ff6450a4614a6eb	-	/tmp/rune-benchmarks-m3-e-smoke.log	tests/out/benchmarks/smoke/run.Q8NOEt/digits-of-e2-lazy
exp3_8-lazy	normal	O0	rune	8	6561	pass	bce0ae6a867fe462082dcafc04c932d3797b66a9c821be61e2094c2ce211a175	/home/ruud/rune/.worktrees/benchmarks/examples/benchmarks/shared/input.sml /home/ruud/rune/.worktrees/benchmarks/examples/benchmarks/shared/lazy.sml /home/ruud/rune/.worktrees/benchmarks/examples/benchmarks/exp3_8-lazy/benchmark.sml /home/ruud/rune/.worktrees/benchmarks/examples/benchmarks/shared/main.sml 3701060735 3935	/tmp/rune-benchmarks-m3-exp3_8-normal-O0.log	tests/out/benchmarks/normal/run.5i20T8/exp3_8-lazy
exp3_8-lazy	normal	O0	rune	8	6561	pass	bce0ae6a867fe462082dcafc04c932d3797b66a9c821be61e2094c2ce211a175	/home/ruud/rune/.worktrees/benchmarks/examples/benchmarks/shared/input.sml /home/ruud/rune/.worktrees/benchmarks/examples/benchmarks/shared/lazy.sml /home/ruud/rune/.worktrees/benchmarks/examples/benchmarks/exp3_8-lazy/benchmark.sml /home/ruud/rune/.worktrees/benchmarks/examples/benchmarks/shared/main.sml 3701060735 3935	/tmp/rune-benchmarks-rebase-O0-normal-exp3_8.log	tests/out/benchmarks/normal/run.G2Emc8/exp3_8-lazy
exp3_8-lazy	normal	O0	rune-jit	8	6561	pass	bce0ae6a867fe462082dcafc04c932d3797b66a9c821be61e2094c2ce211a175	/home/ruud/rune/.worktrees/benchmarks/examples/benchmarks/shared/input.sml /home/ruud/rune/.worktrees/benchmarks/examples/benchmarks/shared/lazy.sml /home/ruud/rune/.worktrees/benchmarks/examples/benchmarks/exp3_8-lazy/benchmark.sml /home/ruud/rune/.worktrees/benchmarks/examples/benchmarks/shared/main.sml 3701060735 3935	/tmp/rune-benchmarks-m3-exp3_8-normal-O0.log	tests/out/benchmarks/normal/run.5i20T8/exp3_8-lazy
exp3_8-lazy	normal	O0	rune-jit	8	6561	pass	bce0ae6a867fe462082dcafc04c932d3797b66a9c821be61e2094c2ce211a175	/home/ruud/rune/.worktrees/benchmarks/examples/benchmarks/shared/input.sml /home/ruud/rune/.worktrees/benchmarks/examples/benchmarks/shared/lazy.sml /home/ruud/rune/.worktrees/benchmarks/examples/benchmarks/exp3_8-lazy/benchmark.sml /home/ruud/rune/.worktrees/benchmarks/examples/benchmarks/shared/main.sml 3701060735 3935	/tmp/rune-benchmarks-rebase-O0-normal-exp3_8.log	tests/out/benchmarks/normal/run.G2Emc8/exp3_8-lazy
exp3_8-lazy	normal	O0	rune-new	8	6561	pass	bce0ae6a867fe462082dcafc04c932d3797b66a9c821be61e2094c2ce211a175	/home/ruud/rune/.worktrees/benchmarks/examples/benchmarks/shared/input.sml /home/ruud/rune/.worktrees/benchmarks/examples/benchmarks/shared/lazy.sml /home/ruud/rune/.worktrees/benchmarks/examples/benchmarks/exp3_8-lazy/benchmark.sml /home/ruud/rune/.worktrees/benchmarks/examples/benchmarks/shared/main.sml 3701060735 3935	/tmp/rune-benchmarks-m3-exp3_8-normal-O0.log	tests/out/benchmarks/normal/run.5i20T8/exp3_8-lazy
exp3_8-lazy	normal	O0	rune-new	8	6561	pass	bce0ae6a867fe462082dcafc04c932d3797b66a9c821be61e2094c2ce211a175	/home/ruud/rune/.worktrees/benchmarks/examples/benchmarks/shared/input.sml /home/ruud/rune/.worktrees/benchmarks/examples/benchmarks/shared/lazy.sml /home/ruud/rune/.worktrees/benchmarks/examples/benchmarks/exp3_8-lazy/benchmark.sml /home/ruud/rune/.worktrees/benchmarks/examples/benchmarks/shared/main.sml 3701060735 3935	/tmp/rune-benchmarks-rebase-O0-normal-exp3_8.log	tests/out/benchmarks/normal/run.G2Emc8/exp3_8-lazy
exp3_8-lazy	normal	O0	rune-opt	8	6561	pass	bce0ae6a867fe462082dcafc04c932d3797b66a9c821be61e2094c2ce211a175	/home/ruud/rune/.worktrees/benchmarks/examples/benchmarks/shared/input.sml /home/ruud/rune/.worktrees/benchmarks/examples/benchmarks/shared/lazy.sml /home/ruud/rune/.worktrees/benchmarks/examples/benchmarks/exp3_8-lazy/benchmark.sml /home/ruud/rune/.worktrees/benchmarks/examples/benchmarks/shared/main.sml 3701060735 3935	/tmp/rune-benchmarks-m3-exp3_8-normal-O0.log	tests/out/benchmarks/normal/run.5i20T8/exp3_8-lazy
exp3_8-lazy	normal	O0	rune-opt	8	6561	pass	bce0ae6a867fe462082dcafc04c932d3797b66a9c821be61e2094c2ce211a175	/home/ruud/rune/.worktrees/benchmarks/examples/benchmarks/shared/input.sml /home/ruud/rune/.worktrees/benchmarks/examples/benchmarks/shared/lazy.sml /home/ruud/rune/.worktrees/benchmarks/examples/benchmarks/exp3_8-lazy/benchmark.sml /home/ruud/rune/.worktrees/benchmarks/examples/benchmarks/shared/main.sml 3701060735 3935	/tmp/rune-benchmarks-rebase-O0-normal-exp3_8.log	tests/out/benchmarks/normal/run.G2Emc8/exp3_8-lazy
exp3_8-lazy	normal	O2	rune	8	6561	pass	bce0ae6a867fe462082dcafc04c932d3797b66a9c821be61e2094c2ce211a175	/home/ruud/rune/.worktrees/benchmarks/examples/benchmarks/shared/input.sml /home/ruud/rune/.worktrees/benchmarks/examples/benchmarks/shared/lazy.sml /home/ruud/rune/.worktrees/benchmarks/examples/benchmarks/exp3_8-lazy/benchmark.sml /home/ruud/rune/.worktrees/benchmarks/examples/benchmarks/shared/main.sml 3701060735 3935	/tmp/rune-benchmarks-m3-exp3_8-normal.log	tests/out/benchmarks/normal/run.9gkAmS/exp3_8-lazy
exp3_8-lazy	normal	O2	rune	8	6561	pass	bce0ae6a867fe462082dcafc04c932d3797b66a9c821be61e2094c2ce211a175	/home/ruud/rune/.worktrees/benchmarks/examples/benchmarks/shared/input.sml /home/ruud/rune/.worktrees/benchmarks/examples/benchmarks/shared/lazy.sml /home/ruud/rune/.worktrees/benchmarks/examples/benchmarks/exp3_8-lazy/benchmark.sml /home/ruud/rune/.worktrees/benchmarks/examples/benchmarks/shared/main.sml 3701060735 3935	/tmp/rune-benchmarks-rebase-O2-normal-exp3_8.log	tests/out/benchmarks/normal/run.pD1gQh/exp3_8-lazy
exp3_8-lazy	normal	O2	rune-jit	8	6561	pass	bce0ae6a867fe462082dcafc04c932d3797b66a9c821be61e2094c2ce211a175	/home/ruud/rune/.worktrees/benchmarks/examples/benchmarks/shared/input.sml /home/ruud/rune/.worktrees/benchmarks/examples/benchmarks/shared/lazy.sml /home/ruud/rune/.worktrees/benchmarks/examples/benchmarks/exp3_8-lazy/benchmark.sml /home/ruud/rune/.worktrees/benchmarks/examples/benchmarks/shared/main.sml 3701060735 3935	/tmp/rune-benchmarks-m3-exp3_8-normal.log	tests/out/benchmarks/normal/run.9gkAmS/exp3_8-lazy
exp3_8-lazy	normal	O2	rune-jit	8	6561	pass	bce0ae6a867fe462082dcafc04c932d3797b66a9c821be61e2094c2ce211a175	/home/ruud/rune/.worktrees/benchmarks/examples/benchmarks/shared/input.sml /home/ruud/rune/.worktrees/benchmarks/examples/benchmarks/shared/lazy.sml /home/ruud/rune/.worktrees/benchmarks/examples/benchmarks/exp3_8-lazy/benchmark.sml /home/ruud/rune/.worktrees/benchmarks/examples/benchmarks/shared/main.sml 3701060735 3935	/tmp/rune-benchmarks-rebase-O2-normal-exp3_8.log	tests/out/benchmarks/normal/run.pD1gQh/exp3_8-lazy
exp3_8-lazy	normal	O2	rune-new	8	6561	pass	bce0ae6a867fe462082dcafc04c932d3797b66a9c821be61e2094c2ce211a175	/home/ruud/rune/.worktrees/benchmarks/examples/benchmarks/shared/input.sml /home/ruud/rune/.worktrees/benchmarks/examples/benchmarks/shared/lazy.sml /home/ruud/rune/.worktrees/benchmarks/examples/benchmarks/exp3_8-lazy/benchmark.sml /home/ruud/rune/.worktrees/benchmarks/examples/benchmarks/shared/main.sml 3701060735 3935	/tmp/rune-benchmarks-m3-exp3_8-normal.log	tests/out/benchmarks/normal/run.9gkAmS/exp3_8-lazy
exp3_8-lazy	normal	O2	rune-new	8	6561	pass	bce0ae6a867fe462082dcafc04c932d3797b66a9c821be61e2094c2ce211a175	/home/ruud/rune/.worktrees/benchmarks/examples/benchmarks/shared/input.sml /home/ruud/rune/.worktrees/benchmarks/examples/benchmarks/shared/lazy.sml /home/ruud/rune/.worktrees/benchmarks/examples/benchmarks/exp3_8-lazy/benchmark.sml /home/ruud/rune/.worktrees/benchmarks/examples/benchmarks/shared/main.sml 3701060735 3935	/tmp/rune-benchmarks-rebase-O2-normal-exp3_8.log	tests/out/benchmarks/normal/run.pD1gQh/exp3_8-lazy
exp3_8-lazy	normal	O2	rune-opt	8	6561	pass	bce0ae6a867fe462082dcafc04c932d3797b66a9c821be61e2094c2ce211a175	/home/ruud/rune/.worktrees/benchmarks/examples/benchmarks/shared/input.sml /home/ruud/rune/.worktrees/benchmarks/examples/benchmarks/shared/lazy.sml /home/ruud/rune/.worktrees/benchmarks/examples/benchmarks/exp3_8-lazy/benchmark.sml /home/ruud/rune/.worktrees/benchmarks/examples/benchmarks/shared/main.sml 3701060735 3935	/tmp/rune-benchmarks-m3-exp3_8-normal.log	tests/out/benchmarks/normal/run.9gkAmS/exp3_8-lazy
exp3_8-lazy	normal	O2	rune-opt	8	6561	pass	bce0ae6a867fe462082dcafc04c932d3797b66a9c821be61e2094c2ce211a175	/home/ruud/rune/.worktrees/benchmarks/examples/benchmarks/shared/input.sml /home/ruud/rune/.worktrees/benchmarks/examples/benchmarks/shared/lazy.sml /home/ruud/rune/.worktrees/benchmarks/examples/benchmarks/exp3_8-lazy/benchmark.sml /home/ruud/rune/.worktrees/benchmarks/examples/benchmarks/shared/main.sml 3701060735 3935	/tmp/rune-benchmarks-rebase-O2-normal-exp3_8.log	tests/out/benchmarks/normal/run.pD1gQh/exp3_8-lazy
exp3_8-lazy	normal	host-default	native-mlton-20241230	8	6561	pass	bce0ae6a867fe462082dcafc04c932d3797b66a9c821be61e2094c2ce211a175	-	/tmp/rune-benchmarks-m3-exp3_8-normal.log	tests/out/benchmarks/normal/run.9gkAmS/exp3_8-lazy
exp3_8-lazy	normal	host-default	native-polyml-5.9.2	8	6561	pass	bce0ae6a867fe462082dcafc04c932d3797b66a9c821be61e2094c2ce211a175	-	/tmp/rune-benchmarks-m3-exp3_8-normal.log	tests/out/benchmarks/normal/run.9gkAmS/exp3_8-lazy
exp3_8-lazy	normal	host-default	native-smlnj-legacy-110.99.9	8	6561	pass	0ec2329af49f8dbe1642e217fdbcc59cb348853d35abd308093ff8584dde2033	-	/tmp/rune-benchmarks-m3-exp3_8-normal.log	tests/out/benchmarks/normal/run.9gkAmS/exp3_8-lazy
exp3_8-lazy	smoke	O0	rune	3	27	pass	452152b6d391c3e94cbfa0497786502678675b3a0552522ad472b326dc7eb1de	/home/ruud/rune/.worktrees/benchmarks/examples/benchmarks/shared/input.sml /home/ruud/rune/.worktrees/benchmarks/examples/benchmarks/shared/lazy.sml /home/ruud/rune/.worktrees/benchmarks/examples/benchmarks/exp3_8-lazy/benchmark.sml /home/ruud/rune/.worktrees/benchmarks/examples/benchmarks/shared/main.sml 3701060735 3935	/tmp/rune-benchmarks-m3-exp3_8-smoke-O0.log	tests/out/benchmarks/smoke/run.CtaypF/exp3_8-lazy
exp3_8-lazy	smoke	O0	rune	3	27	pass	452152b6d391c3e94cbfa0497786502678675b3a0552522ad472b326dc7eb1de	/home/ruud/rune/.worktrees/benchmarks/examples/benchmarks/shared/input.sml /home/ruud/rune/.worktrees/benchmarks/examples/benchmarks/shared/lazy.sml /home/ruud/rune/.worktrees/benchmarks/examples/benchmarks/exp3_8-lazy/benchmark.sml /home/ruud/rune/.worktrees/benchmarks/examples/benchmarks/shared/main.sml 3701060735 3935	/tmp/rune-benchmarks-rebase-O0-smoke-exp3_8.log	tests/out/benchmarks/smoke/run.GfUwCi/exp3_8-lazy
exp3_8-lazy	smoke	O0	rune-jit	3	27	pass	452152b6d391c3e94cbfa0497786502678675b3a0552522ad472b326dc7eb1de	/home/ruud/rune/.worktrees/benchmarks/examples/benchmarks/shared/input.sml /home/ruud/rune/.worktrees/benchmarks/examples/benchmarks/shared/lazy.sml /home/ruud/rune/.worktrees/benchmarks/examples/benchmarks/exp3_8-lazy/benchmark.sml /home/ruud/rune/.worktrees/benchmarks/examples/benchmarks/shared/main.sml 3701060735 3935	/tmp/rune-benchmarks-m3-exp3_8-smoke-O0.log	tests/out/benchmarks/smoke/run.CtaypF/exp3_8-lazy
exp3_8-lazy	smoke	O0	rune-jit	3	27	pass	452152b6d391c3e94cbfa0497786502678675b3a0552522ad472b326dc7eb1de	/home/ruud/rune/.worktrees/benchmarks/examples/benchmarks/shared/input.sml /home/ruud/rune/.worktrees/benchmarks/examples/benchmarks/shared/lazy.sml /home/ruud/rune/.worktrees/benchmarks/examples/benchmarks/exp3_8-lazy/benchmark.sml /home/ruud/rune/.worktrees/benchmarks/examples/benchmarks/shared/main.sml 3701060735 3935	/tmp/rune-benchmarks-rebase-O0-smoke-exp3_8.log	tests/out/benchmarks/smoke/run.GfUwCi/exp3_8-lazy
exp3_8-lazy	smoke	O0	rune-new	3	27	pass	452152b6d391c3e94cbfa0497786502678675b3a0552522ad472b326dc7eb1de	/home/ruud/rune/.worktrees/benchmarks/examples/benchmarks/shared/input.sml /home/ruud/rune/.worktrees/benchmarks/examples/benchmarks/shared/lazy.sml /home/ruud/rune/.worktrees/benchmarks/examples/benchmarks/exp3_8-lazy/benchmark.sml /home/ruud/rune/.worktrees/benchmarks/examples/benchmarks/shared/main.sml 3701060735 3935	/tmp/rune-benchmarks-m3-exp3_8-smoke-O0.log	tests/out/benchmarks/smoke/run.CtaypF/exp3_8-lazy
exp3_8-lazy	smoke	O0	rune-new	3	27	pass	452152b6d391c3e94cbfa0497786502678675b3a0552522ad472b326dc7eb1de	/home/ruud/rune/.worktrees/benchmarks/examples/benchmarks/shared/input.sml /home/ruud/rune/.worktrees/benchmarks/examples/benchmarks/shared/lazy.sml /home/ruud/rune/.worktrees/benchmarks/examples/benchmarks/exp3_8-lazy/benchmark.sml /home/ruud/rune/.worktrees/benchmarks/examples/benchmarks/shared/main.sml 3701060735 3935	/tmp/rune-benchmarks-rebase-O0-smoke-exp3_8.log	tests/out/benchmarks/smoke/run.GfUwCi/exp3_8-lazy
exp3_8-lazy	smoke	O0	rune-opt	3	27	pass	452152b6d391c3e94cbfa0497786502678675b3a0552522ad472b326dc7eb1de	/home/ruud/rune/.worktrees/benchmarks/examples/benchmarks/shared/input.sml /home/ruud/rune/.worktrees/benchmarks/examples/benchmarks/shared/lazy.sml /home/ruud/rune/.worktrees/benchmarks/examples/benchmarks/exp3_8-lazy/benchmark.sml /home/ruud/rune/.worktrees/benchmarks/examples/benchmarks/shared/main.sml 3701060735 3935	/tmp/rune-benchmarks-m3-exp3_8-smoke-O0.log	tests/out/benchmarks/smoke/run.CtaypF/exp3_8-lazy
exp3_8-lazy	smoke	O0	rune-opt	3	27	pass	452152b6d391c3e94cbfa0497786502678675b3a0552522ad472b326dc7eb1de	/home/ruud/rune/.worktrees/benchmarks/examples/benchmarks/shared/input.sml /home/ruud/rune/.worktrees/benchmarks/examples/benchmarks/shared/lazy.sml /home/ruud/rune/.worktrees/benchmarks/examples/benchmarks/exp3_8-lazy/benchmark.sml /home/ruud/rune/.worktrees/benchmarks/examples/benchmarks/shared/main.sml 3701060735 3935	/tmp/rune-benchmarks-rebase-O0-smoke-exp3_8.log	tests/out/benchmarks/smoke/run.GfUwCi/exp3_8-lazy
exp3_8-lazy	smoke	O2	rune	3	27	pass	452152b6d391c3e94cbfa0497786502678675b3a0552522ad472b326dc7eb1de	/home/ruud/rune/.worktrees/benchmarks/examples/benchmarks/shared/input.sml /home/ruud/rune/.worktrees/benchmarks/examples/benchmarks/shared/lazy.sml /home/ruud/rune/.worktrees/benchmarks/examples/benchmarks/exp3_8-lazy/benchmark.sml /home/ruud/rune/.worktrees/benchmarks/examples/benchmarks/shared/main.sml 3701060735 3935	/tmp/rune-benchmarks-m3-exp3_8-smoke.log	tests/out/benchmarks/smoke/run.Fv2Bru/exp3_8-lazy
exp3_8-lazy	smoke	O2	rune	3	27	pass	452152b6d391c3e94cbfa0497786502678675b3a0552522ad472b326dc7eb1de	/home/ruud/rune/.worktrees/benchmarks/examples/benchmarks/shared/input.sml /home/ruud/rune/.worktrees/benchmarks/examples/benchmarks/shared/lazy.sml /home/ruud/rune/.worktrees/benchmarks/examples/benchmarks/exp3_8-lazy/benchmark.sml /home/ruud/rune/.worktrees/benchmarks/examples/benchmarks/shared/main.sml 3701060735 3935	/tmp/rune-benchmarks-rebase-O2-smoke-exp3_8.log	tests/out/benchmarks/smoke/run.jL1r7Q/exp3_8-lazy
exp3_8-lazy	smoke	O2	rune-jit	3	27	pass	452152b6d391c3e94cbfa0497786502678675b3a0552522ad472b326dc7eb1de	/home/ruud/rune/.worktrees/benchmarks/examples/benchmarks/shared/input.sml /home/ruud/rune/.worktrees/benchmarks/examples/benchmarks/shared/lazy.sml /home/ruud/rune/.worktrees/benchmarks/examples/benchmarks/exp3_8-lazy/benchmark.sml /home/ruud/rune/.worktrees/benchmarks/examples/benchmarks/shared/main.sml 3701060735 3935	/tmp/rune-benchmarks-m3-exp3_8-smoke.log	tests/out/benchmarks/smoke/run.Fv2Bru/exp3_8-lazy
exp3_8-lazy	smoke	O2	rune-jit	3	27	pass	452152b6d391c3e94cbfa0497786502678675b3a0552522ad472b326dc7eb1de	/home/ruud/rune/.worktrees/benchmarks/examples/benchmarks/shared/input.sml /home/ruud/rune/.worktrees/benchmarks/examples/benchmarks/shared/lazy.sml /home/ruud/rune/.worktrees/benchmarks/examples/benchmarks/exp3_8-lazy/benchmark.sml /home/ruud/rune/.worktrees/benchmarks/examples/benchmarks/shared/main.sml 3701060735 3935	/tmp/rune-benchmarks-rebase-O2-smoke-exp3_8.log	tests/out/benchmarks/smoke/run.jL1r7Q/exp3_8-lazy
exp3_8-lazy	smoke	O2	rune-new	3	27	pass	452152b6d391c3e94cbfa0497786502678675b3a0552522ad472b326dc7eb1de	/home/ruud/rune/.worktrees/benchmarks/examples/benchmarks/shared/input.sml /home/ruud/rune/.worktrees/benchmarks/examples/benchmarks/shared/lazy.sml /home/ruud/rune/.worktrees/benchmarks/examples/benchmarks/exp3_8-lazy/benchmark.sml /home/ruud/rune/.worktrees/benchmarks/examples/benchmarks/shared/main.sml 3701060735 3935	/tmp/rune-benchmarks-m3-exp3_8-smoke.log	tests/out/benchmarks/smoke/run.Fv2Bru/exp3_8-lazy
exp3_8-lazy	smoke	O2	rune-new	3	27	pass	452152b6d391c3e94cbfa0497786502678675b3a0552522ad472b326dc7eb1de	/home/ruud/rune/.worktrees/benchmarks/examples/benchmarks/shared/input.sml /home/ruud/rune/.worktrees/benchmarks/examples/benchmarks/shared/lazy.sml /home/ruud/rune/.worktrees/benchmarks/examples/benchmarks/exp3_8-lazy/benchmark.sml /home/ruud/rune/.worktrees/benchmarks/examples/benchmarks/shared/main.sml 3701060735 3935	/tmp/rune-benchmarks-rebase-O2-smoke-exp3_8.log	tests/out/benchmarks/smoke/run.jL1r7Q/exp3_8-lazy
exp3_8-lazy	smoke	O2	rune-opt	3	27	pass	452152b6d391c3e94cbfa0497786502678675b3a0552522ad472b326dc7eb1de	/home/ruud/rune/.worktrees/benchmarks/examples/benchmarks/shared/input.sml /home/ruud/rune/.worktrees/benchmarks/examples/benchmarks/shared/lazy.sml /home/ruud/rune/.worktrees/benchmarks/examples/benchmarks/exp3_8-lazy/benchmark.sml /home/ruud/rune/.worktrees/benchmarks/examples/benchmarks/shared/main.sml 3701060735 3935	/tmp/rune-benchmarks-m3-exp3_8-smoke.log	tests/out/benchmarks/smoke/run.Fv2Bru/exp3_8-lazy
exp3_8-lazy	smoke	O2	rune-opt	3	27	pass	452152b6d391c3e94cbfa0497786502678675b3a0552522ad472b326dc7eb1de	/home/ruud/rune/.worktrees/benchmarks/examples/benchmarks/shared/input.sml /home/ruud/rune/.worktrees/benchmarks/examples/benchmarks/shared/lazy.sml /home/ruud/rune/.worktrees/benchmarks/examples/benchmarks/exp3_8-lazy/benchmark.sml /home/ruud/rune/.worktrees/benchmarks/examples/benchmarks/shared/main.sml 3701060735 3935	/tmp/rune-benchmarks-rebase-O2-smoke-exp3_8.log	tests/out/benchmarks/smoke/run.jL1r7Q/exp3_8-lazy
exp3_8-lazy	smoke	host-default	native-mlton-20241230	3	27	pass	452152b6d391c3e94cbfa0497786502678675b3a0552522ad472b326dc7eb1de	-	/tmp/rune-benchmarks-m3-exp3_8-smoke.log	tests/out/benchmarks/smoke/run.Fv2Bru/exp3_8-lazy
exp3_8-lazy	smoke	host-default	native-polyml-5.9.2	3	27	pass	452152b6d391c3e94cbfa0497786502678675b3a0552522ad472b326dc7eb1de	-	/tmp/rune-benchmarks-m3-exp3_8-smoke.log	tests/out/benchmarks/smoke/run.Fv2Bru/exp3_8-lazy
exp3_8-lazy	smoke	host-default	native-smlnj-legacy-110.99.9	3	27	pass	bf5692461250014613962a3126f800eff5ca8233c80607602e44d80ad74a095a	-	/tmp/rune-benchmarks-m3-exp3_8-smoke.log	tests/out/benchmarks/smoke/run.Fv2Bru/exp3_8-lazy
exp3_8-strict	normal	O0	rune	8	6561	pass	fdba2d3aa241dc27789236942aaece8cbfb2983ed86572420717cbe9f637c5fa	/home/ruud/rune/.worktrees/benchmarks/examples/benchmarks/shared/input.sml /home/ruud/rune/.worktrees/benchmarks/examples/benchmarks/exp3_8-strict/benchmark.sml /home/ruud/rune/.worktrees/benchmarks/examples/benchmarks/shared/main.sml 585406280 3064	/tmp/rune-benchmarks-m3-exp3_8-normal-O0.log	tests/out/benchmarks/normal/run.5i20T8/exp3_8-strict
exp3_8-strict	normal	O0	rune	8	6561	pass	fdba2d3aa241dc27789236942aaece8cbfb2983ed86572420717cbe9f637c5fa	/home/ruud/rune/.worktrees/benchmarks/examples/benchmarks/shared/input.sml /home/ruud/rune/.worktrees/benchmarks/examples/benchmarks/exp3_8-strict/benchmark.sml /home/ruud/rune/.worktrees/benchmarks/examples/benchmarks/shared/main.sml 585406280 3064	/tmp/rune-benchmarks-rebase-O0-normal-exp3_8.log	tests/out/benchmarks/normal/run.G2Emc8/exp3_8-strict
exp3_8-strict	normal	O0	rune-jit	8	6561	pass	fdba2d3aa241dc27789236942aaece8cbfb2983ed86572420717cbe9f637c5fa	/home/ruud/rune/.worktrees/benchmarks/examples/benchmarks/shared/input.sml /home/ruud/rune/.worktrees/benchmarks/examples/benchmarks/exp3_8-strict/benchmark.sml /home/ruud/rune/.worktrees/benchmarks/examples/benchmarks/shared/main.sml 585406280 3064	/tmp/rune-benchmarks-m3-exp3_8-normal-O0.log	tests/out/benchmarks/normal/run.5i20T8/exp3_8-strict
exp3_8-strict	normal	O0	rune-jit	8	6561	pass	fdba2d3aa241dc27789236942aaece8cbfb2983ed86572420717cbe9f637c5fa	/home/ruud/rune/.worktrees/benchmarks/examples/benchmarks/shared/input.sml /home/ruud/rune/.worktrees/benchmarks/examples/benchmarks/exp3_8-strict/benchmark.sml /home/ruud/rune/.worktrees/benchmarks/examples/benchmarks/shared/main.sml 585406280 3064	/tmp/rune-benchmarks-rebase-O0-normal-exp3_8.log	tests/out/benchmarks/normal/run.G2Emc8/exp3_8-strict
exp3_8-strict	normal	O0	rune-new	8	6561	pass	fdba2d3aa241dc27789236942aaece8cbfb2983ed86572420717cbe9f637c5fa	/home/ruud/rune/.worktrees/benchmarks/examples/benchmarks/shared/input.sml /home/ruud/rune/.worktrees/benchmarks/examples/benchmarks/exp3_8-strict/benchmark.sml /home/ruud/rune/.worktrees/benchmarks/examples/benchmarks/shared/main.sml 585406280 3064	/tmp/rune-benchmarks-m3-exp3_8-normal-O0.log	tests/out/benchmarks/normal/run.5i20T8/exp3_8-strict
exp3_8-strict	normal	O0	rune-new	8	6561	pass	fdba2d3aa241dc27789236942aaece8cbfb2983ed86572420717cbe9f637c5fa	/home/ruud/rune/.worktrees/benchmarks/examples/benchmarks/shared/input.sml /home/ruud/rune/.worktrees/benchmarks/examples/benchmarks/exp3_8-strict/benchmark.sml /home/ruud/rune/.worktrees/benchmarks/examples/benchmarks/shared/main.sml 585406280 3064	/tmp/rune-benchmarks-rebase-O0-normal-exp3_8.log	tests/out/benchmarks/normal/run.G2Emc8/exp3_8-strict
exp3_8-strict	normal	O0	rune-opt	8	6561	pass	fdba2d3aa241dc27789236942aaece8cbfb2983ed86572420717cbe9f637c5fa	/home/ruud/rune/.worktrees/benchmarks/examples/benchmarks/shared/input.sml /home/ruud/rune/.worktrees/benchmarks/examples/benchmarks/exp3_8-strict/benchmark.sml /home/ruud/rune/.worktrees/benchmarks/examples/benchmarks/shared/main.sml 585406280 3064	/tmp/rune-benchmarks-m3-exp3_8-normal-O0.log	tests/out/benchmarks/normal/run.5i20T8/exp3_8-strict
exp3_8-strict	normal	O0	rune-opt	8	6561	pass	fdba2d3aa241dc27789236942aaece8cbfb2983ed86572420717cbe9f637c5fa	/home/ruud/rune/.worktrees/benchmarks/examples/benchmarks/shared/input.sml /home/ruud/rune/.worktrees/benchmarks/examples/benchmarks/exp3_8-strict/benchmark.sml /home/ruud/rune/.worktrees/benchmarks/examples/benchmarks/shared/main.sml 585406280 3064	/tmp/rune-benchmarks-rebase-O0-normal-exp3_8.log	tests/out/benchmarks/normal/run.G2Emc8/exp3_8-strict
exp3_8-strict	normal	O2	rune	8	6561	pass	fdba2d3aa241dc27789236942aaece8cbfb2983ed86572420717cbe9f637c5fa	/home/ruud/rune/.worktrees/benchmarks/examples/benchmarks/shared/input.sml /home/ruud/rune/.worktrees/benchmarks/examples/benchmarks/exp3_8-strict/benchmark.sml /home/ruud/rune/.worktrees/benchmarks/examples/benchmarks/shared/main.sml 585406280 3064	/tmp/rune-benchmarks-m3-exp3_8-normal.log	tests/out/benchmarks/normal/run.9gkAmS/exp3_8-strict
exp3_8-strict	normal	O2	rune	8	6561	pass	fdba2d3aa241dc27789236942aaece8cbfb2983ed86572420717cbe9f637c5fa	/home/ruud/rune/.worktrees/benchmarks/examples/benchmarks/shared/input.sml /home/ruud/rune/.worktrees/benchmarks/examples/benchmarks/exp3_8-strict/benchmark.sml /home/ruud/rune/.worktrees/benchmarks/examples/benchmarks/shared/main.sml 585406280 3064	/tmp/rune-benchmarks-rebase-O2-normal-exp3_8.log	tests/out/benchmarks/normal/run.pD1gQh/exp3_8-strict
exp3_8-strict	normal	O2	rune-jit	8	6561	pass	fdba2d3aa241dc27789236942aaece8cbfb2983ed86572420717cbe9f637c5fa	/home/ruud/rune/.worktrees/benchmarks/examples/benchmarks/shared/input.sml /home/ruud/rune/.worktrees/benchmarks/examples/benchmarks/exp3_8-strict/benchmark.sml /home/ruud/rune/.worktrees/benchmarks/examples/benchmarks/shared/main.sml 585406280 3064	/tmp/rune-benchmarks-m3-exp3_8-normal.log	tests/out/benchmarks/normal/run.9gkAmS/exp3_8-strict
exp3_8-strict	normal	O2	rune-jit	8	6561	pass	fdba2d3aa241dc27789236942aaece8cbfb2983ed86572420717cbe9f637c5fa	/home/ruud/rune/.worktrees/benchmarks/examples/benchmarks/shared/input.sml /home/ruud/rune/.worktrees/benchmarks/examples/benchmarks/exp3_8-strict/benchmark.sml /home/ruud/rune/.worktrees/benchmarks/examples/benchmarks/shared/main.sml 585406280 3064	/tmp/rune-benchmarks-rebase-O2-normal-exp3_8.log	tests/out/benchmarks/normal/run.pD1gQh/exp3_8-strict
exp3_8-strict	normal	O2	rune-new	8	6561	pass	fdba2d3aa241dc27789236942aaece8cbfb2983ed86572420717cbe9f637c5fa	/home/ruud/rune/.worktrees/benchmarks/examples/benchmarks/shared/input.sml /home/ruud/rune/.worktrees/benchmarks/examples/benchmarks/exp3_8-strict/benchmark.sml /home/ruud/rune/.worktrees/benchmarks/examples/benchmarks/shared/main.sml 585406280 3064	/tmp/rune-benchmarks-m3-exp3_8-normal.log	tests/out/benchmarks/normal/run.9gkAmS/exp3_8-strict
exp3_8-strict	normal	O2	rune-new	8	6561	pass	fdba2d3aa241dc27789236942aaece8cbfb2983ed86572420717cbe9f637c5fa	/home/ruud/rune/.worktrees/benchmarks/examples/benchmarks/shared/input.sml /home/ruud/rune/.worktrees/benchmarks/examples/benchmarks/exp3_8-strict/benchmark.sml /home/ruud/rune/.worktrees/benchmarks/examples/benchmarks/shared/main.sml 585406280 3064	/tmp/rune-benchmarks-rebase-O2-normal-exp3_8.log	tests/out/benchmarks/normal/run.pD1gQh/exp3_8-strict
exp3_8-strict	normal	O2	rune-opt	8	6561	pass	fdba2d3aa241dc27789236942aaece8cbfb2983ed86572420717cbe9f637c5fa	/home/ruud/rune/.worktrees/benchmarks/examples/benchmarks/shared/input.sml /home/ruud/rune/.worktrees/benchmarks/examples/benchmarks/exp3_8-strict/benchmark.sml /home/ruud/rune/.worktrees/benchmarks/examples/benchmarks/shared/main.sml 585406280 3064	/tmp/rune-benchmarks-m3-exp3_8-normal.log	tests/out/benchmarks/normal/run.9gkAmS/exp3_8-strict
exp3_8-strict	normal	O2	rune-opt	8	6561	pass	fdba2d3aa241dc27789236942aaece8cbfb2983ed86572420717cbe9f637c5fa	/home/ruud/rune/.worktrees/benchmarks/examples/benchmarks/shared/input.sml /home/ruud/rune/.worktrees/benchmarks/examples/benchmarks/exp3_8-strict/benchmark.sml /home/ruud/rune/.worktrees/benchmarks/examples/benchmarks/shared/main.sml 585406280 3064	/tmp/rune-benchmarks-rebase-O2-normal-exp3_8.log	tests/out/benchmarks/normal/run.pD1gQh/exp3_8-strict
exp3_8-strict	normal	host-default	native-mlton-20241230	8	6561	pass	fdba2d3aa241dc27789236942aaece8cbfb2983ed86572420717cbe9f637c5fa	-	/tmp/rune-benchmarks-m3-exp3_8-normal.log	tests/out/benchmarks/normal/run.9gkAmS/exp3_8-strict
exp3_8-strict	normal	host-default	native-polyml-5.9.2	8	6561	pass	fdba2d3aa241dc27789236942aaece8cbfb2983ed86572420717cbe9f637c5fa	-	/tmp/rune-benchmarks-m3-exp3_8-normal.log	tests/out/benchmarks/normal/run.9gkAmS/exp3_8-strict
exp3_8-strict	normal	host-default	native-smlnj-legacy-110.99.9	8	6561	pass	552caecc06b2384a8da77710d5cefa10eb254da098a86b95f337bdd430a98aef	-	/tmp/rune-benchmarks-m3-exp3_8-normal.log	tests/out/benchmarks/normal/run.9gkAmS/exp3_8-strict
exp3_8-strict	smoke	O0	rune	3	27	pass	b7b971508bcdd5abc1a67c2985cf6c1d2a373c8014b09b96f4ce554526ad7a83	/home/ruud/rune/.worktrees/benchmarks/examples/benchmarks/shared/input.sml /home/ruud/rune/.worktrees/benchmarks/examples/benchmarks/exp3_8-strict/benchmark.sml /home/ruud/rune/.worktrees/benchmarks/examples/benchmarks/shared/main.sml 585406280 3064	/tmp/rune-benchmarks-m3-exp3_8-smoke-O0.log	tests/out/benchmarks/smoke/run.CtaypF/exp3_8-strict
exp3_8-strict	smoke	O0	rune	3	27	pass	b7b971508bcdd5abc1a67c2985cf6c1d2a373c8014b09b96f4ce554526ad7a83	/home/ruud/rune/.worktrees/benchmarks/examples/benchmarks/shared/input.sml /home/ruud/rune/.worktrees/benchmarks/examples/benchmarks/exp3_8-strict/benchmark.sml /home/ruud/rune/.worktrees/benchmarks/examples/benchmarks/shared/main.sml 585406280 3064	/tmp/rune-benchmarks-rebase-O0-smoke-exp3_8.log	tests/out/benchmarks/smoke/run.GfUwCi/exp3_8-strict
exp3_8-strict	smoke	O0	rune-jit	3	27	pass	b7b971508bcdd5abc1a67c2985cf6c1d2a373c8014b09b96f4ce554526ad7a83	/home/ruud/rune/.worktrees/benchmarks/examples/benchmarks/shared/input.sml /home/ruud/rune/.worktrees/benchmarks/examples/benchmarks/exp3_8-strict/benchmark.sml /home/ruud/rune/.worktrees/benchmarks/examples/benchmarks/shared/main.sml 585406280 3064	/tmp/rune-benchmarks-m3-exp3_8-smoke-O0.log	tests/out/benchmarks/smoke/run.CtaypF/exp3_8-strict
exp3_8-strict	smoke	O0	rune-jit	3	27	pass	b7b971508bcdd5abc1a67c2985cf6c1d2a373c8014b09b96f4ce554526ad7a83	/home/ruud/rune/.worktrees/benchmarks/examples/benchmarks/shared/input.sml /home/ruud/rune/.worktrees/benchmarks/examples/benchmarks/exp3_8-strict/benchmark.sml /home/ruud/rune/.worktrees/benchmarks/examples/benchmarks/shared/main.sml 585406280 3064	/tmp/rune-benchmarks-rebase-O0-smoke-exp3_8.log	tests/out/benchmarks/smoke/run.GfUwCi/exp3_8-strict
exp3_8-strict	smoke	O0	rune-new	3	27	pass	b7b971508bcdd5abc1a67c2985cf6c1d2a373c8014b09b96f4ce554526ad7a83	/home/ruud/rune/.worktrees/benchmarks/examples/benchmarks/shared/input.sml /home/ruud/rune/.worktrees/benchmarks/examples/benchmarks/exp3_8-strict/benchmark.sml /home/ruud/rune/.worktrees/benchmarks/examples/benchmarks/shared/main.sml 585406280 3064	/tmp/rune-benchmarks-m3-exp3_8-smoke-O0.log	tests/out/benchmarks/smoke/run.CtaypF/exp3_8-strict
exp3_8-strict	smoke	O0	rune-new	3	27	pass	b7b971508bcdd5abc1a67c2985cf6c1d2a373c8014b09b96f4ce554526ad7a83	/home/ruud/rune/.worktrees/benchmarks/examples/benchmarks/shared/input.sml /home/ruud/rune/.worktrees/benchmarks/examples/benchmarks/exp3_8-strict/benchmark.sml /home/ruud/rune/.worktrees/benchmarks/examples/benchmarks/shared/main.sml 585406280 3064	/tmp/rune-benchmarks-rebase-O0-smoke-exp3_8.log	tests/out/benchmarks/smoke/run.GfUwCi/exp3_8-strict
exp3_8-strict	smoke	O0	rune-opt	3	27	pass	b7b971508bcdd5abc1a67c2985cf6c1d2a373c8014b09b96f4ce554526ad7a83	/home/ruud/rune/.worktrees/benchmarks/examples/benchmarks/shared/input.sml /home/ruud/rune/.worktrees/benchmarks/examples/benchmarks/exp3_8-strict/benchmark.sml /home/ruud/rune/.worktrees/benchmarks/examples/benchmarks/shared/main.sml 585406280 3064	/tmp/rune-benchmarks-m3-exp3_8-smoke-O0.log	tests/out/benchmarks/smoke/run.CtaypF/exp3_8-strict
exp3_8-strict	smoke	O0	rune-opt	3	27	pass	b7b971508bcdd5abc1a67c2985cf6c1d2a373c8014b09b96f4ce554526ad7a83	/home/ruud/rune/.worktrees/benchmarks/examples/benchmarks/shared/input.sml /home/ruud/rune/.worktrees/benchmarks/examples/benchmarks/exp3_8-strict/benchmark.sml /home/ruud/rune/.worktrees/benchmarks/examples/benchmarks/shared/main.sml 585406280 3064	/tmp/rune-benchmarks-rebase-O0-smoke-exp3_8.log	tests/out/benchmarks/smoke/run.GfUwCi/exp3_8-strict
exp3_8-strict	smoke	O2	rune	3	27	pass	b7b971508bcdd5abc1a67c2985cf6c1d2a373c8014b09b96f4ce554526ad7a83	/home/ruud/rune/.worktrees/benchmarks/examples/benchmarks/shared/input.sml /home/ruud/rune/.worktrees/benchmarks/examples/benchmarks/exp3_8-strict/benchmark.sml /home/ruud/rune/.worktrees/benchmarks/examples/benchmarks/shared/main.sml 585406280 3064	/tmp/rune-benchmarks-m3-exp3_8-smoke.log	tests/out/benchmarks/smoke/run.Fv2Bru/exp3_8-strict
exp3_8-strict	smoke	O2	rune	3	27	pass	b7b971508bcdd5abc1a67c2985cf6c1d2a373c8014b09b96f4ce554526ad7a83	/home/ruud/rune/.worktrees/benchmarks/examples/benchmarks/shared/input.sml /home/ruud/rune/.worktrees/benchmarks/examples/benchmarks/exp3_8-strict/benchmark.sml /home/ruud/rune/.worktrees/benchmarks/examples/benchmarks/shared/main.sml 585406280 3064	/tmp/rune-benchmarks-rebase-O2-smoke-exp3_8.log	tests/out/benchmarks/smoke/run.jL1r7Q/exp3_8-strict
exp3_8-strict	smoke	O2	rune-jit	3	27	pass	b7b971508bcdd5abc1a67c2985cf6c1d2a373c8014b09b96f4ce554526ad7a83	/home/ruud/rune/.worktrees/benchmarks/examples/benchmarks/shared/input.sml /home/ruud/rune/.worktrees/benchmarks/examples/benchmarks/exp3_8-strict/benchmark.sml /home/ruud/rune/.worktrees/benchmarks/examples/benchmarks/shared/main.sml 585406280 3064	/tmp/rune-benchmarks-m3-exp3_8-smoke.log	tests/out/benchmarks/smoke/run.Fv2Bru/exp3_8-strict
exp3_8-strict	smoke	O2	rune-jit	3	27	pass	b7b971508bcdd5abc1a67c2985cf6c1d2a373c8014b09b96f4ce554526ad7a83	/home/ruud/rune/.worktrees/benchmarks/examples/benchmarks/shared/input.sml /home/ruud/rune/.worktrees/benchmarks/examples/benchmarks/exp3_8-strict/benchmark.sml /home/ruud/rune/.worktrees/benchmarks/examples/benchmarks/shared/main.sml 585406280 3064	/tmp/rune-benchmarks-rebase-O2-smoke-exp3_8.log	tests/out/benchmarks/smoke/run.jL1r7Q/exp3_8-strict
exp3_8-strict	smoke	O2	rune-new	3	27	pass	b7b971508bcdd5abc1a67c2985cf6c1d2a373c8014b09b96f4ce554526ad7a83	/home/ruud/rune/.worktrees/benchmarks/examples/benchmarks/shared/input.sml /home/ruud/rune/.worktrees/benchmarks/examples/benchmarks/exp3_8-strict/benchmark.sml /home/ruud/rune/.worktrees/benchmarks/examples/benchmarks/shared/main.sml 585406280 3064	/tmp/rune-benchmarks-m3-exp3_8-smoke.log	tests/out/benchmarks/smoke/run.Fv2Bru/exp3_8-strict
exp3_8-strict	smoke	O2	rune-new	3	27	pass	b7b971508bcdd5abc1a67c2985cf6c1d2a373c8014b09b96f4ce554526ad7a83	/home/ruud/rune/.worktrees/benchmarks/examples/benchmarks/shared/input.sml /home/ruud/rune/.worktrees/benchmarks/examples/benchmarks/exp3_8-strict/benchmark.sml /home/ruud/rune/.worktrees/benchmarks/examples/benchmarks/shared/main.sml 585406280 3064	/tmp/rune-benchmarks-rebase-O2-smoke-exp3_8.log	tests/out/benchmarks/smoke/run.jL1r7Q/exp3_8-strict
exp3_8-strict	smoke	O2	rune-opt	3	27	pass	b7b971508bcdd5abc1a67c2985cf6c1d2a373c8014b09b96f4ce554526ad7a83	/home/ruud/rune/.worktrees/benchmarks/examples/benchmarks/shared/input.sml /home/ruud/rune/.worktrees/benchmarks/examples/benchmarks/exp3_8-strict/benchmark.sml /home/ruud/rune/.worktrees/benchmarks/examples/benchmarks/shared/main.sml 585406280 3064	/tmp/rune-benchmarks-m3-exp3_8-smoke.log	tests/out/benchmarks/smoke/run.Fv2Bru/exp3_8-strict
exp3_8-strict	smoke	O2	rune-opt	3	27	pass	b7b971508bcdd5abc1a67c2985cf6c1d2a373c8014b09b96f4ce554526ad7a83	/home/ruud/rune/.worktrees/benchmarks/examples/benchmarks/shared/input.sml /home/ruud/rune/.worktrees/benchmarks/examples/benchmarks/exp3_8-strict/benchmark.sml /home/ruud/rune/.worktrees/benchmarks/examples/benchmarks/shared/main.sml 585406280 3064	/tmp/rune-benchmarks-rebase-O2-smoke-exp3_8.log	tests/out/benchmarks/smoke/run.jL1r7Q/exp3_8-strict
exp3_8-strict	smoke	host-default	native-mlton-20241230	3	27	pass	b7b971508bcdd5abc1a67c2985cf6c1d2a373c8014b09b96f4ce554526ad7a83	-	/tmp/rune-benchmarks-m3-exp3_8-smoke.log	tests/out/benchmarks/smoke/run.Fv2Bru/exp3_8-strict
exp3_8-strict	smoke	host-default	native-polyml-5.9.2	3	27	pass	b7b971508bcdd5abc1a67c2985cf6c1d2a373c8014b09b96f4ce554526ad7a83	-	/tmp/rune-benchmarks-m3-exp3_8-smoke.log	tests/out/benchmarks/smoke/run.Fv2Bru/exp3_8-strict
exp3_8-strict	smoke	host-default	native-smlnj-legacy-110.99.9	3	27	pass	1ddeadb352f3c720ffffe8c0e63930686f6a93b3a6a346ce59d11e23d521369b	-	/tmp/rune-benchmarks-m3-exp3_8-smoke.log	tests/out/benchmarks/smoke/run.Fv2Bru/exp3_8-strict
rfib	normal	O0	rune	28	1028457	pass	02266bf25ec60db04ee70aef9f85d272ea6a184360785fad24f27b4886c6be3a	/home/ruud/rune/.worktrees/benchmarks/examples/benchmarks/shared/input.sml /home/ruud/rune/.worktrees/benchmarks/examples/benchmarks/rfib/benchmark.sml /home/ruud/rune/.worktrees/benchmarks/examples/benchmarks/shared/main.sml 3913619189 2993	/tmp/rune-benchmarks-m3-rfib-normal-O0.log	tests/out/benchmarks/normal/run.M1BUKT/rfib
rfib	normal	O0	rune	28	1028457	pass	02266bf25ec60db04ee70aef9f85d272ea6a184360785fad24f27b4886c6be3a	/home/ruud/rune/.worktrees/benchmarks/examples/benchmarks/shared/input.sml /home/ruud/rune/.worktrees/benchmarks/examples/benchmarks/rfib/benchmark.sml /home/ruud/rune/.worktrees/benchmarks/examples/benchmarks/shared/main.sml 3913619189 2993	/tmp/rune-benchmarks-rebase-O0-normal-rfib.log	tests/out/benchmarks/normal/run.G38Anu/rfib
rfib	normal	O0	rune-jit	28	1028457	pass	02266bf25ec60db04ee70aef9f85d272ea6a184360785fad24f27b4886c6be3a	/home/ruud/rune/.worktrees/benchmarks/examples/benchmarks/shared/input.sml /home/ruud/rune/.worktrees/benchmarks/examples/benchmarks/rfib/benchmark.sml /home/ruud/rune/.worktrees/benchmarks/examples/benchmarks/shared/main.sml 3913619189 2993	/tmp/rune-benchmarks-m3-rfib-normal-O0.log	tests/out/benchmarks/normal/run.M1BUKT/rfib
rfib	normal	O0	rune-jit	28	1028457	pass	02266bf25ec60db04ee70aef9f85d272ea6a184360785fad24f27b4886c6be3a	/home/ruud/rune/.worktrees/benchmarks/examples/benchmarks/shared/input.sml /home/ruud/rune/.worktrees/benchmarks/examples/benchmarks/rfib/benchmark.sml /home/ruud/rune/.worktrees/benchmarks/examples/benchmarks/shared/main.sml 3913619189 2993	/tmp/rune-benchmarks-rebase-O0-normal-rfib.log	tests/out/benchmarks/normal/run.G38Anu/rfib
rfib	normal	O0	rune-new	28	1028457	pass	02266bf25ec60db04ee70aef9f85d272ea6a184360785fad24f27b4886c6be3a	/home/ruud/rune/.worktrees/benchmarks/examples/benchmarks/shared/input.sml /home/ruud/rune/.worktrees/benchmarks/examples/benchmarks/rfib/benchmark.sml /home/ruud/rune/.worktrees/benchmarks/examples/benchmarks/shared/main.sml 3913619189 2993	/tmp/rune-benchmarks-m3-rfib-normal-O0.log	tests/out/benchmarks/normal/run.M1BUKT/rfib
rfib	normal	O0	rune-new	28	1028457	pass	02266bf25ec60db04ee70aef9f85d272ea6a184360785fad24f27b4886c6be3a	/home/ruud/rune/.worktrees/benchmarks/examples/benchmarks/shared/input.sml /home/ruud/rune/.worktrees/benchmarks/examples/benchmarks/rfib/benchmark.sml /home/ruud/rune/.worktrees/benchmarks/examples/benchmarks/shared/main.sml 3913619189 2993	/tmp/rune-benchmarks-rebase-O0-normal-rfib.log	tests/out/benchmarks/normal/run.G38Anu/rfib
rfib	normal	O0	rune-opt	28	1028457	pass	02266bf25ec60db04ee70aef9f85d272ea6a184360785fad24f27b4886c6be3a	/home/ruud/rune/.worktrees/benchmarks/examples/benchmarks/shared/input.sml /home/ruud/rune/.worktrees/benchmarks/examples/benchmarks/rfib/benchmark.sml /home/ruud/rune/.worktrees/benchmarks/examples/benchmarks/shared/main.sml 3913619189 2993	/tmp/rune-benchmarks-m3-rfib-normal-O0.log	tests/out/benchmarks/normal/run.M1BUKT/rfib
rfib	normal	O0	rune-opt	28	1028457	pass	02266bf25ec60db04ee70aef9f85d272ea6a184360785fad24f27b4886c6be3a	/home/ruud/rune/.worktrees/benchmarks/examples/benchmarks/shared/input.sml /home/ruud/rune/.worktrees/benchmarks/examples/benchmarks/rfib/benchmark.sml /home/ruud/rune/.worktrees/benchmarks/examples/benchmarks/shared/main.sml 3913619189 2993	/tmp/rune-benchmarks-rebase-O0-normal-rfib.log	tests/out/benchmarks/normal/run.G38Anu/rfib
rfib	normal	O2	rune	28	1028457	pass	02266bf25ec60db04ee70aef9f85d272ea6a184360785fad24f27b4886c6be3a	/home/ruud/rune/.worktrees/benchmarks/examples/benchmarks/shared/input.sml /home/ruud/rune/.worktrees/benchmarks/examples/benchmarks/rfib/benchmark.sml /home/ruud/rune/.worktrees/benchmarks/examples/benchmarks/shared/main.sml 3913619189 2993	/tmp/rune-benchmarks-m3-rfib-normal.log	tests/out/benchmarks/normal/run.IJqDGa/rfib
rfib	normal	O2	rune	28	1028457	pass	02266bf25ec60db04ee70aef9f85d272ea6a184360785fad24f27b4886c6be3a	/home/ruud/rune/.worktrees/benchmarks/examples/benchmarks/shared/input.sml /home/ruud/rune/.worktrees/benchmarks/examples/benchmarks/rfib/benchmark.sml /home/ruud/rune/.worktrees/benchmarks/examples/benchmarks/shared/main.sml 3913619189 2993	/tmp/rune-benchmarks-rebase-O2-normal-rfib.log	tests/out/benchmarks/normal/run.Ertg4j/rfib
rfib	normal	O2	rune-jit	28	1028457	pass	02266bf25ec60db04ee70aef9f85d272ea6a184360785fad24f27b4886c6be3a	/home/ruud/rune/.worktrees/benchmarks/examples/benchmarks/shared/input.sml /home/ruud/rune/.worktrees/benchmarks/examples/benchmarks/rfib/benchmark.sml /home/ruud/rune/.worktrees/benchmarks/examples/benchmarks/shared/main.sml 3913619189 2993	/tmp/rune-benchmarks-m3-rfib-normal.log	tests/out/benchmarks/normal/run.IJqDGa/rfib
rfib	normal	O2	rune-jit	28	1028457	pass	02266bf25ec60db04ee70aef9f85d272ea6a184360785fad24f27b4886c6be3a	/home/ruud/rune/.worktrees/benchmarks/examples/benchmarks/shared/input.sml /home/ruud/rune/.worktrees/benchmarks/examples/benchmarks/rfib/benchmark.sml /home/ruud/rune/.worktrees/benchmarks/examples/benchmarks/shared/main.sml 3913619189 2993	/tmp/rune-benchmarks-rebase-O2-normal-rfib.log	tests/out/benchmarks/normal/run.Ertg4j/rfib
rfib	normal	O2	rune-new	28	1028457	pass	02266bf25ec60db04ee70aef9f85d272ea6a184360785fad24f27b4886c6be3a	/home/ruud/rune/.worktrees/benchmarks/examples/benchmarks/shared/input.sml /home/ruud/rune/.worktrees/benchmarks/examples/benchmarks/rfib/benchmark.sml /home/ruud/rune/.worktrees/benchmarks/examples/benchmarks/shared/main.sml 3913619189 2993	/tmp/rune-benchmarks-m3-rfib-normal.log	tests/out/benchmarks/normal/run.IJqDGa/rfib
rfib	normal	O2	rune-new	28	1028457	pass	02266bf25ec60db04ee70aef9f85d272ea6a184360785fad24f27b4886c6be3a	/home/ruud/rune/.worktrees/benchmarks/examples/benchmarks/shared/input.sml /home/ruud/rune/.worktrees/benchmarks/examples/benchmarks/rfib/benchmark.sml /home/ruud/rune/.worktrees/benchmarks/examples/benchmarks/shared/main.sml 3913619189 2993	/tmp/rune-benchmarks-rebase-O2-normal-rfib.log	tests/out/benchmarks/normal/run.Ertg4j/rfib
rfib	normal	O2	rune-opt	28	1028457	pass	02266bf25ec60db04ee70aef9f85d272ea6a184360785fad24f27b4886c6be3a	/home/ruud/rune/.worktrees/benchmarks/examples/benchmarks/shared/input.sml /home/ruud/rune/.worktrees/benchmarks/examples/benchmarks/rfib/benchmark.sml /home/ruud/rune/.worktrees/benchmarks/examples/benchmarks/shared/main.sml 3913619189 2993	/tmp/rune-benchmarks-m3-rfib-normal.log	tests/out/benchmarks/normal/run.IJqDGa/rfib
rfib	normal	O2	rune-opt	28	1028457	pass	02266bf25ec60db04ee70aef9f85d272ea6a184360785fad24f27b4886c6be3a	/home/ruud/rune/.worktrees/benchmarks/examples/benchmarks/shared/input.sml /home/ruud/rune/.worktrees/benchmarks/examples/benchmarks/rfib/benchmark.sml /home/ruud/rune/.worktrees/benchmarks/examples/benchmarks/shared/main.sml 3913619189 2993	/tmp/rune-benchmarks-rebase-O2-normal-rfib.log	tests/out/benchmarks/normal/run.Ertg4j/rfib
rfib	normal	host-default	native-mlton-20241230	28	1028457	pass	02266bf25ec60db04ee70aef9f85d272ea6a184360785fad24f27b4886c6be3a	-	/tmp/rune-benchmarks-m3-rfib-normal.log	tests/out/benchmarks/normal/run.IJqDGa/rfib
rfib	normal	host-default	native-polyml-5.9.2	28	1028457	pass	02266bf25ec60db04ee70aef9f85d272ea6a184360785fad24f27b4886c6be3a	-	/tmp/rune-benchmarks-m3-rfib-normal.log	tests/out/benchmarks/normal/run.IJqDGa/rfib
rfib	normal	host-default	native-smlnj-legacy-110.99.9	28	1028457	pass	50f6d0a94d69aaf67f5fcc15c72b76ee695b35a43396f8d9b3650d73bb7ef3a0	-	/tmp/rune-benchmarks-m3-rfib-normal.log	tests/out/benchmarks/normal/run.IJqDGa/rfib
rfib	smoke	O0	rune	12	465	pass	a6623118ffac0513fc49865cd32a6c469fbb28c64961bae85a2ea6518a1dd082	/home/ruud/rune/.worktrees/benchmarks/examples/benchmarks/shared/input.sml /home/ruud/rune/.worktrees/benchmarks/examples/benchmarks/rfib/benchmark.sml /home/ruud/rune/.worktrees/benchmarks/examples/benchmarks/shared/main.sml 3913619189 2993	/tmp/rune-benchmarks-m3-rfib-smoke-O0.log	tests/out/benchmarks/smoke/run.Lk56WJ/rfib
rfib	smoke	O0	rune	12	465	pass	a6623118ffac0513fc49865cd32a6c469fbb28c64961bae85a2ea6518a1dd082	/home/ruud/rune/.worktrees/benchmarks/examples/benchmarks/shared/input.sml /home/ruud/rune/.worktrees/benchmarks/examples/benchmarks/rfib/benchmark.sml /home/ruud/rune/.worktrees/benchmarks/examples/benchmarks/shared/main.sml 3913619189 2993	/tmp/rune-benchmarks-rebase-O0-smoke-rfib.log	tests/out/benchmarks/smoke/run.Wd6IoX/rfib
rfib	smoke	O0	rune-jit	12	465	pass	a6623118ffac0513fc49865cd32a6c469fbb28c64961bae85a2ea6518a1dd082	/home/ruud/rune/.worktrees/benchmarks/examples/benchmarks/shared/input.sml /home/ruud/rune/.worktrees/benchmarks/examples/benchmarks/rfib/benchmark.sml /home/ruud/rune/.worktrees/benchmarks/examples/benchmarks/shared/main.sml 3913619189 2993	/tmp/rune-benchmarks-m3-rfib-smoke-O0.log	tests/out/benchmarks/smoke/run.Lk56WJ/rfib
rfib	smoke	O0	rune-jit	12	465	pass	a6623118ffac0513fc49865cd32a6c469fbb28c64961bae85a2ea6518a1dd082	/home/ruud/rune/.worktrees/benchmarks/examples/benchmarks/shared/input.sml /home/ruud/rune/.worktrees/benchmarks/examples/benchmarks/rfib/benchmark.sml /home/ruud/rune/.worktrees/benchmarks/examples/benchmarks/shared/main.sml 3913619189 2993	/tmp/rune-benchmarks-rebase-O0-smoke-rfib.log	tests/out/benchmarks/smoke/run.Wd6IoX/rfib
rfib	smoke	O0	rune-new	12	465	pass	a6623118ffac0513fc49865cd32a6c469fbb28c64961bae85a2ea6518a1dd082	/home/ruud/rune/.worktrees/benchmarks/examples/benchmarks/shared/input.sml /home/ruud/rune/.worktrees/benchmarks/examples/benchmarks/rfib/benchmark.sml /home/ruud/rune/.worktrees/benchmarks/examples/benchmarks/shared/main.sml 3913619189 2993	/tmp/rune-benchmarks-m3-rfib-smoke-O0.log	tests/out/benchmarks/smoke/run.Lk56WJ/rfib
rfib	smoke	O0	rune-new	12	465	pass	a6623118ffac0513fc49865cd32a6c469fbb28c64961bae85a2ea6518a1dd082	/home/ruud/rune/.worktrees/benchmarks/examples/benchmarks/shared/input.sml /home/ruud/rune/.worktrees/benchmarks/examples/benchmarks/rfib/benchmark.sml /home/ruud/rune/.worktrees/benchmarks/examples/benchmarks/shared/main.sml 3913619189 2993	/tmp/rune-benchmarks-rebase-O0-smoke-rfib.log	tests/out/benchmarks/smoke/run.Wd6IoX/rfib
rfib	smoke	O0	rune-opt	12	465	pass	a6623118ffac0513fc49865cd32a6c469fbb28c64961bae85a2ea6518a1dd082	/home/ruud/rune/.worktrees/benchmarks/examples/benchmarks/shared/input.sml /home/ruud/rune/.worktrees/benchmarks/examples/benchmarks/rfib/benchmark.sml /home/ruud/rune/.worktrees/benchmarks/examples/benchmarks/shared/main.sml 3913619189 2993	/tmp/rune-benchmarks-m3-rfib-smoke-O0.log	tests/out/benchmarks/smoke/run.Lk56WJ/rfib
rfib	smoke	O0	rune-opt	12	465	pass	a6623118ffac0513fc49865cd32a6c469fbb28c64961bae85a2ea6518a1dd082	/home/ruud/rune/.worktrees/benchmarks/examples/benchmarks/shared/input.sml /home/ruud/rune/.worktrees/benchmarks/examples/benchmarks/rfib/benchmark.sml /home/ruud/rune/.worktrees/benchmarks/examples/benchmarks/shared/main.sml 3913619189 2993	/tmp/rune-benchmarks-rebase-O0-smoke-rfib.log	tests/out/benchmarks/smoke/run.Wd6IoX/rfib
rfib	smoke	O2	rune	12	465	pass	a6623118ffac0513fc49865cd32a6c469fbb28c64961bae85a2ea6518a1dd082	/home/ruud/rune/.worktrees/benchmarks/examples/benchmarks/shared/input.sml /home/ruud/rune/.worktrees/benchmarks/examples/benchmarks/rfib/benchmark.sml /home/ruud/rune/.worktrees/benchmarks/examples/benchmarks/shared/main.sml 3913619189 2993	/tmp/rune-benchmarks-m3-rfib-smoke.log	tests/out/benchmarks/smoke/run.dJFpor/rfib
rfib	smoke	O2	rune	12	465	pass	a6623118ffac0513fc49865cd32a6c469fbb28c64961bae85a2ea6518a1dd082	/home/ruud/rune/.worktrees/benchmarks/examples/benchmarks/shared/input.sml /home/ruud/rune/.worktrees/benchmarks/examples/benchmarks/rfib/benchmark.sml /home/ruud/rune/.worktrees/benchmarks/examples/benchmarks/shared/main.sml 3913619189 2993	/tmp/rune-benchmarks-rebase-O2-smoke-rfib.log	tests/out/benchmarks/smoke/run.jkypKV/rfib
rfib	smoke	O2	rune-jit	12	465	pass	a6623118ffac0513fc49865cd32a6c469fbb28c64961bae85a2ea6518a1dd082	/home/ruud/rune/.worktrees/benchmarks/examples/benchmarks/shared/input.sml /home/ruud/rune/.worktrees/benchmarks/examples/benchmarks/rfib/benchmark.sml /home/ruud/rune/.worktrees/benchmarks/examples/benchmarks/shared/main.sml 3913619189 2993	/tmp/rune-benchmarks-m3-rfib-smoke.log	tests/out/benchmarks/smoke/run.dJFpor/rfib
rfib	smoke	O2	rune-jit	12	465	pass	a6623118ffac0513fc49865cd32a6c469fbb28c64961bae85a2ea6518a1dd082	/home/ruud/rune/.worktrees/benchmarks/examples/benchmarks/shared/input.sml /home/ruud/rune/.worktrees/benchmarks/examples/benchmarks/rfib/benchmark.sml /home/ruud/rune/.worktrees/benchmarks/examples/benchmarks/shared/main.sml 3913619189 2993	/tmp/rune-benchmarks-rebase-O2-smoke-rfib.log	tests/out/benchmarks/smoke/run.jkypKV/rfib
rfib	smoke	O2	rune-new	12	465	pass	a6623118ffac0513fc49865cd32a6c469fbb28c64961bae85a2ea6518a1dd082	/home/ruud/rune/.worktrees/benchmarks/examples/benchmarks/shared/input.sml /home/ruud/rune/.worktrees/benchmarks/examples/benchmarks/rfib/benchmark.sml /home/ruud/rune/.worktrees/benchmarks/examples/benchmarks/shared/main.sml 3913619189 2993	/tmp/rune-benchmarks-m3-rfib-smoke.log	tests/out/benchmarks/smoke/run.dJFpor/rfib
rfib	smoke	O2	rune-new	12	465	pass	a6623118ffac0513fc49865cd32a6c469fbb28c64961bae85a2ea6518a1dd082	/home/ruud/rune/.worktrees/benchmarks/examples/benchmarks/shared/input.sml /home/ruud/rune/.worktrees/benchmarks/examples/benchmarks/rfib/benchmark.sml /home/ruud/rune/.worktrees/benchmarks/examples/benchmarks/shared/main.sml 3913619189 2993	/tmp/rune-benchmarks-rebase-O2-smoke-rfib.log	tests/out/benchmarks/smoke/run.jkypKV/rfib
rfib	smoke	O2	rune-opt	12	465	pass	a6623118ffac0513fc49865cd32a6c469fbb28c64961bae85a2ea6518a1dd082	/home/ruud/rune/.worktrees/benchmarks/examples/benchmarks/shared/input.sml /home/ruud/rune/.worktrees/benchmarks/examples/benchmarks/rfib/benchmark.sml /home/ruud/rune/.worktrees/benchmarks/examples/benchmarks/shared/main.sml 3913619189 2993	/tmp/rune-benchmarks-m3-rfib-smoke.log	tests/out/benchmarks/smoke/run.dJFpor/rfib
rfib	smoke	O2	rune-opt	12	465	pass	a6623118ffac0513fc49865cd32a6c469fbb28c64961bae85a2ea6518a1dd082	/home/ruud/rune/.worktrees/benchmarks/examples/benchmarks/shared/input.sml /home/ruud/rune/.worktrees/benchmarks/examples/benchmarks/rfib/benchmark.sml /home/ruud/rune/.worktrees/benchmarks/examples/benchmarks/shared/main.sml 3913619189 2993	/tmp/rune-benchmarks-rebase-O2-smoke-rfib.log	tests/out/benchmarks/smoke/run.jkypKV/rfib
rfib	smoke	host-default	native-mlton-20241230	12	465	pass	a6623118ffac0513fc49865cd32a6c469fbb28c64961bae85a2ea6518a1dd082	-	/tmp/rune-benchmarks-m3-rfib-smoke.log	tests/out/benchmarks/smoke/run.dJFpor/rfib
rfib	smoke	host-default	native-polyml-5.9.2	12	465	pass	a6623118ffac0513fc49865cd32a6c469fbb28c64961bae85a2ea6518a1dd082	-	/tmp/rune-benchmarks-m3-rfib-smoke.log	tests/out/benchmarks/smoke/run.dJFpor/rfib
rfib	smoke	host-default	native-smlnj-legacy-110.99.9	12	465	pass	96a626e3ff1f25e33616e925dc65af5867cb1edb2d27d857e29bf71b5bbb96c6	-	/tmp/rune-benchmarks-m3-rfib-smoke.log	tests/out/benchmarks/smoke/run.dJFpor/rfib
tak-nofib-lazy	normal	O0	rune	18 12 6	7	pass	dc75a37cc0796c1d5530eba950bcf86f4fcce54e954a07d830c40a6db2525ead	/home/ruud/rune/.worktrees/benchmarks/examples/benchmarks/shared/input.sml /home/ruud/rune/.worktrees/benchmarks/examples/benchmarks/shared/lazy.sml /home/ruud/rune/.worktrees/benchmarks/examples/benchmarks/tak-nofib-lazy/benchmark.sml /home/ruud/rune/.worktrees/benchmarks/examples/benchmarks/shared/main.sml 4084044739 3552	/tmp/rune-benchmarks-m3-tak-nofib-normal-O0.log	tests/out/benchmarks/normal/run.7aoQaj/tak-nofib-lazy
tak-nofib-lazy	normal	O0	rune	18 12 6	7	pass	dc75a37cc0796c1d5530eba950bcf86f4fcce54e954a07d830c40a6db2525ead	/home/ruud/rune/.worktrees/benchmarks/examples/benchmarks/shared/input.sml /home/ruud/rune/.worktrees/benchmarks/examples/benchmarks/shared/lazy.sml /home/ruud/rune/.worktrees/benchmarks/examples/benchmarks/tak-nofib-lazy/benchmark.sml /home/ruud/rune/.worktrees/benchmarks/examples/benchmarks/shared/main.sml 4084044739 3552	/tmp/rune-benchmarks-rebase-O0-normal-tak-nofib.log	tests/out/benchmarks/normal/run.29Cm2l/tak-nofib-lazy
tak-nofib-lazy	normal	O0	rune	18 12 6	7	pass	dc75a37cc0796c1d5530eba950bcf86f4fcce54e954a07d830c40a6db2525ead	/home/ruud/rune/.worktrees/benchmarks/examples/benchmarks/shared/input.sml /home/ruud/rune/.worktrees/benchmarks/examples/benchmarks/shared/lazy.sml /home/ruud/rune/.worktrees/benchmarks/examples/benchmarks/tak-nofib-lazy/benchmark.sml /home/ruud/rune/.worktrees/benchmarks/examples/benchmarks/shared/main.sml 4084044739 3552	/tmp/rune-benchmarks-rebase-shared-tak-O0-normal.log	tests/out/benchmarks/normal/run.CJ0NWo/tak-nofib-lazy
tak-nofib-lazy	normal	O0	rune-jit	18 12 6	7	pass	dc75a37cc0796c1d5530eba950bcf86f4fcce54e954a07d830c40a6db2525ead	/home/ruud/rune/.worktrees/benchmarks/examples/benchmarks/shared/input.sml /home/ruud/rune/.worktrees/benchmarks/examples/benchmarks/shared/lazy.sml /home/ruud/rune/.worktrees/benchmarks/examples/benchmarks/tak-nofib-lazy/benchmark.sml /home/ruud/rune/.worktrees/benchmarks/examples/benchmarks/shared/main.sml 4084044739 3552	/tmp/rune-benchmarks-m3-tak-nofib-normal-O0.log	tests/out/benchmarks/normal/run.7aoQaj/tak-nofib-lazy
tak-nofib-lazy	normal	O0	rune-jit	18 12 6	7	pass	dc75a37cc0796c1d5530eba950bcf86f4fcce54e954a07d830c40a6db2525ead	/home/ruud/rune/.worktrees/benchmarks/examples/benchmarks/shared/input.sml /home/ruud/rune/.worktrees/benchmarks/examples/benchmarks/shared/lazy.sml /home/ruud/rune/.worktrees/benchmarks/examples/benchmarks/tak-nofib-lazy/benchmark.sml /home/ruud/rune/.worktrees/benchmarks/examples/benchmarks/shared/main.sml 4084044739 3552	/tmp/rune-benchmarks-rebase-O0-normal-tak-nofib.log	tests/out/benchmarks/normal/run.29Cm2l/tak-nofib-lazy
tak-nofib-lazy	normal	O0	rune-jit	18 12 6	7	pass	dc75a37cc0796c1d5530eba950bcf86f4fcce54e954a07d830c40a6db2525ead	/home/ruud/rune/.worktrees/benchmarks/examples/benchmarks/shared/input.sml /home/ruud/rune/.worktrees/benchmarks/examples/benchmarks/shared/lazy.sml /home/ruud/rune/.worktrees/benchmarks/examples/benchmarks/tak-nofib-lazy/benchmark.sml /home/ruud/rune/.worktrees/benchmarks/examples/benchmarks/shared/main.sml 4084044739 3552	/tmp/rune-benchmarks-rebase-shared-tak-O0-normal.log	tests/out/benchmarks/normal/run.CJ0NWo/tak-nofib-lazy
tak-nofib-lazy	normal	O0	rune-new	18 12 6	7	pass	dc75a37cc0796c1d5530eba950bcf86f4fcce54e954a07d830c40a6db2525ead	/home/ruud/rune/.worktrees/benchmarks/examples/benchmarks/shared/input.sml /home/ruud/rune/.worktrees/benchmarks/examples/benchmarks/shared/lazy.sml /home/ruud/rune/.worktrees/benchmarks/examples/benchmarks/tak-nofib-lazy/benchmark.sml /home/ruud/rune/.worktrees/benchmarks/examples/benchmarks/shared/main.sml 4084044739 3552	/tmp/rune-benchmarks-m3-tak-nofib-normal-O0.log	tests/out/benchmarks/normal/run.7aoQaj/tak-nofib-lazy
tak-nofib-lazy	normal	O0	rune-new	18 12 6	7	pass	dc75a37cc0796c1d5530eba950bcf86f4fcce54e954a07d830c40a6db2525ead	/home/ruud/rune/.worktrees/benchmarks/examples/benchmarks/shared/input.sml /home/ruud/rune/.worktrees/benchmarks/examples/benchmarks/shared/lazy.sml /home/ruud/rune/.worktrees/benchmarks/examples/benchmarks/tak-nofib-lazy/benchmark.sml /home/ruud/rune/.worktrees/benchmarks/examples/benchmarks/shared/main.sml 4084044739 3552	/tmp/rune-benchmarks-rebase-O0-normal-tak-nofib.log	tests/out/benchmarks/normal/run.29Cm2l/tak-nofib-lazy
tak-nofib-lazy	normal	O0	rune-new	18 12 6	7	pass	dc75a37cc0796c1d5530eba950bcf86f4fcce54e954a07d830c40a6db2525ead	/home/ruud/rune/.worktrees/benchmarks/examples/benchmarks/shared/input.sml /home/ruud/rune/.worktrees/benchmarks/examples/benchmarks/shared/lazy.sml /home/ruud/rune/.worktrees/benchmarks/examples/benchmarks/tak-nofib-lazy/benchmark.sml /home/ruud/rune/.worktrees/benchmarks/examples/benchmarks/shared/main.sml 4084044739 3552	/tmp/rune-benchmarks-rebase-shared-tak-O0-normal.log	tests/out/benchmarks/normal/run.CJ0NWo/tak-nofib-lazy
tak-nofib-lazy	normal	O0	rune-opt	18 12 6	7	pass	dc75a37cc0796c1d5530eba950bcf86f4fcce54e954a07d830c40a6db2525ead	/home/ruud/rune/.worktrees/benchmarks/examples/benchmarks/shared/input.sml /home/ruud/rune/.worktrees/benchmarks/examples/benchmarks/shared/lazy.sml /home/ruud/rune/.worktrees/benchmarks/examples/benchmarks/tak-nofib-lazy/benchmark.sml /home/ruud/rune/.worktrees/benchmarks/examples/benchmarks/shared/main.sml 4084044739 3552	/tmp/rune-benchmarks-m3-tak-nofib-normal-O0.log	tests/out/benchmarks/normal/run.7aoQaj/tak-nofib-lazy
tak-nofib-lazy	normal	O0	rune-opt	18 12 6	7	pass	dc75a37cc0796c1d5530eba950bcf86f4fcce54e954a07d830c40a6db2525ead	/home/ruud/rune/.worktrees/benchmarks/examples/benchmarks/shared/input.sml /home/ruud/rune/.worktrees/benchmarks/examples/benchmarks/shared/lazy.sml /home/ruud/rune/.worktrees/benchmarks/examples/benchmarks/tak-nofib-lazy/benchmark.sml /home/ruud/rune/.worktrees/benchmarks/examples/benchmarks/shared/main.sml 4084044739 3552	/tmp/rune-benchmarks-rebase-O0-normal-tak-nofib.log	tests/out/benchmarks/normal/run.29Cm2l/tak-nofib-lazy
tak-nofib-lazy	normal	O0	rune-opt	18 12 6	7	pass	dc75a37cc0796c1d5530eba950bcf86f4fcce54e954a07d830c40a6db2525ead	/home/ruud/rune/.worktrees/benchmarks/examples/benchmarks/shared/input.sml /home/ruud/rune/.worktrees/benchmarks/examples/benchmarks/shared/lazy.sml /home/ruud/rune/.worktrees/benchmarks/examples/benchmarks/tak-nofib-lazy/benchmark.sml /home/ruud/rune/.worktrees/benchmarks/examples/benchmarks/shared/main.sml 4084044739 3552	/tmp/rune-benchmarks-rebase-shared-tak-O0-normal.log	tests/out/benchmarks/normal/run.CJ0NWo/tak-nofib-lazy
tak-nofib-lazy	normal	O2	rune	18 12 6	7	pass	dc75a37cc0796c1d5530eba950bcf86f4fcce54e954a07d830c40a6db2525ead	/home/ruud/rune/.worktrees/benchmarks/examples/benchmarks/shared/input.sml /home/ruud/rune/.worktrees/benchmarks/examples/benchmarks/shared/lazy.sml /home/ruud/rune/.worktrees/benchmarks/examples/benchmarks/tak-nofib-lazy/benchmark.sml /home/ruud/rune/.worktrees/benchmarks/examples/benchmarks/shared/main.sml 4084044739 3552	/tmp/rune-benchmarks-m3-tak-nofib-normal.log	tests/out/benchmarks/normal/run.CZWSpv/tak-nofib-lazy
tak-nofib-lazy	normal	O2	rune	18 12 6	7	pass	dc75a37cc0796c1d5530eba950bcf86f4fcce54e954a07d830c40a6db2525ead	/home/ruud/rune/.worktrees/benchmarks/examples/benchmarks/shared/input.sml /home/ruud/rune/.worktrees/benchmarks/examples/benchmarks/shared/lazy.sml /home/ruud/rune/.worktrees/benchmarks/examples/benchmarks/tak-nofib-lazy/benchmark.sml /home/ruud/rune/.worktrees/benchmarks/examples/benchmarks/shared/main.sml 4084044739 3552	/tmp/rune-benchmarks-rebase-O2-normal-tak-nofib.log	tests/out/benchmarks/normal/run.p2n6ND/tak-nofib-lazy
tak-nofib-lazy	normal	O2	rune	18 12 6	7	pass	dc75a37cc0796c1d5530eba950bcf86f4fcce54e954a07d830c40a6db2525ead	/home/ruud/rune/.worktrees/benchmarks/examples/benchmarks/shared/input.sml /home/ruud/rune/.worktrees/benchmarks/examples/benchmarks/shared/lazy.sml /home/ruud/rune/.worktrees/benchmarks/examples/benchmarks/tak-nofib-lazy/benchmark.sml /home/ruud/rune/.worktrees/benchmarks/examples/benchmarks/shared/main.sml 4084044739 3552	/tmp/rune-benchmarks-rebase-shared-tak-O2-normal.log	tests/out/benchmarks/normal/run.B1lcX9/tak-nofib-lazy
tak-nofib-lazy	normal	O2	rune-jit	18 12 6	7	pass	dc75a37cc0796c1d5530eba950bcf86f4fcce54e954a07d830c40a6db2525ead	/home/ruud/rune/.worktrees/benchmarks/examples/benchmarks/shared/input.sml /home/ruud/rune/.worktrees/benchmarks/examples/benchmarks/shared/lazy.sml /home/ruud/rune/.worktrees/benchmarks/examples/benchmarks/tak-nofib-lazy/benchmark.sml /home/ruud/rune/.worktrees/benchmarks/examples/benchmarks/shared/main.sml 4084044739 3552	/tmp/rune-benchmarks-m3-tak-nofib-normal.log	tests/out/benchmarks/normal/run.CZWSpv/tak-nofib-lazy
tak-nofib-lazy	normal	O2	rune-jit	18 12 6	7	pass	dc75a37cc0796c1d5530eba950bcf86f4fcce54e954a07d830c40a6db2525ead	/home/ruud/rune/.worktrees/benchmarks/examples/benchmarks/shared/input.sml /home/ruud/rune/.worktrees/benchmarks/examples/benchmarks/shared/lazy.sml /home/ruud/rune/.worktrees/benchmarks/examples/benchmarks/tak-nofib-lazy/benchmark.sml /home/ruud/rune/.worktrees/benchmarks/examples/benchmarks/shared/main.sml 4084044739 3552	/tmp/rune-benchmarks-rebase-O2-normal-tak-nofib.log	tests/out/benchmarks/normal/run.p2n6ND/tak-nofib-lazy
tak-nofib-lazy	normal	O2	rune-jit	18 12 6	7	pass	dc75a37cc0796c1d5530eba950bcf86f4fcce54e954a07d830c40a6db2525ead	/home/ruud/rune/.worktrees/benchmarks/examples/benchmarks/shared/input.sml /home/ruud/rune/.worktrees/benchmarks/examples/benchmarks/shared/lazy.sml /home/ruud/rune/.worktrees/benchmarks/examples/benchmarks/tak-nofib-lazy/benchmark.sml /home/ruud/rune/.worktrees/benchmarks/examples/benchmarks/shared/main.sml 4084044739 3552	/tmp/rune-benchmarks-rebase-shared-tak-O2-normal.log	tests/out/benchmarks/normal/run.B1lcX9/tak-nofib-lazy
tak-nofib-lazy	normal	O2	rune-new	18 12 6	7	pass	dc75a37cc0796c1d5530eba950bcf86f4fcce54e954a07d830c40a6db2525ead	/home/ruud/rune/.worktrees/benchmarks/examples/benchmarks/shared/input.sml /home/ruud/rune/.worktrees/benchmarks/examples/benchmarks/shared/lazy.sml /home/ruud/rune/.worktrees/benchmarks/examples/benchmarks/tak-nofib-lazy/benchmark.sml /home/ruud/rune/.worktrees/benchmarks/examples/benchmarks/shared/main.sml 4084044739 3552	/tmp/rune-benchmarks-m3-tak-nofib-normal.log	tests/out/benchmarks/normal/run.CZWSpv/tak-nofib-lazy
tak-nofib-lazy	normal	O2	rune-new	18 12 6	7	pass	dc75a37cc0796c1d5530eba950bcf86f4fcce54e954a07d830c40a6db2525ead	/home/ruud/rune/.worktrees/benchmarks/examples/benchmarks/shared/input.sml /home/ruud/rune/.worktrees/benchmarks/examples/benchmarks/shared/lazy.sml /home/ruud/rune/.worktrees/benchmarks/examples/benchmarks/tak-nofib-lazy/benchmark.sml /home/ruud/rune/.worktrees/benchmarks/examples/benchmarks/shared/main.sml 4084044739 3552	/tmp/rune-benchmarks-rebase-O2-normal-tak-nofib.log	tests/out/benchmarks/normal/run.p2n6ND/tak-nofib-lazy
tak-nofib-lazy	normal	O2	rune-new	18 12 6	7	pass	dc75a37cc0796c1d5530eba950bcf86f4fcce54e954a07d830c40a6db2525ead	/home/ruud/rune/.worktrees/benchmarks/examples/benchmarks/shared/input.sml /home/ruud/rune/.worktrees/benchmarks/examples/benchmarks/shared/lazy.sml /home/ruud/rune/.worktrees/benchmarks/examples/benchmarks/tak-nofib-lazy/benchmark.sml /home/ruud/rune/.worktrees/benchmarks/examples/benchmarks/shared/main.sml 4084044739 3552	/tmp/rune-benchmarks-rebase-shared-tak-O2-normal.log	tests/out/benchmarks/normal/run.B1lcX9/tak-nofib-lazy
tak-nofib-lazy	normal	O2	rune-opt	18 12 6	7	pass	dc75a37cc0796c1d5530eba950bcf86f4fcce54e954a07d830c40a6db2525ead	/home/ruud/rune/.worktrees/benchmarks/examples/benchmarks/shared/input.sml /home/ruud/rune/.worktrees/benchmarks/examples/benchmarks/shared/lazy.sml /home/ruud/rune/.worktrees/benchmarks/examples/benchmarks/tak-nofib-lazy/benchmark.sml /home/ruud/rune/.worktrees/benchmarks/examples/benchmarks/shared/main.sml 4084044739 3552	/tmp/rune-benchmarks-m3-tak-nofib-normal.log	tests/out/benchmarks/normal/run.CZWSpv/tak-nofib-lazy
tak-nofib-lazy	normal	O2	rune-opt	18 12 6	7	pass	dc75a37cc0796c1d5530eba950bcf86f4fcce54e954a07d830c40a6db2525ead	/home/ruud/rune/.worktrees/benchmarks/examples/benchmarks/shared/input.sml /home/ruud/rune/.worktrees/benchmarks/examples/benchmarks/shared/lazy.sml /home/ruud/rune/.worktrees/benchmarks/examples/benchmarks/tak-nofib-lazy/benchmark.sml /home/ruud/rune/.worktrees/benchmarks/examples/benchmarks/shared/main.sml 4084044739 3552	/tmp/rune-benchmarks-rebase-O2-normal-tak-nofib.log	tests/out/benchmarks/normal/run.p2n6ND/tak-nofib-lazy
tak-nofib-lazy	normal	O2	rune-opt	18 12 6	7	pass	dc75a37cc0796c1d5530eba950bcf86f4fcce54e954a07d830c40a6db2525ead	/home/ruud/rune/.worktrees/benchmarks/examples/benchmarks/shared/input.sml /home/ruud/rune/.worktrees/benchmarks/examples/benchmarks/shared/lazy.sml /home/ruud/rune/.worktrees/benchmarks/examples/benchmarks/tak-nofib-lazy/benchmark.sml /home/ruud/rune/.worktrees/benchmarks/examples/benchmarks/shared/main.sml 4084044739 3552	/tmp/rune-benchmarks-rebase-shared-tak-O2-normal.log	tests/out/benchmarks/normal/run.B1lcX9/tak-nofib-lazy
tak-nofib-lazy	normal	host-default	native-mlton-20241230	18 12 6	7	pass	dc75a37cc0796c1d5530eba950bcf86f4fcce54e954a07d830c40a6db2525ead	-	/tmp/rune-benchmarks-m3-tak-nofib-normal.log	tests/out/benchmarks/normal/run.CZWSpv/tak-nofib-lazy
tak-nofib-lazy	normal	host-default	native-mlton-20241230	18 12 6	7	pass	dc75a37cc0796c1d5530eba950bcf86f4fcce54e954a07d830c40a6db2525ead	-	/tmp/rune-benchmarks-rebase-shared-tak-hosts-normal.log	tests/out/benchmarks/normal/run.GYit3d/tak-nofib-lazy
tak-nofib-lazy	normal	host-default	native-polyml-5.9.2	18 12 6	7	pass	dc75a37cc0796c1d5530eba950bcf86f4fcce54e954a07d830c40a6db2525ead	-	/tmp/rune-benchmarks-m3-tak-nofib-normal.log	tests/out/benchmarks/normal/run.CZWSpv/tak-nofib-lazy
tak-nofib-lazy	normal	host-default	native-polyml-5.9.2	18 12 6	7	pass	dc75a37cc0796c1d5530eba950bcf86f4fcce54e954a07d830c40a6db2525ead	-	/tmp/rune-benchmarks-rebase-shared-tak-hosts-normal.log	tests/out/benchmarks/normal/run.GYit3d/tak-nofib-lazy
tak-nofib-lazy	normal	host-default	native-smlnj-legacy-110.99.9	18 12 6	7	pass	7329a0cf35bba05b00da47ae749f39dbc835a9f27346e88cf78e36ef8f211f7f	-	/tmp/rune-benchmarks-m3-tak-nofib-normal.log	tests/out/benchmarks/normal/run.CZWSpv/tak-nofib-lazy
tak-nofib-lazy	normal	host-default	native-smlnj-legacy-110.99.9	18 12 6	7	pass	7329a0cf35bba05b00da47ae749f39dbc835a9f27346e88cf78e36ef8f211f7f	-	/tmp/rune-benchmarks-rebase-shared-tak-hosts-normal.log	tests/out/benchmarks/normal/run.GYit3d/tak-nofib-lazy
tak-nofib-lazy	smoke	O0	rune	9 6 3	6	pass	55bc7e6929da2bb4c0255826756709e9f1e57daace27fa5c90cf9bec28f97828	/home/ruud/rune/.worktrees/benchmarks/examples/benchmarks/shared/input.sml /home/ruud/rune/.worktrees/benchmarks/examples/benchmarks/shared/lazy.sml /home/ruud/rune/.worktrees/benchmarks/examples/benchmarks/tak-nofib-lazy/benchmark.sml /home/ruud/rune/.worktrees/benchmarks/examples/benchmarks/shared/main.sml 4084044739 3552	/tmp/rune-benchmarks-m3-tak-nofib-smoke-O0.log	tests/out/benchmarks/smoke/run.C0Bx8W/tak-nofib-lazy
tak-nofib-lazy	smoke	O0	rune	9 6 3	6	pass	55bc7e6929da2bb4c0255826756709e9f1e57daace27fa5c90cf9bec28f97828	/home/ruud/rune/.worktrees/benchmarks/examples/benchmarks/shared/input.sml /home/ruud/rune/.worktrees/benchmarks/examples/benchmarks/shared/lazy.sml /home/ruud/rune/.worktrees/benchmarks/examples/benchmarks/tak-nofib-lazy/benchmark.sml /home/ruud/rune/.worktrees/benchmarks/examples/benchmarks/shared/main.sml 4084044739 3552	/tmp/rune-benchmarks-rebase-O0-smoke-tak-nofib.log	tests/out/benchmarks/smoke/run.UvELmu/tak-nofib-lazy
tak-nofib-lazy	smoke	O0	rune	9 6 3	6	pass	55bc7e6929da2bb4c0255826756709e9f1e57daace27fa5c90cf9bec28f97828	/home/ruud/rune/.worktrees/benchmarks/examples/benchmarks/shared/input.sml /home/ruud/rune/.worktrees/benchmarks/examples/benchmarks/shared/lazy.sml /home/ruud/rune/.worktrees/benchmarks/examples/benchmarks/tak-nofib-lazy/benchmark.sml /home/ruud/rune/.worktrees/benchmarks/examples/benchmarks/shared/main.sml 4084044739 3552	/tmp/rune-benchmarks-rebase-shared-tak-O0-smoke.log	tests/out/benchmarks/smoke/run.spYFD4/tak-nofib-lazy
tak-nofib-lazy	smoke	O0	rune-jit	9 6 3	6	pass	55bc7e6929da2bb4c0255826756709e9f1e57daace27fa5c90cf9bec28f97828	/home/ruud/rune/.worktrees/benchmarks/examples/benchmarks/shared/input.sml /home/ruud/rune/.worktrees/benchmarks/examples/benchmarks/shared/lazy.sml /home/ruud/rune/.worktrees/benchmarks/examples/benchmarks/tak-nofib-lazy/benchmark.sml /home/ruud/rune/.worktrees/benchmarks/examples/benchmarks/shared/main.sml 4084044739 3552	/tmp/rune-benchmarks-m3-tak-nofib-smoke-O0.log	tests/out/benchmarks/smoke/run.C0Bx8W/tak-nofib-lazy
tak-nofib-lazy	smoke	O0	rune-jit	9 6 3	6	pass	55bc7e6929da2bb4c0255826756709e9f1e57daace27fa5c90cf9bec28f97828	/home/ruud/rune/.worktrees/benchmarks/examples/benchmarks/shared/input.sml /home/ruud/rune/.worktrees/benchmarks/examples/benchmarks/shared/lazy.sml /home/ruud/rune/.worktrees/benchmarks/examples/benchmarks/tak-nofib-lazy/benchmark.sml /home/ruud/rune/.worktrees/benchmarks/examples/benchmarks/shared/main.sml 4084044739 3552	/tmp/rune-benchmarks-rebase-O0-smoke-tak-nofib.log	tests/out/benchmarks/smoke/run.UvELmu/tak-nofib-lazy
tak-nofib-lazy	smoke	O0	rune-jit	9 6 3	6	pass	55bc7e6929da2bb4c0255826756709e9f1e57daace27fa5c90cf9bec28f97828	/home/ruud/rune/.worktrees/benchmarks/examples/benchmarks/shared/input.sml /home/ruud/rune/.worktrees/benchmarks/examples/benchmarks/shared/lazy.sml /home/ruud/rune/.worktrees/benchmarks/examples/benchmarks/tak-nofib-lazy/benchmark.sml /home/ruud/rune/.worktrees/benchmarks/examples/benchmarks/shared/main.sml 4084044739 3552	/tmp/rune-benchmarks-rebase-shared-tak-O0-smoke.log	tests/out/benchmarks/smoke/run.spYFD4/tak-nofib-lazy
tak-nofib-lazy	smoke	O0	rune-new	9 6 3	6	pass	55bc7e6929da2bb4c0255826756709e9f1e57daace27fa5c90cf9bec28f97828	/home/ruud/rune/.worktrees/benchmarks/examples/benchmarks/shared/input.sml /home/ruud/rune/.worktrees/benchmarks/examples/benchmarks/shared/lazy.sml /home/ruud/rune/.worktrees/benchmarks/examples/benchmarks/tak-nofib-lazy/benchmark.sml /home/ruud/rune/.worktrees/benchmarks/examples/benchmarks/shared/main.sml 4084044739 3552	/tmp/rune-benchmarks-m3-tak-nofib-smoke-O0.log	tests/out/benchmarks/smoke/run.C0Bx8W/tak-nofib-lazy
tak-nofib-lazy	smoke	O0	rune-new	9 6 3	6	pass	55bc7e6929da2bb4c0255826756709e9f1e57daace27fa5c90cf9bec28f97828	/home/ruud/rune/.worktrees/benchmarks/examples/benchmarks/shared/input.sml /home/ruud/rune/.worktrees/benchmarks/examples/benchmarks/shared/lazy.sml /home/ruud/rune/.worktrees/benchmarks/examples/benchmarks/tak-nofib-lazy/benchmark.sml /home/ruud/rune/.worktrees/benchmarks/examples/benchmarks/shared/main.sml 4084044739 3552	/tmp/rune-benchmarks-rebase-O0-smoke-tak-nofib.log	tests/out/benchmarks/smoke/run.UvELmu/tak-nofib-lazy
tak-nofib-lazy	smoke	O0	rune-new	9 6 3	6	pass	55bc7e6929da2bb4c0255826756709e9f1e57daace27fa5c90cf9bec28f97828	/home/ruud/rune/.worktrees/benchmarks/examples/benchmarks/shared/input.sml /home/ruud/rune/.worktrees/benchmarks/examples/benchmarks/shared/lazy.sml /home/ruud/rune/.worktrees/benchmarks/examples/benchmarks/tak-nofib-lazy/benchmark.sml /home/ruud/rune/.worktrees/benchmarks/examples/benchmarks/shared/main.sml 4084044739 3552	/tmp/rune-benchmarks-rebase-shared-tak-O0-smoke.log	tests/out/benchmarks/smoke/run.spYFD4/tak-nofib-lazy
tak-nofib-lazy	smoke	O0	rune-opt	9 6 3	6	pass	55bc7e6929da2bb4c0255826756709e9f1e57daace27fa5c90cf9bec28f97828	/home/ruud/rune/.worktrees/benchmarks/examples/benchmarks/shared/input.sml /home/ruud/rune/.worktrees/benchmarks/examples/benchmarks/shared/lazy.sml /home/ruud/rune/.worktrees/benchmarks/examples/benchmarks/tak-nofib-lazy/benchmark.sml /home/ruud/rune/.worktrees/benchmarks/examples/benchmarks/shared/main.sml 4084044739 3552	/tmp/rune-benchmarks-m3-tak-nofib-smoke-O0.log	tests/out/benchmarks/smoke/run.C0Bx8W/tak-nofib-lazy
tak-nofib-lazy	smoke	O0	rune-opt	9 6 3	6	pass	55bc7e6929da2bb4c0255826756709e9f1e57daace27fa5c90cf9bec28f97828	/home/ruud/rune/.worktrees/benchmarks/examples/benchmarks/shared/input.sml /home/ruud/rune/.worktrees/benchmarks/examples/benchmarks/shared/lazy.sml /home/ruud/rune/.worktrees/benchmarks/examples/benchmarks/tak-nofib-lazy/benchmark.sml /home/ruud/rune/.worktrees/benchmarks/examples/benchmarks/shared/main.sml 4084044739 3552	/tmp/rune-benchmarks-rebase-O0-smoke-tak-nofib.log	tests/out/benchmarks/smoke/run.UvELmu/tak-nofib-lazy
tak-nofib-lazy	smoke	O0	rune-opt	9 6 3	6	pass	55bc7e6929da2bb4c0255826756709e9f1e57daace27fa5c90cf9bec28f97828	/home/ruud/rune/.worktrees/benchmarks/examples/benchmarks/shared/input.sml /home/ruud/rune/.worktrees/benchmarks/examples/benchmarks/shared/lazy.sml /home/ruud/rune/.worktrees/benchmarks/examples/benchmarks/tak-nofib-lazy/benchmark.sml /home/ruud/rune/.worktrees/benchmarks/examples/benchmarks/shared/main.sml 4084044739 3552	/tmp/rune-benchmarks-rebase-shared-tak-O0-smoke.log	tests/out/benchmarks/smoke/run.spYFD4/tak-nofib-lazy
tak-nofib-lazy	smoke	O2	rune	9 6 3	6	pass	55bc7e6929da2bb4c0255826756709e9f1e57daace27fa5c90cf9bec28f97828	/home/ruud/rune/.worktrees/benchmarks/examples/benchmarks/shared/input.sml /home/ruud/rune/.worktrees/benchmarks/examples/benchmarks/shared/lazy.sml /home/ruud/rune/.worktrees/benchmarks/examples/benchmarks/tak-nofib-lazy/benchmark.sml /home/ruud/rune/.worktrees/benchmarks/examples/benchmarks/shared/main.sml 4084044739 3552	/tmp/rune-benchmarks-m3-tak-nofib-smoke.log	tests/out/benchmarks/smoke/run.CcqnQq/tak-nofib-lazy
tak-nofib-lazy	smoke	O2	rune	9 6 3	6	pass	55bc7e6929da2bb4c0255826756709e9f1e57daace27fa5c90cf9bec28f97828	/home/ruud/rune/.worktrees/benchmarks/examples/benchmarks/shared/input.sml /home/ruud/rune/.worktrees/benchmarks/examples/benchmarks/shared/lazy.sml /home/ruud/rune/.worktrees/benchmarks/examples/benchmarks/tak-nofib-lazy/benchmark.sml /home/ruud/rune/.worktrees/benchmarks/examples/benchmarks/shared/main.sml 4084044739 3552	/tmp/rune-benchmarks-rebase-O2-smoke-tak-nofib.log	tests/out/benchmarks/smoke/run.m8vSkp/tak-nofib-lazy
tak-nofib-lazy	smoke	O2	rune	9 6 3	6	pass	55bc7e6929da2bb4c0255826756709e9f1e57daace27fa5c90cf9bec28f97828	/home/ruud/rune/.worktrees/benchmarks/examples/benchmarks/shared/input.sml /home/ruud/rune/.worktrees/benchmarks/examples/benchmarks/shared/lazy.sml /home/ruud/rune/.worktrees/benchmarks/examples/benchmarks/tak-nofib-lazy/benchmark.sml /home/ruud/rune/.worktrees/benchmarks/examples/benchmarks/shared/main.sml 4084044739 3552	/tmp/rune-benchmarks-rebase-shared-tak-O2-smoke.log	tests/out/benchmarks/smoke/run.0hckMK/tak-nofib-lazy
tak-nofib-lazy	smoke	O2	rune-jit	9 6 3	6	pass	55bc7e6929da2bb4c0255826756709e9f1e57daace27fa5c90cf9bec28f97828	/home/ruud/rune/.worktrees/benchmarks/examples/benchmarks/shared/input.sml /home/ruud/rune/.worktrees/benchmarks/examples/benchmarks/shared/lazy.sml /home/ruud/rune/.worktrees/benchmarks/examples/benchmarks/tak-nofib-lazy/benchmark.sml /home/ruud/rune/.worktrees/benchmarks/examples/benchmarks/shared/main.sml 4084044739 3552	/tmp/rune-benchmarks-m3-tak-nofib-smoke.log	tests/out/benchmarks/smoke/run.CcqnQq/tak-nofib-lazy
tak-nofib-lazy	smoke	O2	rune-jit	9 6 3	6	pass	55bc7e6929da2bb4c0255826756709e9f1e57daace27fa5c90cf9bec28f97828	/home/ruud/rune/.worktrees/benchmarks/examples/benchmarks/shared/input.sml /home/ruud/rune/.worktrees/benchmarks/examples/benchmarks/shared/lazy.sml /home/ruud/rune/.worktrees/benchmarks/examples/benchmarks/tak-nofib-lazy/benchmark.sml /home/ruud/rune/.worktrees/benchmarks/examples/benchmarks/shared/main.sml 4084044739 3552	/tmp/rune-benchmarks-rebase-O2-smoke-tak-nofib.log	tests/out/benchmarks/smoke/run.m8vSkp/tak-nofib-lazy
tak-nofib-lazy	smoke	O2	rune-jit	9 6 3	6	pass	55bc7e6929da2bb4c0255826756709e9f1e57daace27fa5c90cf9bec28f97828	/home/ruud/rune/.worktrees/benchmarks/examples/benchmarks/shared/input.sml /home/ruud/rune/.worktrees/benchmarks/examples/benchmarks/shared/lazy.sml /home/ruud/rune/.worktrees/benchmarks/examples/benchmarks/tak-nofib-lazy/benchmark.sml /home/ruud/rune/.worktrees/benchmarks/examples/benchmarks/shared/main.sml 4084044739 3552	/tmp/rune-benchmarks-rebase-shared-tak-O2-smoke.log	tests/out/benchmarks/smoke/run.0hckMK/tak-nofib-lazy
tak-nofib-lazy	smoke	O2	rune-new	9 6 3	6	pass	55bc7e6929da2bb4c0255826756709e9f1e57daace27fa5c90cf9bec28f97828	/home/ruud/rune/.worktrees/benchmarks/examples/benchmarks/shared/input.sml /home/ruud/rune/.worktrees/benchmarks/examples/benchmarks/shared/lazy.sml /home/ruud/rune/.worktrees/benchmarks/examples/benchmarks/tak-nofib-lazy/benchmark.sml /home/ruud/rune/.worktrees/benchmarks/examples/benchmarks/shared/main.sml 4084044739 3552	/tmp/rune-benchmarks-m3-tak-nofib-smoke.log	tests/out/benchmarks/smoke/run.CcqnQq/tak-nofib-lazy
tak-nofib-lazy	smoke	O2	rune-new	9 6 3	6	pass	55bc7e6929da2bb4c0255826756709e9f1e57daace27fa5c90cf9bec28f97828	/home/ruud/rune/.worktrees/benchmarks/examples/benchmarks/shared/input.sml /home/ruud/rune/.worktrees/benchmarks/examples/benchmarks/shared/lazy.sml /home/ruud/rune/.worktrees/benchmarks/examples/benchmarks/tak-nofib-lazy/benchmark.sml /home/ruud/rune/.worktrees/benchmarks/examples/benchmarks/shared/main.sml 4084044739 3552	/tmp/rune-benchmarks-rebase-O2-smoke-tak-nofib.log	tests/out/benchmarks/smoke/run.m8vSkp/tak-nofib-lazy
tak-nofib-lazy	smoke	O2	rune-new	9 6 3	6	pass	55bc7e6929da2bb4c0255826756709e9f1e57daace27fa5c90cf9bec28f97828	/home/ruud/rune/.worktrees/benchmarks/examples/benchmarks/shared/input.sml /home/ruud/rune/.worktrees/benchmarks/examples/benchmarks/shared/lazy.sml /home/ruud/rune/.worktrees/benchmarks/examples/benchmarks/tak-nofib-lazy/benchmark.sml /home/ruud/rune/.worktrees/benchmarks/examples/benchmarks/shared/main.sml 4084044739 3552	/tmp/rune-benchmarks-rebase-shared-tak-O2-smoke.log	tests/out/benchmarks/smoke/run.0hckMK/tak-nofib-lazy
tak-nofib-lazy	smoke	O2	rune-opt	9 6 3	6	pass	55bc7e6929da2bb4c0255826756709e9f1e57daace27fa5c90cf9bec28f97828	/home/ruud/rune/.worktrees/benchmarks/examples/benchmarks/shared/input.sml /home/ruud/rune/.worktrees/benchmarks/examples/benchmarks/shared/lazy.sml /home/ruud/rune/.worktrees/benchmarks/examples/benchmarks/tak-nofib-lazy/benchmark.sml /home/ruud/rune/.worktrees/benchmarks/examples/benchmarks/shared/main.sml 4084044739 3552	/tmp/rune-benchmarks-m3-tak-nofib-smoke.log	tests/out/benchmarks/smoke/run.CcqnQq/tak-nofib-lazy
tak-nofib-lazy	smoke	O2	rune-opt	9 6 3	6	pass	55bc7e6929da2bb4c0255826756709e9f1e57daace27fa5c90cf9bec28f97828	/home/ruud/rune/.worktrees/benchmarks/examples/benchmarks/shared/input.sml /home/ruud/rune/.worktrees/benchmarks/examples/benchmarks/shared/lazy.sml /home/ruud/rune/.worktrees/benchmarks/examples/benchmarks/tak-nofib-lazy/benchmark.sml /home/ruud/rune/.worktrees/benchmarks/examples/benchmarks/shared/main.sml 4084044739 3552	/tmp/rune-benchmarks-rebase-O2-smoke-tak-nofib.log	tests/out/benchmarks/smoke/run.m8vSkp/tak-nofib-lazy
tak-nofib-lazy	smoke	O2	rune-opt	9 6 3	6	pass	55bc7e6929da2bb4c0255826756709e9f1e57daace27fa5c90cf9bec28f97828	/home/ruud/rune/.worktrees/benchmarks/examples/benchmarks/shared/input.sml /home/ruud/rune/.worktrees/benchmarks/examples/benchmarks/shared/lazy.sml /home/ruud/rune/.worktrees/benchmarks/examples/benchmarks/tak-nofib-lazy/benchmark.sml /home/ruud/rune/.worktrees/benchmarks/examples/benchmarks/shared/main.sml 4084044739 3552	/tmp/rune-benchmarks-rebase-shared-tak-O2-smoke.log	tests/out/benchmarks/smoke/run.0hckMK/tak-nofib-lazy
tak-nofib-lazy	smoke	host-default	native-mlton-20241230	9 6 3	6	pass	55bc7e6929da2bb4c0255826756709e9f1e57daace27fa5c90cf9bec28f97828	-	/tmp/rune-benchmarks-m3-tak-nofib-smoke.log	tests/out/benchmarks/smoke/run.CcqnQq/tak-nofib-lazy
tak-nofib-lazy	smoke	host-default	native-mlton-20241230	9 6 3	6	pass	55bc7e6929da2bb4c0255826756709e9f1e57daace27fa5c90cf9bec28f97828	-	/tmp/rune-benchmarks-rebase-shared-tak-hosts-smoke.log	tests/out/benchmarks/smoke/run.s2GYy9/tak-nofib-lazy
tak-nofib-lazy	smoke	host-default	native-polyml-5.9.2	9 6 3	6	pass	55bc7e6929da2bb4c0255826756709e9f1e57daace27fa5c90cf9bec28f97828	-	/tmp/rune-benchmarks-m3-tak-nofib-smoke.log	tests/out/benchmarks/smoke/run.CcqnQq/tak-nofib-lazy
tak-nofib-lazy	smoke	host-default	native-polyml-5.9.2	9 6 3	6	pass	55bc7e6929da2bb4c0255826756709e9f1e57daace27fa5c90cf9bec28f97828	-	/tmp/rune-benchmarks-rebase-shared-tak-hosts-smoke.log	tests/out/benchmarks/smoke/run.s2GYy9/tak-nofib-lazy
tak-nofib-lazy	smoke	host-default	native-smlnj-legacy-110.99.9	9 6 3	6	pass	904de5a73ffc8fbb4c7e1ab5379438d2f12d63c45c4a40b8a7af0c37b8023bee	-	/tmp/rune-benchmarks-m3-tak-nofib-smoke.log	tests/out/benchmarks/smoke/run.CcqnQq/tak-nofib-lazy
tak-nofib-lazy	smoke	host-default	native-smlnj-legacy-110.99.9	9 6 3	6	pass	904de5a73ffc8fbb4c7e1ab5379438d2f12d63c45c4a40b8a7af0c37b8023bee	-	/tmp/rune-benchmarks-rebase-shared-tak-hosts-smoke.log	tests/out/benchmarks/smoke/run.s2GYy9/tak-nofib-lazy
tak-nofib-strict	normal	O0	rune	18 12 6	7	pass	f7bbdc6a4e42e0ba22b43b0ab41cbf62d97b7736f85e781987432d283ed9d45a	/home/ruud/rune/.worktrees/benchmarks/examples/benchmarks/shared/input.sml /home/ruud/rune/.worktrees/benchmarks/examples/benchmarks/shared/tak.sml /home/ruud/rune/.worktrees/benchmarks/examples/benchmarks/tak-nofib-strict/benchmark.sml /home/ruud/rune/.worktrees/benchmarks/examples/benchmarks/shared/main.sml 1518506918 3060	/tmp/rune-benchmarks-rebase-shared-tak-O0-normal.log	tests/out/benchmarks/normal/run.CJ0NWo/tak-nofib-strict
tak-nofib-strict	normal	O0	rune	18 12 6	7	pass	f7bbdc6a4e42e0ba22b43b0ab41cbf62d97b7736f85e781987432d283ed9d45a	/home/ruud/rune/.worktrees/benchmarks/examples/benchmarks/shared/input.sml /home/ruud/rune/.worktrees/benchmarks/examples/benchmarks/tak-nofib-strict/benchmark.sml /home/ruud/rune/.worktrees/benchmarks/examples/benchmarks/shared/main.sml 3562555087 2739	/tmp/rune-benchmarks-m3-tak-nofib-normal-O0.log	tests/out/benchmarks/normal/run.7aoQaj/tak-nofib-strict
tak-nofib-strict	normal	O0	rune	18 12 6	7	pass	f7bbdc6a4e42e0ba22b43b0ab41cbf62d97b7736f85e781987432d283ed9d45a	/home/ruud/rune/.worktrees/benchmarks/examples/benchmarks/shared/input.sml /home/ruud/rune/.worktrees/benchmarks/examples/benchmarks/tak-nofib-strict/benchmark.sml /home/ruud/rune/.worktrees/benchmarks/examples/benchmarks/shared/main.sml 3562555087 2739	/tmp/rune-benchmarks-rebase-O0-normal-tak-nofib.log	tests/out/benchmarks/normal/run.29Cm2l/tak-nofib-strict
tak-nofib-strict	normal	O0	rune-jit	18 12 6	7	pass	f7bbdc6a4e42e0ba22b43b0ab41cbf62d97b7736f85e781987432d283ed9d45a	/home/ruud/rune/.worktrees/benchmarks/examples/benchmarks/shared/input.sml /home/ruud/rune/.worktrees/benchmarks/examples/benchmarks/shared/tak.sml /home/ruud/rune/.worktrees/benchmarks/examples/benchmarks/tak-nofib-strict/benchmark.sml /home/ruud/rune/.worktrees/benchmarks/examples/benchmarks/shared/main.sml 1518506918 3060	/tmp/rune-benchmarks-rebase-shared-tak-O0-normal.log	tests/out/benchmarks/normal/run.CJ0NWo/tak-nofib-strict
tak-nofib-strict	normal	O0	rune-jit	18 12 6	7	pass	f7bbdc6a4e42e0ba22b43b0ab41cbf62d97b7736f85e781987432d283ed9d45a	/home/ruud/rune/.worktrees/benchmarks/examples/benchmarks/shared/input.sml /home/ruud/rune/.worktrees/benchmarks/examples/benchmarks/tak-nofib-strict/benchmark.sml /home/ruud/rune/.worktrees/benchmarks/examples/benchmarks/shared/main.sml 3562555087 2739	/tmp/rune-benchmarks-m3-tak-nofib-normal-O0.log	tests/out/benchmarks/normal/run.7aoQaj/tak-nofib-strict
tak-nofib-strict	normal	O0	rune-jit	18 12 6	7	pass	f7bbdc6a4e42e0ba22b43b0ab41cbf62d97b7736f85e781987432d283ed9d45a	/home/ruud/rune/.worktrees/benchmarks/examples/benchmarks/shared/input.sml /home/ruud/rune/.worktrees/benchmarks/examples/benchmarks/tak-nofib-strict/benchmark.sml /home/ruud/rune/.worktrees/benchmarks/examples/benchmarks/shared/main.sml 3562555087 2739	/tmp/rune-benchmarks-rebase-O0-normal-tak-nofib.log	tests/out/benchmarks/normal/run.29Cm2l/tak-nofib-strict
tak-nofib-strict	normal	O0	rune-new	18 12 6	7	pass	f7bbdc6a4e42e0ba22b43b0ab41cbf62d97b7736f85e781987432d283ed9d45a	/home/ruud/rune/.worktrees/benchmarks/examples/benchmarks/shared/input.sml /home/ruud/rune/.worktrees/benchmarks/examples/benchmarks/shared/tak.sml /home/ruud/rune/.worktrees/benchmarks/examples/benchmarks/tak-nofib-strict/benchmark.sml /home/ruud/rune/.worktrees/benchmarks/examples/benchmarks/shared/main.sml 1518506918 3060	/tmp/rune-benchmarks-rebase-shared-tak-O0-normal.log	tests/out/benchmarks/normal/run.CJ0NWo/tak-nofib-strict
tak-nofib-strict	normal	O0	rune-new	18 12 6	7	pass	f7bbdc6a4e42e0ba22b43b0ab41cbf62d97b7736f85e781987432d283ed9d45a	/home/ruud/rune/.worktrees/benchmarks/examples/benchmarks/shared/input.sml /home/ruud/rune/.worktrees/benchmarks/examples/benchmarks/tak-nofib-strict/benchmark.sml /home/ruud/rune/.worktrees/benchmarks/examples/benchmarks/shared/main.sml 3562555087 2739	/tmp/rune-benchmarks-m3-tak-nofib-normal-O0.log	tests/out/benchmarks/normal/run.7aoQaj/tak-nofib-strict
tak-nofib-strict	normal	O0	rune-new	18 12 6	7	pass	f7bbdc6a4e42e0ba22b43b0ab41cbf62d97b7736f85e781987432d283ed9d45a	/home/ruud/rune/.worktrees/benchmarks/examples/benchmarks/shared/input.sml /home/ruud/rune/.worktrees/benchmarks/examples/benchmarks/tak-nofib-strict/benchmark.sml /home/ruud/rune/.worktrees/benchmarks/examples/benchmarks/shared/main.sml 3562555087 2739	/tmp/rune-benchmarks-rebase-O0-normal-tak-nofib.log	tests/out/benchmarks/normal/run.29Cm2l/tak-nofib-strict
tak-nofib-strict	normal	O0	rune-opt	18 12 6	7	pass	f7bbdc6a4e42e0ba22b43b0ab41cbf62d97b7736f85e781987432d283ed9d45a	/home/ruud/rune/.worktrees/benchmarks/examples/benchmarks/shared/input.sml /home/ruud/rune/.worktrees/benchmarks/examples/benchmarks/shared/tak.sml /home/ruud/rune/.worktrees/benchmarks/examples/benchmarks/tak-nofib-strict/benchmark.sml /home/ruud/rune/.worktrees/benchmarks/examples/benchmarks/shared/main.sml 1518506918 3060	/tmp/rune-benchmarks-rebase-shared-tak-O0-normal.log	tests/out/benchmarks/normal/run.CJ0NWo/tak-nofib-strict
tak-nofib-strict	normal	O0	rune-opt	18 12 6	7	pass	f7bbdc6a4e42e0ba22b43b0ab41cbf62d97b7736f85e781987432d283ed9d45a	/home/ruud/rune/.worktrees/benchmarks/examples/benchmarks/shared/input.sml /home/ruud/rune/.worktrees/benchmarks/examples/benchmarks/tak-nofib-strict/benchmark.sml /home/ruud/rune/.worktrees/benchmarks/examples/benchmarks/shared/main.sml 3562555087 2739	/tmp/rune-benchmarks-m3-tak-nofib-normal-O0.log	tests/out/benchmarks/normal/run.7aoQaj/tak-nofib-strict
tak-nofib-strict	normal	O0	rune-opt	18 12 6	7	pass	f7bbdc6a4e42e0ba22b43b0ab41cbf62d97b7736f85e781987432d283ed9d45a	/home/ruud/rune/.worktrees/benchmarks/examples/benchmarks/shared/input.sml /home/ruud/rune/.worktrees/benchmarks/examples/benchmarks/tak-nofib-strict/benchmark.sml /home/ruud/rune/.worktrees/benchmarks/examples/benchmarks/shared/main.sml 3562555087 2739	/tmp/rune-benchmarks-rebase-O0-normal-tak-nofib.log	tests/out/benchmarks/normal/run.29Cm2l/tak-nofib-strict
tak-nofib-strict	normal	O2	rune	18 12 6	7	pass	f7bbdc6a4e42e0ba22b43b0ab41cbf62d97b7736f85e781987432d283ed9d45a	/home/ruud/rune/.worktrees/benchmarks/examples/benchmarks/shared/input.sml /home/ruud/rune/.worktrees/benchmarks/examples/benchmarks/shared/tak.sml /home/ruud/rune/.worktrees/benchmarks/examples/benchmarks/tak-nofib-strict/benchmark.sml /home/ruud/rune/.worktrees/benchmarks/examples/benchmarks/shared/main.sml 1518506918 3060	/tmp/rune-benchmarks-rebase-shared-tak-O2-normal.log	tests/out/benchmarks/normal/run.B1lcX9/tak-nofib-strict
tak-nofib-strict	normal	O2	rune	18 12 6	7	pass	f7bbdc6a4e42e0ba22b43b0ab41cbf62d97b7736f85e781987432d283ed9d45a	/home/ruud/rune/.worktrees/benchmarks/examples/benchmarks/shared/input.sml /home/ruud/rune/.worktrees/benchmarks/examples/benchmarks/tak-nofib-strict/benchmark.sml /home/ruud/rune/.worktrees/benchmarks/examples/benchmarks/shared/main.sml 3562555087 2739	/tmp/rune-benchmarks-m3-tak-nofib-normal.log	tests/out/benchmarks/normal/run.CZWSpv/tak-nofib-strict
tak-nofib-strict	normal	O2	rune	18 12 6	7	pass	f7bbdc6a4e42e0ba22b43b0ab41cbf62d97b7736f85e781987432d283ed9d45a	/home/ruud/rune/.worktrees/benchmarks/examples/benchmarks/shared/input.sml /home/ruud/rune/.worktrees/benchmarks/examples/benchmarks/tak-nofib-strict/benchmark.sml /home/ruud/rune/.worktrees/benchmarks/examples/benchmarks/shared/main.sml 3562555087 2739	/tmp/rune-benchmarks-rebase-O2-normal-tak-nofib.log	tests/out/benchmarks/normal/run.p2n6ND/tak-nofib-strict
tak-nofib-strict	normal	O2	rune-jit	18 12 6	7	pass	f7bbdc6a4e42e0ba22b43b0ab41cbf62d97b7736f85e781987432d283ed9d45a	/home/ruud/rune/.worktrees/benchmarks/examples/benchmarks/shared/input.sml /home/ruud/rune/.worktrees/benchmarks/examples/benchmarks/shared/tak.sml /home/ruud/rune/.worktrees/benchmarks/examples/benchmarks/tak-nofib-strict/benchmark.sml /home/ruud/rune/.worktrees/benchmarks/examples/benchmarks/shared/main.sml 1518506918 3060	/tmp/rune-benchmarks-rebase-shared-tak-O2-normal.log	tests/out/benchmarks/normal/run.B1lcX9/tak-nofib-strict
tak-nofib-strict	normal	O2	rune-jit	18 12 6	7	pass	f7bbdc6a4e42e0ba22b43b0ab41cbf62d97b7736f85e781987432d283ed9d45a	/home/ruud/rune/.worktrees/benchmarks/examples/benchmarks/shared/input.sml /home/ruud/rune/.worktrees/benchmarks/examples/benchmarks/tak-nofib-strict/benchmark.sml /home/ruud/rune/.worktrees/benchmarks/examples/benchmarks/shared/main.sml 3562555087 2739	/tmp/rune-benchmarks-m3-tak-nofib-normal.log	tests/out/benchmarks/normal/run.CZWSpv/tak-nofib-strict
tak-nofib-strict	normal	O2	rune-jit	18 12 6	7	pass	f7bbdc6a4e42e0ba22b43b0ab41cbf62d97b7736f85e781987432d283ed9d45a	/home/ruud/rune/.worktrees/benchmarks/examples/benchmarks/shared/input.sml /home/ruud/rune/.worktrees/benchmarks/examples/benchmarks/tak-nofib-strict/benchmark.sml /home/ruud/rune/.worktrees/benchmarks/examples/benchmarks/shared/main.sml 3562555087 2739	/tmp/rune-benchmarks-rebase-O2-normal-tak-nofib.log	tests/out/benchmarks/normal/run.p2n6ND/tak-nofib-strict
tak-nofib-strict	normal	O2	rune-new	18 12 6	7	pass	f7bbdc6a4e42e0ba22b43b0ab41cbf62d97b7736f85e781987432d283ed9d45a	/home/ruud/rune/.worktrees/benchmarks/examples/benchmarks/shared/input.sml /home/ruud/rune/.worktrees/benchmarks/examples/benchmarks/shared/tak.sml /home/ruud/rune/.worktrees/benchmarks/examples/benchmarks/tak-nofib-strict/benchmark.sml /home/ruud/rune/.worktrees/benchmarks/examples/benchmarks/shared/main.sml 1518506918 3060	/tmp/rune-benchmarks-rebase-shared-tak-O2-normal.log	tests/out/benchmarks/normal/run.B1lcX9/tak-nofib-strict
tak-nofib-strict	normal	O2	rune-new	18 12 6	7	pass	f7bbdc6a4e42e0ba22b43b0ab41cbf62d97b7736f85e781987432d283ed9d45a	/home/ruud/rune/.worktrees/benchmarks/examples/benchmarks/shared/input.sml /home/ruud/rune/.worktrees/benchmarks/examples/benchmarks/tak-nofib-strict/benchmark.sml /home/ruud/rune/.worktrees/benchmarks/examples/benchmarks/shared/main.sml 3562555087 2739	/tmp/rune-benchmarks-m3-tak-nofib-normal.log	tests/out/benchmarks/normal/run.CZWSpv/tak-nofib-strict
tak-nofib-strict	normal	O2	rune-new	18 12 6	7	pass	f7bbdc6a4e42e0ba22b43b0ab41cbf62d97b7736f85e781987432d283ed9d45a	/home/ruud/rune/.worktrees/benchmarks/examples/benchmarks/shared/input.sml /home/ruud/rune/.worktrees/benchmarks/examples/benchmarks/tak-nofib-strict/benchmark.sml /home/ruud/rune/.worktrees/benchmarks/examples/benchmarks/shared/main.sml 3562555087 2739	/tmp/rune-benchmarks-rebase-O2-normal-tak-nofib.log	tests/out/benchmarks/normal/run.p2n6ND/tak-nofib-strict
tak-nofib-strict	normal	O2	rune-opt	18 12 6	7	pass	f7bbdc6a4e42e0ba22b43b0ab41cbf62d97b7736f85e781987432d283ed9d45a	/home/ruud/rune/.worktrees/benchmarks/examples/benchmarks/shared/input.sml /home/ruud/rune/.worktrees/benchmarks/examples/benchmarks/shared/tak.sml /home/ruud/rune/.worktrees/benchmarks/examples/benchmarks/tak-nofib-strict/benchmark.sml /home/ruud/rune/.worktrees/benchmarks/examples/benchmarks/shared/main.sml 1518506918 3060	/tmp/rune-benchmarks-rebase-shared-tak-O2-normal.log	tests/out/benchmarks/normal/run.B1lcX9/tak-nofib-strict
tak-nofib-strict	normal	O2	rune-opt	18 12 6	7	pass	f7bbdc6a4e42e0ba22b43b0ab41cbf62d97b7736f85e781987432d283ed9d45a	/home/ruud/rune/.worktrees/benchmarks/examples/benchmarks/shared/input.sml /home/ruud/rune/.worktrees/benchmarks/examples/benchmarks/tak-nofib-strict/benchmark.sml /home/ruud/rune/.worktrees/benchmarks/examples/benchmarks/shared/main.sml 3562555087 2739	/tmp/rune-benchmarks-m3-tak-nofib-normal.log	tests/out/benchmarks/normal/run.CZWSpv/tak-nofib-strict
tak-nofib-strict	normal	O2	rune-opt	18 12 6	7	pass	f7bbdc6a4e42e0ba22b43b0ab41cbf62d97b7736f85e781987432d283ed9d45a	/home/ruud/rune/.worktrees/benchmarks/examples/benchmarks/shared/input.sml /home/ruud/rune/.worktrees/benchmarks/examples/benchmarks/tak-nofib-strict/benchmark.sml /home/ruud/rune/.worktrees/benchmarks/examples/benchmarks/shared/main.sml 3562555087 2739	/tmp/rune-benchmarks-rebase-O2-normal-tak-nofib.log	tests/out/benchmarks/normal/run.p2n6ND/tak-nofib-strict
tak-nofib-strict	normal	host-default	native-mlton-20241230	18 12 6	7	pass	f7bbdc6a4e42e0ba22b43b0ab41cbf62d97b7736f85e781987432d283ed9d45a	-	/tmp/rune-benchmarks-m3-tak-nofib-normal.log	tests/out/benchmarks/normal/run.CZWSpv/tak-nofib-strict
tak-nofib-strict	normal	host-default	native-mlton-20241230	18 12 6	7	pass	f7bbdc6a4e42e0ba22b43b0ab41cbf62d97b7736f85e781987432d283ed9d45a	-	/tmp/rune-benchmarks-rebase-shared-tak-hosts-normal.log	tests/out/benchmarks/normal/run.GYit3d/tak-nofib-strict
tak-nofib-strict	normal	host-default	native-polyml-5.9.2	18 12 6	7	pass	f7bbdc6a4e42e0ba22b43b0ab41cbf62d97b7736f85e781987432d283ed9d45a	-	/tmp/rune-benchmarks-m3-tak-nofib-normal.log	tests/out/benchmarks/normal/run.CZWSpv/tak-nofib-strict
tak-nofib-strict	normal	host-default	native-polyml-5.9.2	18 12 6	7	pass	f7bbdc6a4e42e0ba22b43b0ab41cbf62d97b7736f85e781987432d283ed9d45a	-	/tmp/rune-benchmarks-rebase-shared-tak-hosts-normal.log	tests/out/benchmarks/normal/run.GYit3d/tak-nofib-strict
tak-nofib-strict	normal	host-default	native-smlnj-legacy-110.99.9	18 12 6	7	pass	7e09706efbb61320ab0fc4c1bab2d9a704833bf559142a80e19c4b8792e044a0	-	/tmp/rune-benchmarks-rebase-shared-tak-hosts-normal.log	tests/out/benchmarks/normal/run.GYit3d/tak-nofib-strict
tak-nofib-strict	normal	host-default	native-smlnj-legacy-110.99.9	18 12 6	7	pass	9513c97d815df22c13d5183ad9d44cc9dd002570b6ba8715c8a1f0bb5de93ff6	-	/tmp/rune-benchmarks-m3-tak-nofib-normal.log	tests/out/benchmarks/normal/run.CZWSpv/tak-nofib-strict
tak-nofib-strict	smoke	O0	rune	9 6 3	6	pass	11552b5b2cdc30827ae711e689d2e4daf87943a2035dfc12e6d210381ba5fcbf	/home/ruud/rune/.worktrees/benchmarks/examples/benchmarks/shared/input.sml /home/ruud/rune/.worktrees/benchmarks/examples/benchmarks/shared/tak.sml /home/ruud/rune/.worktrees/benchmarks/examples/benchmarks/tak-nofib-strict/benchmark.sml /home/ruud/rune/.worktrees/benchmarks/examples/benchmarks/shared/main.sml 1518506918 3060	/tmp/rune-benchmarks-rebase-shared-tak-O0-smoke.log	tests/out/benchmarks/smoke/run.spYFD4/tak-nofib-strict
tak-nofib-strict	smoke	O0	rune	9 6 3	6	pass	11552b5b2cdc30827ae711e689d2e4daf87943a2035dfc12e6d210381ba5fcbf	/home/ruud/rune/.worktrees/benchmarks/examples/benchmarks/shared/input.sml /home/ruud/rune/.worktrees/benchmarks/examples/benchmarks/tak-nofib-strict/benchmark.sml /home/ruud/rune/.worktrees/benchmarks/examples/benchmarks/shared/main.sml 3562555087 2739	/tmp/rune-benchmarks-m3-tak-nofib-smoke-O0.log	tests/out/benchmarks/smoke/run.C0Bx8W/tak-nofib-strict
tak-nofib-strict	smoke	O0	rune	9 6 3	6	pass	11552b5b2cdc30827ae711e689d2e4daf87943a2035dfc12e6d210381ba5fcbf	/home/ruud/rune/.worktrees/benchmarks/examples/benchmarks/shared/input.sml /home/ruud/rune/.worktrees/benchmarks/examples/benchmarks/tak-nofib-strict/benchmark.sml /home/ruud/rune/.worktrees/benchmarks/examples/benchmarks/shared/main.sml 3562555087 2739	/tmp/rune-benchmarks-rebase-O0-smoke-tak-nofib.log	tests/out/benchmarks/smoke/run.UvELmu/tak-nofib-strict
tak-nofib-strict	smoke	O0	rune-jit	9 6 3	6	pass	11552b5b2cdc30827ae711e689d2e4daf87943a2035dfc12e6d210381ba5fcbf	/home/ruud/rune/.worktrees/benchmarks/examples/benchmarks/shared/input.sml /home/ruud/rune/.worktrees/benchmarks/examples/benchmarks/shared/tak.sml /home/ruud/rune/.worktrees/benchmarks/examples/benchmarks/tak-nofib-strict/benchmark.sml /home/ruud/rune/.worktrees/benchmarks/examples/benchmarks/shared/main.sml 1518506918 3060	/tmp/rune-benchmarks-rebase-shared-tak-O0-smoke.log	tests/out/benchmarks/smoke/run.spYFD4/tak-nofib-strict
tak-nofib-strict	smoke	O0	rune-jit	9 6 3	6	pass	11552b5b2cdc30827ae711e689d2e4daf87943a2035dfc12e6d210381ba5fcbf	/home/ruud/rune/.worktrees/benchmarks/examples/benchmarks/shared/input.sml /home/ruud/rune/.worktrees/benchmarks/examples/benchmarks/tak-nofib-strict/benchmark.sml /home/ruud/rune/.worktrees/benchmarks/examples/benchmarks/shared/main.sml 3562555087 2739	/tmp/rune-benchmarks-m3-tak-nofib-smoke-O0.log	tests/out/benchmarks/smoke/run.C0Bx8W/tak-nofib-strict
tak-nofib-strict	smoke	O0	rune-jit	9 6 3	6	pass	11552b5b2cdc30827ae711e689d2e4daf87943a2035dfc12e6d210381ba5fcbf	/home/ruud/rune/.worktrees/benchmarks/examples/benchmarks/shared/input.sml /home/ruud/rune/.worktrees/benchmarks/examples/benchmarks/tak-nofib-strict/benchmark.sml /home/ruud/rune/.worktrees/benchmarks/examples/benchmarks/shared/main.sml 3562555087 2739	/tmp/rune-benchmarks-rebase-O0-smoke-tak-nofib.log	tests/out/benchmarks/smoke/run.UvELmu/tak-nofib-strict
tak-nofib-strict	smoke	O0	rune-new	9 6 3	6	pass	11552b5b2cdc30827ae711e689d2e4daf87943a2035dfc12e6d210381ba5fcbf	/home/ruud/rune/.worktrees/benchmarks/examples/benchmarks/shared/input.sml /home/ruud/rune/.worktrees/benchmarks/examples/benchmarks/shared/tak.sml /home/ruud/rune/.worktrees/benchmarks/examples/benchmarks/tak-nofib-strict/benchmark.sml /home/ruud/rune/.worktrees/benchmarks/examples/benchmarks/shared/main.sml 1518506918 3060	/tmp/rune-benchmarks-rebase-shared-tak-O0-smoke.log	tests/out/benchmarks/smoke/run.spYFD4/tak-nofib-strict
tak-nofib-strict	smoke	O0	rune-new	9 6 3	6	pass	11552b5b2cdc30827ae711e689d2e4daf87943a2035dfc12e6d210381ba5fcbf	/home/ruud/rune/.worktrees/benchmarks/examples/benchmarks/shared/input.sml /home/ruud/rune/.worktrees/benchmarks/examples/benchmarks/tak-nofib-strict/benchmark.sml /home/ruud/rune/.worktrees/benchmarks/examples/benchmarks/shared/main.sml 3562555087 2739	/tmp/rune-benchmarks-m3-tak-nofib-smoke-O0.log	tests/out/benchmarks/smoke/run.C0Bx8W/tak-nofib-strict
tak-nofib-strict	smoke	O0	rune-new	9 6 3	6	pass	11552b5b2cdc30827ae711e689d2e4daf87943a2035dfc12e6d210381ba5fcbf	/home/ruud/rune/.worktrees/benchmarks/examples/benchmarks/shared/input.sml /home/ruud/rune/.worktrees/benchmarks/examples/benchmarks/tak-nofib-strict/benchmark.sml /home/ruud/rune/.worktrees/benchmarks/examples/benchmarks/shared/main.sml 3562555087 2739	/tmp/rune-benchmarks-rebase-O0-smoke-tak-nofib.log	tests/out/benchmarks/smoke/run.UvELmu/tak-nofib-strict
tak-nofib-strict	smoke	O0	rune-opt	9 6 3	6	pass	11552b5b2cdc30827ae711e689d2e4daf87943a2035dfc12e6d210381ba5fcbf	/home/ruud/rune/.worktrees/benchmarks/examples/benchmarks/shared/input.sml /home/ruud/rune/.worktrees/benchmarks/examples/benchmarks/shared/tak.sml /home/ruud/rune/.worktrees/benchmarks/examples/benchmarks/tak-nofib-strict/benchmark.sml /home/ruud/rune/.worktrees/benchmarks/examples/benchmarks/shared/main.sml 1518506918 3060	/tmp/rune-benchmarks-rebase-shared-tak-O0-smoke.log	tests/out/benchmarks/smoke/run.spYFD4/tak-nofib-strict
tak-nofib-strict	smoke	O0	rune-opt	9 6 3	6	pass	11552b5b2cdc30827ae711e689d2e4daf87943a2035dfc12e6d210381ba5fcbf	/home/ruud/rune/.worktrees/benchmarks/examples/benchmarks/shared/input.sml /home/ruud/rune/.worktrees/benchmarks/examples/benchmarks/tak-nofib-strict/benchmark.sml /home/ruud/rune/.worktrees/benchmarks/examples/benchmarks/shared/main.sml 3562555087 2739	/tmp/rune-benchmarks-m3-tak-nofib-smoke-O0.log	tests/out/benchmarks/smoke/run.C0Bx8W/tak-nofib-strict
tak-nofib-strict	smoke	O0	rune-opt	9 6 3	6	pass	11552b5b2cdc30827ae711e689d2e4daf87943a2035dfc12e6d210381ba5fcbf	/home/ruud/rune/.worktrees/benchmarks/examples/benchmarks/shared/input.sml /home/ruud/rune/.worktrees/benchmarks/examples/benchmarks/tak-nofib-strict/benchmark.sml /home/ruud/rune/.worktrees/benchmarks/examples/benchmarks/shared/main.sml 3562555087 2739	/tmp/rune-benchmarks-rebase-O0-smoke-tak-nofib.log	tests/out/benchmarks/smoke/run.UvELmu/tak-nofib-strict
tak-nofib-strict	smoke	O2	rune	9 6 3	6	pass	11552b5b2cdc30827ae711e689d2e4daf87943a2035dfc12e6d210381ba5fcbf	/home/ruud/rune/.worktrees/benchmarks/examples/benchmarks/shared/input.sml /home/ruud/rune/.worktrees/benchmarks/examples/benchmarks/shared/tak.sml /home/ruud/rune/.worktrees/benchmarks/examples/benchmarks/tak-nofib-strict/benchmark.sml /home/ruud/rune/.worktrees/benchmarks/examples/benchmarks/shared/main.sml 1518506918 3060	/tmp/rune-benchmarks-rebase-shared-tak-O2-smoke.log	tests/out/benchmarks/smoke/run.0hckMK/tak-nofib-strict
tak-nofib-strict	smoke	O2	rune	9 6 3	6	pass	11552b5b2cdc30827ae711e689d2e4daf87943a2035dfc12e6d210381ba5fcbf	/home/ruud/rune/.worktrees/benchmarks/examples/benchmarks/shared/input.sml /home/ruud/rune/.worktrees/benchmarks/examples/benchmarks/tak-nofib-strict/benchmark.sml /home/ruud/rune/.worktrees/benchmarks/examples/benchmarks/shared/main.sml 3562555087 2739	/tmp/rune-benchmarks-m3-tak-nofib-smoke.log	tests/out/benchmarks/smoke/run.CcqnQq/tak-nofib-strict
tak-nofib-strict	smoke	O2	rune	9 6 3	6	pass	11552b5b2cdc30827ae711e689d2e4daf87943a2035dfc12e6d210381ba5fcbf	/home/ruud/rune/.worktrees/benchmarks/examples/benchmarks/shared/input.sml /home/ruud/rune/.worktrees/benchmarks/examples/benchmarks/tak-nofib-strict/benchmark.sml /home/ruud/rune/.worktrees/benchmarks/examples/benchmarks/shared/main.sml 3562555087 2739	/tmp/rune-benchmarks-rebase-O2-smoke-tak-nofib.log	tests/out/benchmarks/smoke/run.m8vSkp/tak-nofib-strict
tak-nofib-strict	smoke	O2	rune-jit	9 6 3	6	pass	11552b5b2cdc30827ae711e689d2e4daf87943a2035dfc12e6d210381ba5fcbf	/home/ruud/rune/.worktrees/benchmarks/examples/benchmarks/shared/input.sml /home/ruud/rune/.worktrees/benchmarks/examples/benchmarks/shared/tak.sml /home/ruud/rune/.worktrees/benchmarks/examples/benchmarks/tak-nofib-strict/benchmark.sml /home/ruud/rune/.worktrees/benchmarks/examples/benchmarks/shared/main.sml 1518506918 3060	/tmp/rune-benchmarks-rebase-shared-tak-O2-smoke.log	tests/out/benchmarks/smoke/run.0hckMK/tak-nofib-strict
tak-nofib-strict	smoke	O2	rune-jit	9 6 3	6	pass	11552b5b2cdc30827ae711e689d2e4daf87943a2035dfc12e6d210381ba5fcbf	/home/ruud/rune/.worktrees/benchmarks/examples/benchmarks/shared/input.sml /home/ruud/rune/.worktrees/benchmarks/examples/benchmarks/tak-nofib-strict/benchmark.sml /home/ruud/rune/.worktrees/benchmarks/examples/benchmarks/shared/main.sml 3562555087 2739	/tmp/rune-benchmarks-m3-tak-nofib-smoke.log	tests/out/benchmarks/smoke/run.CcqnQq/tak-nofib-strict
tak-nofib-strict	smoke	O2	rune-jit	9 6 3	6	pass	11552b5b2cdc30827ae711e689d2e4daf87943a2035dfc12e6d210381ba5fcbf	/home/ruud/rune/.worktrees/benchmarks/examples/benchmarks/shared/input.sml /home/ruud/rune/.worktrees/benchmarks/examples/benchmarks/tak-nofib-strict/benchmark.sml /home/ruud/rune/.worktrees/benchmarks/examples/benchmarks/shared/main.sml 3562555087 2739	/tmp/rune-benchmarks-rebase-O2-smoke-tak-nofib.log	tests/out/benchmarks/smoke/run.m8vSkp/tak-nofib-strict
tak-nofib-strict	smoke	O2	rune-new	9 6 3	6	pass	11552b5b2cdc30827ae711e689d2e4daf87943a2035dfc12e6d210381ba5fcbf	/home/ruud/rune/.worktrees/benchmarks/examples/benchmarks/shared/input.sml /home/ruud/rune/.worktrees/benchmarks/examples/benchmarks/shared/tak.sml /home/ruud/rune/.worktrees/benchmarks/examples/benchmarks/tak-nofib-strict/benchmark.sml /home/ruud/rune/.worktrees/benchmarks/examples/benchmarks/shared/main.sml 1518506918 3060	/tmp/rune-benchmarks-rebase-shared-tak-O2-smoke.log	tests/out/benchmarks/smoke/run.0hckMK/tak-nofib-strict
tak-nofib-strict	smoke	O2	rune-new	9 6 3	6	pass	11552b5b2cdc30827ae711e689d2e4daf87943a2035dfc12e6d210381ba5fcbf	/home/ruud/rune/.worktrees/benchmarks/examples/benchmarks/shared/input.sml /home/ruud/rune/.worktrees/benchmarks/examples/benchmarks/tak-nofib-strict/benchmark.sml /home/ruud/rune/.worktrees/benchmarks/examples/benchmarks/shared/main.sml 3562555087 2739	/tmp/rune-benchmarks-m3-tak-nofib-smoke.log	tests/out/benchmarks/smoke/run.CcqnQq/tak-nofib-strict
tak-nofib-strict	smoke	O2	rune-new	9 6 3	6	pass	11552b5b2cdc30827ae711e689d2e4daf87943a2035dfc12e6d210381ba5fcbf	/home/ruud/rune/.worktrees/benchmarks/examples/benchmarks/shared/input.sml /home/ruud/rune/.worktrees/benchmarks/examples/benchmarks/tak-nofib-strict/benchmark.sml /home/ruud/rune/.worktrees/benchmarks/examples/benchmarks/shared/main.sml 3562555087 2739	/tmp/rune-benchmarks-rebase-O2-smoke-tak-nofib.log	tests/out/benchmarks/smoke/run.m8vSkp/tak-nofib-strict
tak-nofib-strict	smoke	O2	rune-opt	9 6 3	6	pass	11552b5b2cdc30827ae711e689d2e4daf87943a2035dfc12e6d210381ba5fcbf	/home/ruud/rune/.worktrees/benchmarks/examples/benchmarks/shared/input.sml /home/ruud/rune/.worktrees/benchmarks/examples/benchmarks/shared/tak.sml /home/ruud/rune/.worktrees/benchmarks/examples/benchmarks/tak-nofib-strict/benchmark.sml /home/ruud/rune/.worktrees/benchmarks/examples/benchmarks/shared/main.sml 1518506918 3060	/tmp/rune-benchmarks-rebase-shared-tak-O2-smoke.log	tests/out/benchmarks/smoke/run.0hckMK/tak-nofib-strict
tak-nofib-strict	smoke	O2	rune-opt	9 6 3	6	pass	11552b5b2cdc30827ae711e689d2e4daf87943a2035dfc12e6d210381ba5fcbf	/home/ruud/rune/.worktrees/benchmarks/examples/benchmarks/shared/input.sml /home/ruud/rune/.worktrees/benchmarks/examples/benchmarks/tak-nofib-strict/benchmark.sml /home/ruud/rune/.worktrees/benchmarks/examples/benchmarks/shared/main.sml 3562555087 2739	/tmp/rune-benchmarks-m3-tak-nofib-smoke.log	tests/out/benchmarks/smoke/run.CcqnQq/tak-nofib-strict
tak-nofib-strict	smoke	O2	rune-opt	9 6 3	6	pass	11552b5b2cdc30827ae711e689d2e4daf87943a2035dfc12e6d210381ba5fcbf	/home/ruud/rune/.worktrees/benchmarks/examples/benchmarks/shared/input.sml /home/ruud/rune/.worktrees/benchmarks/examples/benchmarks/tak-nofib-strict/benchmark.sml /home/ruud/rune/.worktrees/benchmarks/examples/benchmarks/shared/main.sml 3562555087 2739	/tmp/rune-benchmarks-rebase-O2-smoke-tak-nofib.log	tests/out/benchmarks/smoke/run.m8vSkp/tak-nofib-strict
tak-nofib-strict	smoke	host-default	native-mlton-20241230	9 6 3	6	pass	11552b5b2cdc30827ae711e689d2e4daf87943a2035dfc12e6d210381ba5fcbf	-	/tmp/rune-benchmarks-m3-tak-nofib-smoke.log	tests/out/benchmarks/smoke/run.CcqnQq/tak-nofib-strict
tak-nofib-strict	smoke	host-default	native-mlton-20241230	9 6 3	6	pass	11552b5b2cdc30827ae711e689d2e4daf87943a2035dfc12e6d210381ba5fcbf	-	/tmp/rune-benchmarks-rebase-shared-tak-hosts-smoke.log	tests/out/benchmarks/smoke/run.s2GYy9/tak-nofib-strict
tak-nofib-strict	smoke	host-default	native-polyml-5.9.2	9 6 3	6	pass	11552b5b2cdc30827ae711e689d2e4daf87943a2035dfc12e6d210381ba5fcbf	-	/tmp/rune-benchmarks-m3-tak-nofib-smoke.log	tests/out/benchmarks/smoke/run.CcqnQq/tak-nofib-strict
tak-nofib-strict	smoke	host-default	native-polyml-5.9.2	9 6 3	6	pass	11552b5b2cdc30827ae711e689d2e4daf87943a2035dfc12e6d210381ba5fcbf	-	/tmp/rune-benchmarks-rebase-shared-tak-hosts-smoke.log	tests/out/benchmarks/smoke/run.s2GYy9/tak-nofib-strict
tak-nofib-strict	smoke	host-default	native-smlnj-legacy-110.99.9	9 6 3	6	pass	2a857ba00989d0d37971e26038aae2f93ee5afa877214fa81d68baec17b5a318	-	/tmp/rune-benchmarks-m3-tak-nofib-smoke.log	tests/out/benchmarks/smoke/run.CcqnQq/tak-nofib-strict
tak-nofib-strict	smoke	host-default	native-smlnj-legacy-110.99.9	9 6 3	6	pass	98c364db1f7c03d198b722f89889198ff54ae29a498a76e377adb5e1263814b5	-	/tmp/rune-benchmarks-rebase-shared-tak-hosts-smoke.log	tests/out/benchmarks/smoke/run.s2GYy9/tak-nofib-strict
