source	path	name	rune_name	milestone	disposition	family	related	authors	sha256	members	inputs	notices	evidence	reason
mlkit	test/DLXSimulator.sml	DLXSimulator	DLXSimulator-mlkit	M2	import	application	mlkit:test/DLXSimulator_smlnj.sml;mlton:benchmark/tests/DLXSimulator.sml;smlnj:programs/dlx	not stated in scanned source headers	d9388e15f2b540175b2a9dfc84082ecf2accb758ca1751bd3a594a86e35f5e0b	test/DLXSimulator.sml		doc/license/GPL-LICENSE;doc/license/MLKit-LICENSE;doc/license/SMLNJ-LICENSE	test/Makefile;test/README;test/all.tst;test_dev/Makefile	portable workload; retain algorithm and review driver, numeric assumptions, fixtures and notices before import
mlkit	test/DLXSimulator_smlnj.sml	DLXSimulator_smlnj	DLXSimulator_smlnj	M2	duplicate	application	mlkit:test/DLXSimulator.sml;mlton:benchmark/tests/DLXSimulator.sml;smlnj:programs/dlx	not stated in scanned source headers	5ae849af34df0ead91dae1f1d85d4541068b31fa294cbee66c2c29f2a71730f3	test/DLXSimulator_smlnj.sml		doc/license/GPL-LICENSE;doc/license/MLKit-LICENSE;doc/license/SMLNJ-LICENSE	test/Makefile;test/README;test/all.tst;test_dev/Makefile	same complete kernel and hardcoded parameters as test/DLXSimulator.sml; only the reviewed top-level invocation/export adapter differs; share that implementation and retain both provenance paths
mlkit	test/FuhMishra.mlb	FuhMishra	FuhMishra	M2	import	application	mlkit:test/FuhMishra.sml	Mads.	1a7aac3a5cbba406c7188dd4fc54af6fa28b5518af2a8058e2d15dcfdf26fe52	test/FuhMishra.mlb;test/FuhMishra.sml;test/lib.sml		doc/license/GPL-LICENSE;doc/license/MLKit-LICENSE;doc/license/SMLNJ-LICENSE	test/Makefile;test/README;test/all.tst;test_dev/Makefile	portable workload; retain algorithm and review driver, numeric assumptions, fixtures and notices before import
mlkit	test/FuhMishra.sml	FuhMishra	FuhMishra	M2	duplicate	application	mlkit:test/FuhMishra.mlb	Mads.	cd5c875542f6bd8c53ab93eaa8c001b78f355925be9c64a758a27d197b0b78de	test/FuhMishra.sml		doc/license/GPL-LICENSE;doc/license/MLKit-LICENSE;doc/license/SMLNJ-LICENSE	test/Makefile;test/README;test/all.tst;test_dev/Makefile	same application source loaded by FuhMishra.mlb with required lib.sml; retain the project entrypoint and this provenance rather than compiling the incomplete source alone
mlkit	test/PermuteList.sml	PermuteList	PermuteList	-	exclude	lists-streams		not stated in scanned source headers	cd793105c97ef2ffba741adb46eda812a15b4c0f2c80a496e70ab7187fd002cf	test/PermuteList.sml		doc/license/GPL-LICENSE;doc/license/MLKit-LICENSE;doc/license/SMLNJ-LICENSE	test/Makefile;test/README;test/all.tst;test_dev/Makefile	support module implementing PERMUTELIST and declaring projection/search functions; it contains no workload invocation, input or driver; retain it as a dependency if an importing application needs it
mlkit	test/Polyhash.sml	Polyhash	Polyhash	-	exclude	kernel		John Reppy, AT&T Bell Laboratories, Murray Hill, NJ 07974	c4dc9a9ee590b712e37cd7b35689882f58ef638caf918fb1cbc95d3f53db2a94	test/Polyhash.sml		doc/license/GPL-LICENSE;doc/license/MLKit-LICENSE;doc/license/SMLNJ-LICENSE;test/Polyhash.sml:header	test/Makefile;test/README;test/all.tst;test_dev/Makefile	regression or support source outside the benchmark families; test/all.tst and test_dev/Makefile distinguish compiler/Basis tests
mlkit	test/abstype.sml	abstype	abstype	-	exclude	kernel		not stated in scanned source headers	b39163c7789c2ee05cf08175d0d335c345dbcf68f08fc63fe5362c661e851950	test/abstype.sml		doc/license/GPL-LICENSE;doc/license/MLKit-LICENSE;doc/license/SMLNJ-LICENSE	test/Makefile;test/README;test/all.tst;test_dev/Makefile	regression or support source outside the benchmark families; test/all.tst and test_dev/Makefile distinguish compiler/Basis tests
mlkit	test/anoq_Exception.sml	anoq_Exception	anoq_Exception	-	exclude	kernel		not stated in scanned source headers	82e1924a8b46eaf823f33f1a4bb7c4301e8cfe8f129d9e6da7f9338075435b4c	test/anoq_Exception.sml		doc/license/GPL-LICENSE;doc/license/MLKit-LICENSE;doc/license/SMLNJ-LICENSE	test/Makefile;test/README;test/all.tst;test_dev/Makefile	regression or support source outside the benchmark families; test/all.tst and test_dev/Makefile distinguish compiler/Basis tests
mlkit	test/arr2a.sml	arr2a	arr2a	-	exclude	kernel		not stated in scanned source headers	83da9e0cbaec0434f556c32e062d317ae60121fad1f842b365ab0c10a1f19a0c	test/arr2a.sml		doc/license/GPL-LICENSE;doc/license/MLKit-LICENSE;doc/license/SMLNJ-LICENSE	test/Makefile;test/README;test/all.tst;test_dev/Makefile	regression or support source outside the benchmark families; test/all.tst and test_dev/Makefile distinguish compiler/Basis tests
mlkit	test/array.sml	array	array	-	exclude	numerical	mlkit:test_dev/array.sml	not stated in scanned source headers	bbf5c92a1bd70ab2eb61efa16986ff315d80d03a9cb59d82e69e8af30a70bbf1	test/array.sml		doc/license/GPL-LICENSE;doc/license/MLKit-LICENSE;doc/license/SMLNJ-LICENSE	test/Makefile;test/README;test/all.tst;test_dev/Makefile	regression or support source outside the benchmark families; test/all.tst and test_dev/Makefile distinguish compiler/Basis tests
mlkit	test/array2.sml	array2	array2	-	exclude	numerical		not stated in scanned source headers	1bf34c0cde36b23ad24cb2a047ae41f7a6582a0dcad8b71e21681564e64cdc85	test/array2.sml		doc/license/GPL-LICENSE;doc/license/MLKit-LICENSE;doc/license/SMLNJ-LICENSE	test/Makefile;test/README;test/all.tst;test_dev/Makefile	regression or support source outside the benchmark families; test/all.tst and test_dev/Makefile distinguish compiler/Basis tests
mlkit	test/arrayneg.sml	arrayneg	arrayneg	-	exclude	numerical		not stated in scanned source headers	a0c5549a86dc26f9416472d0a85245e9c9584a49cbfb951c7d07487f1a7e7952	test/arrayneg.sml		doc/license/GPL-LICENSE;doc/license/MLKit-LICENSE;doc/license/SMLNJ-LICENSE	test/Makefile;test/README;test/all.tst;test_dev/Makefile	regression or support source outside the benchmark families; test/all.tst and test_dev/Makefile distinguish compiler/Basis tests
mlkit	test/arrayslice.sml	arrayslice	arrayslice	-	exclude	numerical		not stated in scanned source headers	601a69aaf3c6e087147d8e34e4322920b34c7b840201e4f2a9873f2e596e7e97	test/arrayslice.sml		doc/license/GPL-LICENSE;doc/license/MLKit-LICENSE;doc/license/SMLNJ-LICENSE	test/Makefile;test/README;test/all.tst;test_dev/Makefile	regression or support source outside the benchmark families; test/all.tst and test_dev/Makefile distinguish compiler/Basis tests
mlkit	test/atExit0.sml	atExit0	atExit0	-	exclude	kernel		not stated in scanned source headers	c4a1227c130462a659ce477fa0c4abd2e7c544cac62ee0487842851fe19fedbb	test/atExit0.sml		doc/license/GPL-LICENSE;doc/license/MLKit-LICENSE;doc/license/SMLNJ-LICENSE	test/Makefile;test/README;test/all.tst;test_dev/Makefile	regression or support source outside the benchmark families; test/all.tst and test_dev/Makefile distinguish compiler/Basis tests
mlkit	test/atExitAlloc.sml	atExitAlloc	atExitAlloc	-	exclude	allocation-lifetimes		not stated in scanned source headers	a68e47bcfd395135e4c2ae8dfdbfc6a99b548b4e165ef8fb3cd7f25261fb8e93	test/atExitAlloc.sml		doc/license/GPL-LICENSE;doc/license/MLKit-LICENSE;doc/license/SMLNJ-LICENSE	test/Makefile;test/README;test/all.tst;test_dev/Makefile	regression or support source outside the benchmark families; test/all.tst and test_dev/Makefile distinguish compiler/Basis tests
mlkit	test/auto2.sml	auto2	auto2	-	exclude	kernel	mlkit:test_dev/auto2.sml	not stated in scanned source headers	f382bc50147766a1e64906a4f93260f7b7fd4959e30c7cd81d163c28f4a30d0a	test/auto2.sml		doc/license/GPL-LICENSE;doc/license/MLKit-LICENSE;doc/license/SMLNJ-LICENSE	test/Makefile;test/README;test/all.tst;test_dev/Makefile	regression or support source outside the benchmark families; test/all.tst and test_dev/Makefile distinguish compiler/Basis tests
mlkit	test/barnes-hut.mlb	barnes-hut	barnes-hut	-	exclude	numerical	mlton:benchmark/tests/barnes-hut.sml;smlnj:programs/barnes-hut	not stated in scanned source headers	cdc3b568bd1f5b75128a4475912863acd7b7eca5ac9c6ad2bb4c19a71422498e	test/barnes-hut/sources.mlb;test/barnes-hut.mlb		doc/license/GPL-LICENSE;doc/license/MLKit-LICENSE;doc/license/SMLNJ-LICENSE	test/Makefile;test/README;test/all.tst;test_dev/Makefile	regression or support source outside the benchmark families; test/all.tst and test_dev/Makefile distinguish compiler/Basis tests
mlkit	test/basislib_small.mlb	basislib_small	basislib_small	-	exclude	kernel		John Reppy, AT&T Bell Laboratories, Murray Hill, NJ 07974	a479a160c1cfbf3ee6b9578df3989be8e5809f5466a2dae41c9eea6459af8ac1	test/Polyhash.sml;test/basislib_small.mlb		doc/license/GPL-LICENSE;doc/license/MLKit-LICENSE;doc/license/SMLNJ-LICENSE;test/Polyhash.sml:header	test/Makefile;test/README;test/all.tst;test_dev/Makefile	regression or support source outside the benchmark families; test/all.tst and test_dev/Makefile distinguish compiler/Basis tests
mlkit	test/basislib_small2.mlb	basislib_small2	basislib_small2	-	exclude	kernel		not stated in scanned source headers	97fc02480dd8a68c6bddd9fdc5f8105d198013fc988258286961c3c299fd3b18	test/basislib_small2.mlb		doc/license/GPL-LICENSE;doc/license/MLKit-LICENSE;doc/license/SMLNJ-LICENSE	test/Makefile;test/README;test/all.tst;test_dev/Makefile	regression or support source outside the benchmark families; test/all.tst and test_dev/Makefile distinguish compiler/Basis tests
mlkit	test/binio.sml	binio	binio	-	exclude	kernel		not stated in scanned source headers	5e98b7527beff1854689ecedf9e8d435f05d58c7efccec78945c5e9c9fbf4cfe	test/binio.sml		doc/license/GPL-LICENSE;doc/license/MLKit-LICENSE;doc/license/SMLNJ-LICENSE	test/Makefile;test/README;test/all.tst;test_dev/Makefile	regression or support source outside the benchmark families; test/all.tst and test_dev/Makefile distinguish compiler/Basis tests
mlkit	test/boyer.sml	boyer	boyer	M2	duplicate	symbolic-search	mlton:benchmark/tests/boyer.sml;nofib:spectral/boyer;smlnj:programs/boyer	not stated in scanned source headers	53763829d2f46833271fbb85165840b2361820ab09006756c2cebc02f95682bc	test/boyer.sml		doc/license/GPL-LICENSE;doc/license/MLKit-LICENSE;doc/license/SMLNJ-LICENSE	test/Makefile;test/README;test/all.tst;test_dev/Makefile	same complete property-list rewriting kernel, rules, substitution and theorem as mlton:benchmark/tests/boyer.sml; the fixed fifty-iteration wrapper and progress dots are driver differences, documented as original parameters/output adaptations under boyer
mlkit	test/bytechar.sml	bytechar	bytechar	-	exclude	kernel		not stated in scanned source headers	00489d9f6520c07bd2f88a462694cb0f314f8bb54b1470ea58207cc7cefb3de1	test/bytechar.sml		doc/license/GPL-LICENSE;doc/license/MLKit-LICENSE;doc/license/SMLNJ-LICENSE	test/Makefile;test/README;test/all.tst;test_dev/Makefile	regression or support source outside the benchmark families; test/all.tst and test_dev/Makefile distinguish compiler/Basis tests
mlkit	test/caninput.sml	caninput	caninput	-	exclude	kernel		not stated in scanned source headers	0caf811ded2649c2fa71beae560d70e02e14045e9fc15a4c9b77d0afd8b0a1d0	test/caninput.sml		doc/license/GPL-LICENSE;doc/license/MLKit-LICENSE;doc/license/SMLNJ-LICENSE	test/Makefile;test/README;test/all.tst;test_dev/Makefile	regression or support source outside the benchmark families; test/all.tst and test_dev/Makefile distinguish compiler/Basis tests
mlkit	test/charscan.sml	charscan	charscan	-	exclude	kernel		not stated in scanned source headers	1d566dfc4d6e786887b1f642ce5356b29db4d7f87a958cc38db1f9e09cad0899	test/charscan.sml		doc/license/GPL-LICENSE;doc/license/MLKit-LICENSE;doc/license/SMLNJ-LICENSE	test/Makefile;test/README;test/all.tst;test_dev/Makefile	regression or support source outside the benchmark families; test/all.tst and test_dev/Makefile distinguish compiler/Basis tests
mlkit	test/check_arrays.sml	check_arrays	check_arrays	-	exclude	numerical		not stated in scanned source headers	65747d340186ebb16d1a000e605b58c1d4ff112b2d9f14279eae2508f3c259c5	test/check_arrays.sml		doc/license/GPL-LICENSE;doc/license/MLKit-LICENSE;doc/license/SMLNJ-LICENSE	test/Makefile;test/README;test/all.tst;test_dev/Makefile	regression or support source outside the benchmark families; test/all.tst and test_dev/Makefile distinguish compiler/Basis tests
mlkit	test/checksum.sml	checksum	checksum	M2	duplicate	kernel	mlkit:test/checksum_smlnj.sml;mlton:benchmark/tests/checksum.sml	sweeks@acm.org	1f705a0dcc4adde52c60cd3fd318b51ef6b841b160319e2538f41c477be19072	test/checksum.sml		doc/license/GPL-LICENSE;doc/license/MLKit-LICENSE;doc/license/SMLNJ-LICENSE;test/checksum.sml:header	test/Makefile;test/README;test/all.tst;test_dev/Makefile	same packed Word32 fold, ten-million-byte all-zero array and fifty scans as mlton:benchmark/tests/checksum.sml; legacy Pack32Little/fromLarge naming and invocation adapter are the only changes; retain both sources under checksum
mlkit	test/checksum_smlnj.sml	checksum_smlnj	checksum_smlnj	M2	duplicate	kernel	mlkit:test/checksum.sml;mlton:benchmark/tests/checksum.sml	sweeks@acm.org	ade1511c679152157459b7603ba46aeac9826e86769ac47f0cdef060f5f953fe	test/checksum_smlnj.sml		doc/license/GPL-LICENSE;doc/license/MLKit-LICENSE;doc/license/SMLNJ-LICENSE;test/checksum_smlnj.sml:header	test/Makefile;test/README;test/all.tst;test_dev/Makefile	same complete kernel and hardcoded parameters as test/checksum.sml; only the reviewed top-level invocation/export adapter differs; share that implementation and retain both provenance paths
mlkit	test/cmdline.sml	cmdline	cmdline	-	exclude	kernel		not stated in scanned source headers	4ff2fdb5978a74839703b4fde4e1395197e099935b681e4e9aeb645808fd29ab	test/cmdline.sml		doc/license/GPL-LICENSE;doc/license/MLKit-LICENSE;doc/license/SMLNJ-LICENSE	test/Makefile;test/README;test/all.tst;test_dev/Makefile	regression or support source outside the benchmark families; test/all.tst and test_dev/Makefile distinguish compiler/Basis tests
mlkit	test/cobol.sml	cobol	cobol	-	exclude	application		not stated in scanned source headers	ebe1623761714bc1ff8745aeaf916cc1cb3771d37413f031c9fe58e84ff2f486	test/cobol.sml		doc/license/GPL-LICENSE;doc/license/MLKit-LICENSE;doc/license/SMLNJ-LICENSE	test/Makefile;test/README;test/all.tst;test_dev/Makefile	regression or support source outside the benchmark families; test/all.tst and test_dev/Makefile distinguish compiler/Basis tests
mlkit	test/constraint.sml	constraint	constraint	-	exclude	kernel		not stated in scanned source headers	9c47cb1709863fd61235ea1b6a3410bef500b4bffa359c6db53c7711893d837c	test/constraint.sml		doc/license/GPL-LICENSE;doc/license/MLKit-LICENSE;doc/license/SMLNJ-LICENSE	test/Makefile;test/README;test/all.tst;test_dev/Makefile	regression or support source outside the benchmark families; test/all.tst and test_dev/Makefile distinguish compiler/Basis tests
mlkit	test/count-graphs.sml	count-graphs	count-graphs-mlkit	M2	import	kernel	mlton:benchmark/tests/count-graphs.sml;smlnj:programs/count-graphs	Henry Cejtin (henry@sourcelight.com).	fa652c4fb7c5b3dc888f18c6c6a482e2a320d000eb8b64a123d9d43ae4bc91e0	test/count-graphs.sml		doc/license/GPL-LICENSE;doc/license/MLKit-LICENSE;doc/license/SMLNJ-LICENSE;test/count-graphs.sml:header	test/Makefile;test/README;test/all.tst;test_dev/Makefile	portable workload; retain algorithm and review driver, numeric assumptions, fixtures and notices before import
mlkit	test/cross-module.sml	cross-module	cross-module	-	exclude	kernel		not stated in scanned source headers	9e5824711ab96a37e98fd5eec6a797de57e30c4df651af239d5d5ce4f58b91f8	test/cross-module.sml		doc/license/GPL-LICENSE;doc/license/MLKit-LICENSE;doc/license/SMLNJ-LICENSE	test/Makefile;test/README;test/all.tst;test_dev/Makefile	regression or support source outside the benchmark families; test/all.tst and test_dev/Makefile distinguish compiler/Basis tests
mlkit	test/dangle4.sml	dangle4	dangle4	-	exclude	allocation-lifetimes		not stated in scanned source headers	27cb1c344af5ee425f6bbd64bbcd7fa35ad9ca8ff612763a870b88411f1b4b38	test/dangle4.sml		doc/license/GPL-LICENSE;doc/license/MLKit-LICENSE;doc/license/SMLNJ-LICENSE	test/Makefile;test/README;test/all.tst;test_dev/Makefile	regression or support source outside the benchmark families; test/all.tst and test_dev/Makefile distinguish compiler/Basis tests
mlkit	test/dangle4_simple.sml	dangle4_simple	dangle4_simple	-	exclude	numerical		not stated in scanned source headers	bfe6831010db2ac776a4238241c0f172b2de1d651f5859ac7a5e8b81e58db56a	test/dangle4_simple.sml		doc/license/GPL-LICENSE;doc/license/MLKit-LICENSE;doc/license/SMLNJ-LICENSE	test/Makefile;test/README;test/all.tst;test_dev/Makefile	regression or support source outside the benchmark families; test/all.tst and test_dev/Makefile distinguish compiler/Basis tests
mlkit	test/danwang.mlb	danwang	danwang	-	exclude	kernel		not stated in scanned source headers	1689dbb1e0e7d7d0719d37f377cf8815d181f5a117e4a60db7289c0e36a7d5c6	test/danwang/sources.mlb;test/danwang.mlb		doc/license/GPL-LICENSE;doc/license/MLKit-LICENSE;doc/license/SMLNJ-LICENSE	test/Makefile;test/README;test/all.tst;test_dev/Makefile	regression or support source outside the benchmark families; test/all.tst and test_dev/Makefile distinguish compiler/Basis tests
mlkit	test/datatypes.sml	datatypes	datatypes	-	exclude	kernel		not stated in scanned source headers	2d3a473e2015f9d91ffe19b9a11dabb632313e87eb3c8eac4bd9913b6e81f426	test/datatypes.sml		doc/license/GPL-LICENSE;doc/license/MLKit-LICENSE;doc/license/SMLNJ-LICENSE	test/Makefile;test/README;test/all.tst;test_dev/Makefile	regression or support source outside the benchmark families; test/all.tst and test_dev/Makefile distinguish compiler/Basis tests
mlkit	test/date.sml	date	date	-	exclude	kernel	mlkit:test_dev/date.sml	not stated in scanned source headers	89f2ac65925615ed0f404b3a00a16785619766a939d8207283e16bf0b2a84b4c	test/date.sml		doc/license/GPL-LICENSE;doc/license/MLKit-LICENSE;doc/license/SMLNJ-LICENSE	test/Makefile;test/README;test/all.tst;test_dev/Makefile	regression or support source outside the benchmark families; test/all.tst and test_dev/Makefile distinguish compiler/Basis tests
mlkit	test/date2.sml	date2	date2	-	exclude	kernel	mlkit:test_dev/date2.sml	not stated in scanned source headers	9e3ec1607bf0a1aef75323093c36ba94520627104c4dc43f88e0c2e3aec9d6cd	test/date2.sml		doc/license/GPL-LICENSE;doc/license/MLKit-LICENSE;doc/license/SMLNJ-LICENSE	test/Makefile;test/README;test/all.tst;test_dev/Makefile	regression or support source outside the benchmark families; test/all.tst and test_dev/Makefile distinguish compiler/Basis tests
mlkit	test/date3.sml	date3	date3	-	exclude	kernel		not stated in scanned source headers	4b833acb14433eeff595a8b9074eba90ec8e132695aaf3fe66dab63bd164f69a	test/date3.sml		doc/license/GPL-LICENSE;doc/license/MLKit-LICENSE;doc/license/SMLNJ-LICENSE	test/Makefile;test/README;test/all.tst;test_dev/Makefile	regression or support source outside the benchmark families; test/all.tst and test_dev/Makefile distinguish compiler/Basis tests
mlkit	test/datefmt.sml	datefmt	datefmt	-	exclude	kernel		not stated in scanned source headers	873eb19bbca954bd3a7493198174f8badf9d62d4b0413f2856460159cd97e915	test/datefmt.sml		doc/license/GPL-LICENSE;doc/license/MLKit-LICENSE;doc/license/SMLNJ-LICENSE	test/Makefile;test/README;test/all.tst;test_dev/Makefile	regression or support source outside the benchmark families; test/all.tst and test_dev/Makefile distinguish compiler/Basis tests
mlkit	test/dateoffset.sml	dateoffset	dateoffset	-	exclude	kernel		not stated in scanned source headers	978b37748167e83eee3691364725dd9335c43eaf2e6ddb434b703d44b79d12ae	test/dateoffset.sml		doc/license/GPL-LICENSE;doc/license/MLKit-LICENSE;doc/license/SMLNJ-LICENSE	test/Makefile;test/README;test/all.tst;test_dev/Makefile	regression or support source outside the benchmark families; test/all.tst and test_dev/Makefile distinguish compiler/Basis tests
mlkit	test/datescan.sml	datescan	datescan	-	exclude	kernel		not stated in scanned source headers	e9df69d00a8ee3970480281001efc65d8780be511fe91e2907c8dcafdbad6ded	test/datescan.sml		doc/license/GPL-LICENSE;doc/license/MLKit-LICENSE;doc/license/SMLNJ-LICENSE	test/Makefile;test/README;test/all.tst;test_dev/Makefile	regression or support source outside the benchmark families; test/all.tst and test_dev/Makefile distinguish compiler/Basis tests
mlkit	test/dynlink.mlb	dynlink	dynlink	-	exclude	kernel	mlkit:test/dynlink.sml	not stated in scanned source headers	810cacdb489c471bd87a02bd0449f8614b67f7a828b8551c2724975b5a0f4ff4	test/dynlink.mlb;test/dynlink.sml		doc/license/GPL-LICENSE;doc/license/MLKit-LICENSE;doc/license/SMLNJ-LICENSE	test/Makefile;test/README;test/all.tst;test_dev/Makefile	regression or support source outside the benchmark families; test/all.tst and test_dev/Makefile distinguish compiler/Basis tests
mlkit	test/dynlink.sml	dynlink	dynlink	-	exclude	kernel	mlkit:test/dynlink.mlb	not stated in scanned source headers	5b42684c9735fd89502986d78d6ae466df0ec4f10e7da6cafb647389ffe411af	test/dynlink.sml		doc/license/GPL-LICENSE;doc/license/MLKit-LICENSE;doc/license/SMLNJ-LICENSE	test/Makefile;test/README;test/all.tst;test_dev/Makefile	regression or support source outside the benchmark families; test/all.tst and test_dev/Makefile distinguish compiler/Basis tests
mlkit	test/elabDecBug.sml	elabDecBug	elabDecBug	-	exclude	kernel		not stated in scanned source headers	68b334f7d5c1232d8b6096177516c97e6ceb61ae594b185b234e860bb40e5fa4	test/elabDecBug.sml		doc/license/GPL-LICENSE;doc/license/MLKit-LICENSE;doc/license/SMLNJ-LICENSE	test/Makefile;test/README;test/all.tst;test_dev/Makefile	regression or support source outside the benchmark families; test/all.tst and test_dev/Makefile distinguish compiler/Basis tests
mlkit	test/enum-eq.sml	enum-eq	enum-eq	-	exclude	kernel		not stated in scanned source headers	1d7fc696310d0fa8162b72e136976b6b52a2cb876d5aa35653fdddc90235021c	test/enum-eq.sml		doc/license/GPL-LICENSE;doc/license/MLKit-LICENSE;doc/license/SMLNJ-LICENSE	test/Makefile;test/README;test/all.tst;test_dev/Makefile	regression or support source outside the benchmark families; test/all.tst and test_dev/Makefile distinguish compiler/Basis tests
mlkit	test/eos.sml	eos	eos	-	exclude	kernel		not stated in scanned source headers	9e6e516ef6aec9b50231cfd68ae513aecb03e3402fdb90488c46566d599bcbc7	test/eos.sml		doc/license/GPL-LICENSE;doc/license/MLKit-LICENSE;doc/license/SMLNJ-LICENSE	test/Makefile;test/README;test/all.tst;test_dev/Makefile	regression or support source outside the benchmark families; test/all.tst and test_dev/Makefile distinguish compiler/Basis tests
mlkit	test/eqhashdyn2.sml	eqhashdyn2	eqhashdyn2	-	exclude	kernel		not stated in scanned source headers	3cfc89d24f0c73dcb9ca98d596dcfa613db433ae9490abe46d0453e1499470a3	test/eqhashdyn2.sml		doc/license/GPL-LICENSE;doc/license/MLKit-LICENSE;doc/license/SMLNJ-LICENSE;test/eqhashdyn2.sml:header	test/Makefile;test/README;test/all.tst;test_dev/Makefile	regression or support source outside the benchmark families; test/all.tst and test_dev/Makefile distinguish compiler/Basis tests
mlkit	test/error1.mlb	error1	error1	-	exclude	kernel		not stated in scanned source headers	e34adc3113dfe2708cfae4900ff8faac2904855d2eb14445c532921f8c2ac75b	test/error1.mlb		doc/license/GPL-LICENSE;doc/license/MLKit-LICENSE;doc/license/SMLNJ-LICENSE	test/Makefile;test/README;test/all.tst;test_dev/Makefile	regression or support source outside the benchmark families; test/all.tst and test_dev/Makefile distinguish compiler/Basis tests
mlkit	test/error2.mlb	error2	error2	-	exclude	kernel	mlkit:test/error2.sml	not stated in scanned source headers	e0781494b56ecad4eecd91a7385b85de2ffcadd1c2547cff8cb0067ccc620b12	test/error2.mlb;test/error2.sml;test/error2b.sml		doc/license/GPL-LICENSE;doc/license/MLKit-LICENSE;doc/license/SMLNJ-LICENSE	test/Makefile;test/README;test/all.tst;test_dev/Makefile	regression or support source outside the benchmark families; test/all.tst and test_dev/Makefile distinguish compiler/Basis tests
mlkit	test/error2.sml	error2	error2	-	exclude	kernel	mlkit:test/error2.mlb	not stated in scanned source headers	57185baaa52ec9b907db560fe6e86d09167b630af36dc36cfccaa0b2228f5456	test/error2.sml		doc/license/GPL-LICENSE;doc/license/MLKit-LICENSE;doc/license/SMLNJ-LICENSE	test/Makefile;test/README;test/all.tst;test_dev/Makefile	regression or support source outside the benchmark families; test/all.tst and test_dev/Makefile distinguish compiler/Basis tests
mlkit	test/error2b.sml	error2b	error2b	-	exclude	kernel		not stated in scanned source headers	889ad6830987e35dc3d7da215bd3cab47ebb384e3b215289dc63ee051e794fc1	test/error2b.sml		doc/license/GPL-LICENSE;doc/license/MLKit-LICENSE;doc/license/SMLNJ-LICENSE	test/Makefile;test/README;test/all.tst;test_dev/Makefile	regression or support source outside the benchmark families; test/all.tst and test_dev/Makefile distinguish compiler/Basis tests
mlkit	test/error3.mlb	error3	error3	-	exclude	kernel	mlkit:test/error3.sml	not stated in scanned source headers	13c58f56020ccda21947ef7b2b9cf00f9626d3b184a2543c6d186755f922fff2	test/error3.mlb;test/error3.sml;test/error3a.mlb		doc/license/GPL-LICENSE;doc/license/MLKit-LICENSE;doc/license/SMLNJ-LICENSE	test/Makefile;test/README;test/all.tst;test_dev/Makefile	regression or support source outside the benchmark families; test/all.tst and test_dev/Makefile distinguish compiler/Basis tests
mlkit	test/error3.sml	error3	error3	-	exclude	kernel	mlkit:test/error3.mlb	not stated in scanned source headers	8297e6602feb4836b9a38b531298fa64a9571bc274fc44e72b94950c39172170	test/error3.sml		doc/license/GPL-LICENSE;doc/license/MLKit-LICENSE;doc/license/SMLNJ-LICENSE	test/Makefile;test/README;test/all.tst;test_dev/Makefile	regression or support source outside the benchmark families; test/all.tst and test_dev/Makefile distinguish compiler/Basis tests
mlkit	test/error3a.mlb	error3a	error3a	-	exclude	kernel		not stated in scanned source headers	1e2ffb8128796a2cfbb0b8003d2d79e9303ca7fc8df58c59d60641ed06b0176d	test/error3.sml;test/error3a.mlb		doc/license/GPL-LICENSE;doc/license/MLKit-LICENSE;doc/license/SMLNJ-LICENSE	test/Makefile;test/README;test/all.tst;test_dev/Makefile	regression or support source outside the benchmark families; test/all.tst and test_dev/Makefile distinguish compiler/Basis tests
mlkit	test/error4.mlb	error4	error4	-	exclude	kernel		not stated in scanned source headers	160f3e6b78bf366457d112f0b757cc6c5d4e1a82b50c6d42c608db0a309ff36b	test/error3.sml;test/error4.mlb;test/error4a.mlb		doc/license/GPL-LICENSE;doc/license/MLKit-LICENSE;doc/license/SMLNJ-LICENSE	test/Makefile;test/README;test/all.tst;test_dev/Makefile	regression or support source outside the benchmark families; test/all.tst and test_dev/Makefile distinguish compiler/Basis tests
mlkit	test/error4a.mlb	error4a	error4a	-	exclude	kernel		not stated in scanned source headers	eeadcb90193c7bc0372678511e20012f2442b707d09d1fa3b34a7e09e81173bc	test/error4.mlb;test/error4a.mlb		doc/license/GPL-LICENSE;doc/license/MLKit-LICENSE;doc/license/SMLNJ-LICENSE	test/Makefile;test/README;test/all.tst;test_dev/Makefile	regression or support source outside the benchmark families; test/all.tst and test_dev/Makefile distinguish compiler/Basis tests
mlkit	test/excon.sml	excon	excon	-	exclude	kernel		not stated in scanned source headers	41ac43d87294f3aa10e6e14060dda385c2926b2438786835e73138bc4f39691d	test/excon.sml		doc/license/GPL-LICENSE;doc/license/MLKit-LICENSE;doc/license/SMLNJ-LICENSE	test/Makefile;test/README;test/all.tst;test_dev/Makefile	regression or support source outside the benchmark families; test/all.tst and test_dev/Makefile distinguish compiler/Basis tests
mlkit	test/excon2.sml	excon2	excon2	-	exclude	kernel		not stated in scanned source headers	73f12690062ab6d30e941da52e4c2b123f0da6230252a87a8be8b8400b232c1f	test/excon2.sml		doc/license/GPL-LICENSE;doc/license/MLKit-LICENSE;doc/license/SMLNJ-LICENSE	test/Makefile;test/README;test/all.tst;test_dev/Makefile	regression or support source outside the benchmark families; test/all.tst and test_dev/Makefile distinguish compiler/Basis tests
mlkit	test/exn-alpha.sml	exn-alpha	exn-alpha	-	exclude	kernel		not stated in scanned source headers	8d5fe0bb1d2bc14bdcbcb4b7486f1484cb08fbf9d3754fa21a1ef62f7577c0f8	test/exn-alpha.sml		doc/license/GPL-LICENSE;doc/license/MLKit-LICENSE;doc/license/SMLNJ-LICENSE	test/Makefile;test/README;test/all.tst;test_dev/Makefile	regression or support source outside the benchmark families; test/all.tst and test_dev/Makefile distinguish compiler/Basis tests
mlkit	test/exn.sml	exn	exn	-	exclude	kernel		not stated in scanned source headers	7b6c4791065fa7f9821abccd0353fe605c6ec643841ca9731bdd1916272c5c5e	test/exn.sml		doc/license/GPL-LICENSE;doc/license/MLKit-LICENSE;doc/license/SMLNJ-LICENSE	test/Makefile;test/README;test/all.tst;test_dev/Makefile	regression or support source outside the benchmark families; test/all.tst and test_dev/Makefile distinguish compiler/Basis tests
mlkit	test/export.mlb	export	export	-	exclude	kernel	mlkit:test/export.sml	not stated in scanned source headers	d6acfd373e8f2ebc1f39f16d97ff01a7ae4771a9855e57cffd20e19d59d8597d	test/export.mlb;test/export.sml		doc/license/GPL-LICENSE;doc/license/MLKit-LICENSE;doc/license/SMLNJ-LICENSE	test/Makefile;test/README;test/all.tst;test_dev/Makefile	regression or support source outside the benchmark families; test/all.tst and test_dev/Makefile distinguish compiler/Basis tests
mlkit	test/export.sml	export	export	-	exclude	kernel	mlkit:test/export.mlb	not stated in scanned source headers	78d87f7a59a6241a96eddacd0bdaa431548a7eb729a6f0b447b5402842c3b401	test/export.sml		doc/license/GPL-LICENSE;doc/license/MLKit-LICENSE;doc/license/SMLNJ-LICENSE	test/Makefile;test/README;test/all.tst;test_dev/Makefile	regression or support source outside the benchmark families; test/all.tst and test_dev/Makefile distinguish compiler/Basis tests
mlkit	test/export2.sml	export2	export2	-	exclude	kernel		not stated in scanned source headers	3f52b378f67fdb12352980942946e589eb7e815129c8fc54b4b0060e32f976d8	test/export2.sml		doc/license/GPL-LICENSE;doc/license/MLKit-LICENSE;doc/license/SMLNJ-LICENSE	test/Makefile;test/README;test/all.tst;test_dev/Makefile	regression or support source outside the benchmark families; test/all.tst and test_dev/Makefile distinguish compiler/Basis tests
mlkit	test/export3.sml	export3	export3	-	exclude	kernel		not stated in scanned source headers	0f1310cd92a93be4e46d580411f3c255de1236d66ba0f7c72e7b15bc15dadd9d	test/export3.sml		doc/license/GPL-LICENSE;doc/license/MLKit-LICENSE;doc/license/SMLNJ-LICENSE	test/Makefile;test/README;test/all.tst;test_dev/Makefile	regression or support source outside the benchmark families; test/all.tst and test_dev/Makefile distinguish compiler/Basis tests
mlkit	test/fft.sml	fft	fft	M2	defer	numerical	mlkit:test_dev/fft_no_basislib.sml;mlton:benchmark/tests/fft.sml;nofib:parallel/OLD/NESL/fft.lhs;nofib:spectral/hartel/fft;sandmark:benchmarks/numerical-analysis/fft.exe;smlnj:programs/fft	not stated in scanned source headers	be83ec1d3eb5bfab187c10cd5652d5a5f4829f155630183fc853504879292294	test/fft.sml		doc/license/GPL-LICENSE;doc/license/MLKit-LICENSE;doc/license/SMLNJ-LICENSE	test/Makefile;test/README;test/all.tst;test_dev/Makefile	calls ML Kit region-reset controls; removing these changes the measured storage policy; reconsider with equivalent region lifetime controls, and retain portable algorithm variants separately
mlkit	test/filesys.sml	filesys	filesys	-	exclude	kernel		not stated in scanned source headers	eae802176b408cb22923fa05d81af5ae103c4dc3427fb171a6edc55f8e2e2eab	test/filesys.sml	test/README	doc/license/GPL-LICENSE;doc/license/MLKit-LICENSE;doc/license/SMLNJ-LICENSE	test/Makefile;test/README;test/all.tst;test_dev/Makefile	regression or support source outside the benchmark families; test/all.tst and test_dev/Makefile distinguish compiler/Basis tests
mlkit	test/fns.sml	fns	fns	-	exclude	kernel		not stated in scanned source headers	5ae8652010e35cbf5dee6731ee4daaa852bc263579f125ccf5e5ff5df3f5b7f9	test/fns.sml		doc/license/GPL-LICENSE;doc/license/MLKit-LICENSE;doc/license/SMLNJ-LICENSE	test/Makefile;test/README;test/all.tst;test_dev/Makefile	regression or support source outside the benchmark families; test/all.tst and test_dev/Makefile distinguish compiler/Basis tests
mlkit	test/foldbug.sml	foldbug	foldbug	-	exclude	kernel		not stated in scanned source headers	492f02880fdadae7706001f16e3cfb36a4b08182d970fd6e87ac83929970234a	test/foldbug.sml		doc/license/GPL-LICENSE;doc/license/MLKit-LICENSE;doc/license/SMLNJ-LICENSE	test/Makefile;test/README;test/all.tst;test_dev/Makefile	regression or support source outside the benchmark families; test/all.tst and test_dev/Makefile distinguish compiler/Basis tests
mlkit	test/fork.sml	fork	fork	-	exclude	kernel		not stated in scanned source headers	b6ee608f15efbb24173a66d7c98b588936554e25c974f6029edf5fae3dabe161	test/fork.sml		doc/license/GPL-LICENSE;doc/license/MLKit-LICENSE;doc/license/SMLNJ-LICENSE	test/Makefile;test/README;test/all.tst;test_dev/Makefile	regression or support source outside the benchmark families; test/all.tst and test_dev/Makefile distinguish compiler/Basis tests
mlkit	test/freedatatype.sml	freedatatype	freedatatype	-	exclude	kernel		not stated in scanned source headers	13b21ea7e0fe3ea36b3099b07ae519f747deb56238e7bd25f3171951ef9bf54e	test/freedatatype.sml		doc/license/GPL-LICENSE;doc/license/MLKit-LICENSE;doc/license/SMLNJ-LICENSE	test/Makefile;test/README;test/all.tst;test_dev/Makefile	regression or support source outside the benchmark families; test/all.tst and test_dev/Makefile distinguish compiler/Basis tests
mlkit	test/freedatatype2.sml	freedatatype2	freedatatype2	-	exclude	kernel		not stated in scanned source headers	d321c87168bf924108036997129065636d88eab9ce645982b190a364939dc76b	test/freedatatype2.sml		doc/license/GPL-LICENSE;doc/license/MLKit-LICENSE;doc/license/SMLNJ-LICENSE	test/Makefile;test/README;test/all.tst;test_dev/Makefile	regression or support source outside the benchmark families; test/all.tst and test_dev/Makefile distinguish compiler/Basis tests
mlkit	test/ftv.sml	ftv	ftv	-	exclude	kernel		not stated in scanned source headers	74df4018ba3dafeaf10c333b4ca0e0ab905ccdd07d698d2e9a426b01b462ff7d	test/ftv.sml		doc/license/GPL-LICENSE;doc/license/MLKit-LICENSE;doc/license/SMLNJ-LICENSE	test/Makefile;test/README;test/all.tst;test_dev/Makefile	regression or support source outside the benchmark families; test/all.tst and test_dev/Makefile distinguish compiler/Basis tests
mlkit	test/fullpath.sml	fullpath	fullpath	-	exclude	kernel		not stated in scanned source headers	8cae4fcda18d93e12b121b2a6d3df31f7dd11d95964c762fe086891f6db6d6fd	test/fullpath.sml		doc/license/GPL-LICENSE;doc/license/MLKit-LICENSE;doc/license/SMLNJ-LICENSE	test/Makefile;test/README;test/all.tst;test_dev/Makefile	regression or support source outside the benchmark families; test/all.tst and test_dev/Makefile distinguish compiler/Basis tests
mlkit	test/functor.sml	functor	functor	-	exclude	kernel		not stated in scanned source headers	0a27ee9258e35ad6b12ddbf76553bfe3e3180bd1b3f7ae8aff4a7232084c29e2	test/functor.sml		doc/license/GPL-LICENSE;doc/license/MLKit-LICENSE;doc/license/SMLNJ-LICENSE	test/Makefile;test/README;test/all.tst;test_dev/Makefile	regression or support source outside the benchmark families; test/all.tst and test_dev/Makefile distinguish compiler/Basis tests
mlkit	test/functor2.sml	functor2	functor2	-	exclude	kernel		not stated in scanned source headers	c24c3ae1e0c154be28ea9e50cddd377a1bfcd4e8bd4d3425739f755bb86ceb60	test/functor2.sml		doc/license/GPL-LICENSE;doc/license/MLKit-LICENSE;doc/license/SMLNJ-LICENSE	test/Makefile;test/README;test/all.tst;test_dev/Makefile	regression or support source outside the benchmark families; test/all.tst and test_dev/Makefile distinguish compiler/Basis tests
mlkit	test/functor3.sml	functor3	functor3	-	exclude	kernel		not stated in scanned source headers	7f0af233f6871b5e1cb8efa986e54ec5f24d490caf2d6192d7e20861a2186907	test/functor3.sml		doc/license/GPL-LICENSE;doc/license/MLKit-LICENSE;doc/license/SMLNJ-LICENSE	test/Makefile;test/README;test/all.tst;test_dev/Makefile	regression or support source outside the benchmark families; test/all.tst and test_dev/Makefile distinguish compiler/Basis tests
mlkit	test/functor4.sml	functor4	functor4	-	exclude	kernel		not stated in scanned source headers	c1b827bf4e0a68aa848fc75f041412601ead22ae6f10abb30b23c87d959ac4d8	test/functor4.sml		doc/license/GPL-LICENSE;doc/license/MLKit-LICENSE;doc/license/SMLNJ-LICENSE	test/Makefile;test/README;test/all.tst;test_dev/Makefile	regression or support source outside the benchmark families; test/all.tst and test_dev/Makefile distinguish compiler/Basis tests
mlkit	test/fxp.sml	fxp	fxp	M2	duplicate	application	mlton:benchmark/tests/fxp.sml	not stated in scanned source headers	422cc09ededc04269199810b0e1bc8dc7d50e1ee393de41740d4f15eebdbe407	test/fxp.sml		doc/license/GPL-LICENSE;doc/license/MLKit-LICENSE;doc/license/SMLNJ-LICENSE	test/Makefile;test/README;test/all.tst;test_dev/Makefile	complete 17500-line FXP program is identical to mlton:benchmark/tests/fxp.sml after whitespace normalization, including data handling and invocation; retain the original source and notices under fxp
mlkit	test/gc0.sml	gc0	gc0	-	exclude	allocation-lifetimes		not stated in scanned source headers	765ee5ca2d046a34809b5173bf99e23a0d2b910551057386e752cfb5bc2d3561	test/gc0.sml		doc/license/GPL-LICENSE;doc/license/MLKit-LICENSE;doc/license/SMLNJ-LICENSE	test/Makefile;test/README;test/all.tst;test_dev/Makefile	regression or support source outside the benchmark families; test/all.tst and test_dev/Makefile distinguish compiler/Basis tests
mlkit	test/gc01.sml	gc01	gc01	-	exclude	allocation-lifetimes		not stated in scanned source headers	fc3eb8170bcd4db92fa1b6e83912cfb8effa35f81b4c1d58a0da9584f23ec3f9	test/gc01.sml		doc/license/GPL-LICENSE;doc/license/MLKit-LICENSE;doc/license/SMLNJ-LICENSE	test/Makefile;test/README;test/all.tst;test_dev/Makefile	regression or support source outside the benchmark families; test/all.tst and test_dev/Makefile distinguish compiler/Basis tests
mlkit	test/general.sml	general	general	-	exclude	kernel	mlkit:test_dev/general.sml	not stated in scanned source headers	245736bdba26fa99aa613bbc4b9ef07ff6fa97d76a5cec086d59633a01910720	test/general.sml		doc/license/GPL-LICENSE;doc/license/MLKit-LICENSE;doc/license/SMLNJ-LICENSE	test/Makefile;test/README;test/all.tst;test_dev/Makefile	regression or support source outside the benchmark families; test/all.tst and test_dev/Makefile distinguish compiler/Basis tests
mlkit	test/globalbotrho.sml	globalbotrho	globalbotrho	-	exclude	kernel		not stated in scanned source headers	b1f8f0d1089d6ed897a4f0f24b4c7bd005467ca91b4e95cb2918e224961fa286	test/globalbotrho.sml		doc/license/GPL-LICENSE;doc/license/MLKit-LICENSE;doc/license/SMLNJ-LICENSE	test/Makefile;test/README;test/all.tst;test_dev/Makefile	regression or support source outside the benchmark families; test/all.tst and test_dev/Makefile distinguish compiler/Basis tests
mlkit	test/hatch1.sml	hatch1	hatch1	-	exclude	kernel		not stated in scanned source headers	91730bfe5c1b6688b215d54178e517e893051547e2550a9fea1df90b25ba146e	test/hatch1.sml		doc/license/GPL-LICENSE;doc/license/MLKit-LICENSE;doc/license/SMLNJ-LICENSE	test/Makefile;test/README;test/all.tst;test_dev/Makefile	regression or support source outside the benchmark families; test/all.tst and test_dev/Makefile distinguish compiler/Basis tests
mlkit	test/helsen.sml	helsen	helsen	-	exclude	kernel		not stated in scanned source headers	d88c598eef1edd549615c08f83fa289aef288fe6fe8fba2ba1f24cce15ec3206	test/helsen.sml		doc/license/GPL-LICENSE;doc/license/MLKit-LICENSE;doc/license/SMLNJ-LICENSE	test/Makefile;test/README;test/all.tst;test_dev/Makefile	regression or support source outside the benchmark families; test/all.tst and test_dev/Makefile distinguish compiler/Basis tests
mlkit	test/helsen0.sml	helsen0	helsen0	-	exclude	kernel		not stated in scanned source headers	8ad010ef16b107597de67c293b2ef32acff700072a690d160fc4f11e0b9aad4d	test/helsen0.sml		doc/license/GPL-LICENSE;doc/license/MLKit-LICENSE;doc/license/SMLNJ-LICENSE	test/Makefile;test/README;test/all.tst;test_dev/Makefile	regression or support source outside the benchmark families; test/all.tst and test_dev/Makefile distinguish compiler/Basis tests
mlkit	test/host.mlb	host	host	-	exclude	kernel	mlkit:test/host.sml	not stated in scanned source headers	ff40471c89390f6f0dc60b04bd61feb5c6304876219ee7bf35e9e7087cab2a41	test/host.mlb;test/host.sml		doc/license/GPL-LICENSE;doc/license/MLKit-LICENSE;doc/license/SMLNJ-LICENSE	test/Makefile;test/README;test/all.tst;test_dev/Makefile	regression or support source outside the benchmark families; test/all.tst and test_dev/Makefile distinguish compiler/Basis tests
mlkit	test/host.sml	host	host	-	exclude	kernel	mlkit:test/host.mlb	not stated in scanned source headers	ad5ee27a3b40b638627c4ae41309cf826ba8d93db2ba99eb2399a7aa852e7581	test/host.sml		doc/license/GPL-LICENSE;doc/license/MLKit-LICENSE;doc/license/SMLNJ-LICENSE	test/Makefile;test/README;test/all.tst;test_dev/Makefile	regression or support source outside the benchmark families; test/all.tst and test_dev/Makefile distinguish compiler/Basis tests
mlkit	test/int-n-vector.sml	int-n-vector	int-n-vector	-	exclude	application		not stated in scanned source headers	0f299bb698bea183388faf109323214e8a709f477239ba6cbc32caa39c6446d6	test/int-n-vector.sml		doc/license/GPL-LICENSE;doc/license/MLKit-LICENSE;doc/license/SMLNJ-LICENSE	test/Makefile;test/README;test/all.tst;test_dev/Makefile	regression or support source outside the benchmark families; test/all.tst and test_dev/Makefile distinguish compiler/Basis tests
mlkit	test/int-n.sml	int-n	int-n	-	exclude	kernel		not stated in scanned source headers	5eec24d9590f4f22065a5765b0771a44975d488c4b2565201fc11da697cc5895	test/int-n.sml		doc/license/GPL-LICENSE;doc/license/MLKit-LICENSE;doc/license/SMLNJ-LICENSE	test/Makefile;test/README;test/all.tst;test_dev/Makefile	regression or support source outside the benchmark families; test/all.tst and test_dev/Makefile distinguish compiler/Basis tests
mlkit	test/int.sml	int	int	-	exclude	kernel		not stated in scanned source headers	aeec2b6c0c33b379258e48ea5a81be8648760a6a9794ba03b6afd687669265be	test/int.sml		doc/license/GPL-LICENSE;doc/license/MLKit-LICENSE;doc/license/SMLNJ-LICENSE	test/Makefile;test/README;test/all.tst;test_dev/Makefile	regression or support source outside the benchmark families; test/all.tst and test_dev/Makefile distinguish compiler/Basis tests
mlkit	test/int31-switch.sml	int31-switch	int31-switch	-	exclude	kernel		not stated in scanned source headers	032149423ebca1955df135bbd55ab731f135286a4c9776df8e77e4776b3472c5	test/int31-switch.sml		doc/license/GPL-LICENSE;doc/license/MLKit-LICENSE;doc/license/SMLNJ-LICENSE	test/Makefile;test/README;test/all.tst;test_dev/Makefile	regression or support source outside the benchmark families; test/all.tst and test_dev/Makefile distinguish compiler/Basis tests
mlkit	test/int31.sml	int31	int31	-	exclude	kernel		not stated in scanned source headers	7003fbd6a0f70279cd132dcaadf134364dac184c7b03d08fc6fb0170af545891	test/int31.sml		doc/license/GPL-LICENSE;doc/license/MLKit-LICENSE;doc/license/SMLNJ-LICENSE	test/Makefile;test/README;test/all.tst;test_dev/Makefile	regression or support source outside the benchmark families; test/all.tst and test_dev/Makefile distinguish compiler/Basis tests
mlkit	test/int31_2.sml	int31_2	int31_2	-	exclude	kernel		not stated in scanned source headers	0417b2a301fc11c6e4e184e4e0619164ee028d921d53506c30ea1782c090a6b0	test/int31_2.sml		doc/license/GPL-LICENSE;doc/license/MLKit-LICENSE;doc/license/SMLNJ-LICENSE	test/Makefile;test/README;test/all.tst;test_dev/Makefile	regression or support source outside the benchmark families; test/all.tst and test_dev/Makefile distinguish compiler/Basis tests
mlkit	test/int32.sml	int32	int32	-	exclude	kernel		not stated in scanned source headers	7208e5553ee31122b42d03d537fcb340e426b7634a7cdd032985e14de758b0c2	test/int32.sml		doc/license/GPL-LICENSE;doc/license/MLKit-LICENSE;doc/license/SMLNJ-LICENSE	test/Makefile;test/README;test/all.tst;test_dev/Makefile	regression or support source outside the benchmark families; test/all.tst and test_dev/Makefile distinguish compiler/Basis tests
mlkit	test/int32_2.sml	int32_2	int32_2	-	exclude	kernel		not stated in scanned source headers	adfce694dee7d44309e350c0aba7291ae68ad0e72fb3e4f924b628212030fd20	test/int32_2.sml		doc/license/GPL-LICENSE;doc/license/MLKit-LICENSE;doc/license/SMLNJ-LICENSE	test/Makefile;test/README;test/all.tst;test_dev/Makefile	regression or support source outside the benchmark families; test/all.tst and test_dev/Makefile distinguish compiler/Basis tests
mlkit	test/int63.sml	int63	int63	-	exclude	kernel		not stated in scanned source headers	01e482a1846da63802abfc967365721dcdb53f4ea00aee5c9e480f597524baa3	test/int63.sml		doc/license/GPL-LICENSE;doc/license/MLKit-LICENSE;doc/license/SMLNJ-LICENSE	test/Makefile;test/README;test/all.tst;test_dev/Makefile	regression or support source outside the benchmark families; test/all.tst and test_dev/Makefile distinguish compiler/Basis tests
mlkit	test/int63_2.sml	int63_2	int63_2	-	exclude	kernel		not stated in scanned source headers	5a9a0904234d01477d268a5e73e441f5e099a705f03d4f4c3ad88893142b0de5	test/int63_2.sml		doc/license/GPL-LICENSE;doc/license/MLKit-LICENSE;doc/license/SMLNJ-LICENSE	test/Makefile;test/README;test/all.tst;test_dev/Makefile	regression or support source outside the benchmark families; test/all.tst and test_dev/Makefile distinguish compiler/Basis tests
mlkit	test/int64.sml	int64	int64	-	exclude	kernel		not stated in scanned source headers	6a0b2aca66a621cf0d3254346e09ae7ddc4b50c8d81c61f3f89889c26682011d	test/int64.sml		doc/license/GPL-LICENSE;doc/license/MLKit-LICENSE;doc/license/SMLNJ-LICENSE	test/Makefile;test/README;test/all.tst;test_dev/Makefile	regression or support source outside the benchmark families; test/all.tst and test_dev/Makefile distinguish compiler/Basis tests
mlkit	test/int_2.sml	int_2	int_2	-	exclude	kernel		not stated in scanned source headers	e6695842731c38a997480f05f03af14f96860ff093c747c253796c75f8b650fc	test/int_2.sml		doc/license/GPL-LICENSE;doc/license/MLKit-LICENSE;doc/license/SMLNJ-LICENSE	test/Makefile;test/README;test/all.tst;test_dev/Makefile	regression or support source outside the benchmark families; test/all.tst and test_dev/Makefile distinguish compiler/Basis tests
mlkit	test/intinf.sml	intinf	intinf	-	exclude	integer-arithmetic		not stated in scanned source headers	b9626b7a8a61f647cc7c58e6f697e58c418f2e5607df177613a10b0abdaefd16	test/intinf.sml		doc/license/GPL-LICENSE;doc/license/MLKit-LICENSE;doc/license/SMLNJ-LICENSE	test/Makefile;test/README;test/all.tst;test_dev/Makefile	regression or support source outside the benchmark families; test/all.tst and test_dev/Makefile distinguish compiler/Basis tests
mlkit	test/intinf2.sml	intinf2	intinf2	-	exclude	integer-arithmetic		not stated in scanned source headers	90c854c492d6db8893817063fe88b100e68b993eb1ce0b7a11523a43f70eb491	test/intinf2.sml		doc/license/GPL-LICENSE;doc/license/MLKit-LICENSE;doc/license/SMLNJ-LICENSE	test/Makefile;test/README;test/all.tst;test_dev/Makefile	regression or support source outside the benchmark families; test/all.tst and test_dev/Makefile distinguish compiler/Basis tests
mlkit	test/intinffmt.sml	intinffmt	intinffmt	-	exclude	integer-arithmetic		not stated in scanned source headers	a11ed0add2526007b9fa30c9e17dec3d9178d620fc64226b0f6d724049166a03	test/intinffmt.sml		doc/license/GPL-LICENSE;doc/license/MLKit-LICENSE;doc/license/SMLNJ-LICENSE	test/Makefile;test/README;test/all.tst;test_dev/Makefile	regression or support source outside the benchmark families; test/all.tst and test_dev/Makefile distinguish compiler/Basis tests
mlkit	test/intquot.sml	intquot	intquot	-	exclude	kernel		not stated in scanned source headers	c93eee54370943c056d0dfc57c9091c3ba1eaafb2b7198d3a085e3793f499590	test/intquot.sml		doc/license/GPL-LICENSE;doc/license/MLKit-LICENSE;doc/license/SMLNJ-LICENSE	test/Makefile;test/README;test/all.tst;test_dev/Makefile	regression or support source outside the benchmark families; test/all.tst and test_dev/Makefile distinguish compiler/Basis tests
mlkit	test/kitdangle.sml	kitdangle	kitdangle	M2	import	allocation-lifetimes		not stated in scanned source headers	b7097b433e20c318655593a0400ac2feea61fd18768159538410662d5bc395c9	test/kitdangle.sml		doc/license/GPL-LICENSE;doc/license/MLKit-LICENSE;doc/license/SMLNJ-LICENSE	test/Makefile;test/README;test/all.tst;test_dev/Makefile	portable workload; retain algorithm and review driver, numeric assumptions, fixtures and notices before import
mlkit	test/kitdangle3.sml	kitdangle3	kitdangle3	M2	import	allocation-lifetimes		not stated in scanned source headers	f0a5cdf963226d83abf628be4eb6ba3a1bc4bf1c807863067e220b7d62a56efe	test/kitdangle3.sml		doc/license/GPL-LICENSE;doc/license/MLKit-LICENSE;doc/license/SMLNJ-LICENSE	test/Makefile;test/README;test/all.tst;test_dev/Makefile	portable workload; retain algorithm and review driver, numeric assumptions, fixtures and notices before import
mlkit	test/kitfib35.sml	kitfib35	kitfib35	M2	import	calls-recursion	mlkit:test/kitfib35_mlton.sml;mlkit:test/kitfib35_smlnj.sml	not stated in scanned source headers	4771c38490774a61054e9f648c933f46c37de08f79aa4de7d1efb68c85e09267	test/kitfib35.sml		doc/license/GPL-LICENSE;doc/license/MLKit-LICENSE;doc/license/SMLNJ-LICENSE	test/Makefile;test/README;test/all.tst;test_dev/Makefile	portable workload; retain algorithm and review driver, numeric assumptions, fixtures and notices before import
mlkit	test/kitfib35_mlton.sml	kitfib35_mlton	kitfib35_mlton	M2	duplicate	calls-recursion	mlkit:test/kitfib35.sml;mlkit:test/kitfib35_smlnj.sml	not stated in scanned source headers	e4e43c130f6f4da501c7f1516b04a34807e7382a120f8e1ba072a47afa3daa5f	test/kitfib35_mlton.sml		doc/license/GPL-LICENSE;doc/license/MLKit-LICENSE;doc/license/SMLNJ-LICENSE	test/Makefile;test/README;test/all.tst;test_dev/Makefile	same n<1 Fibonacci kernel and argument 35 as test/kitfib35.sml; only top-level driver wrapping differs; share the kitfib35 implementation and preserve both source paths
mlkit	test/kitfib35_smlnj.sml	kitfib35_smlnj	kitfib35_smlnj	M2	duplicate	calls-recursion	mlkit:test/kitfib35.sml;mlkit:test/kitfib35_mlton.sml	not stated in scanned source headers	dffb593db207d88154837395c150ef577341479cf26a5b469c4f6075435554b4	test/kitfib35_smlnj.sml		doc/license/GPL-LICENSE;doc/license/MLKit-LICENSE;doc/license/SMLNJ-LICENSE	test/Makefile;test/README;test/all.tst;test_dev/Makefile	same n<1 Fibonacci kernel and argument 35 as test/kitfib35.sml; only callable driver wrapping differs; share the kitfib35 implementation and preserve both source paths
mlkit	test/kitkbjul9.sml	kitkbjul9	kitkbjul9	M2	defer	symbolic-search	mlkit:test/kitkbjul9_smlnj.sml;mlkit:test/kitkbjul9_tp.sml;mlkit:test_dev/kitkbjul9_no_basislib.sml	not stated in scanned source headers	7c6f069602dabb66b09f6d363ae9ba17b18fd406419e430b0562d6f3f8af82b9	test/kitkbjul9.sml		doc/license/GPL-LICENSE;doc/license/MLKit-LICENSE;doc/license/SMLNJ-LICENSE	test/Makefile;test/README;test/all.tst;test_dev/Makefile	calls ML Kit region-reset controls; removing these changes the measured storage policy; reconsider with equivalent region lifetime controls, and retain portable algorithm variants separately
mlkit	test/kitkbjul9_smlnj.sml	kitkbjul9_smlnj	kitkbjul9_smlnj	M2	import	symbolic-search	mlkit:test/kitkbjul9.sml;mlkit:test/kitkbjul9_tp.sml;mlkit:test_dev/kitkbjul9_no_basislib.sml	not stated in scanned source headers	8a8ecdfcad3ba849544536288ea41dc071dc99d06b1566a234d43ecc51c7f315	test/kitkbjul9_smlnj.sml		doc/license/GPL-LICENSE;doc/license/MLKit-LICENSE;doc/license/SMLNJ-LICENSE	test/Makefile;test/README;test/all.tst;test_dev/Makefile	portable upstream variant defines region-control functions as no-ops; preserve this distinct storage policy and its original algorithm
mlkit	test/kitkbjul9_tp.sml	kitkbjul9_tp	kitkbjul9_tp	M2	defer	symbolic-search	mlkit:test/kitkbjul9.sml;mlkit:test/kitkbjul9_smlnj.sml;mlkit:test_dev/kitkbjul9_no_basislib.sml	not stated in scanned source headers	b87b8604356197b542a9f9cc7944fdeba4ec567afd12670b898062d6fd7a0b53	test/kitkbjul9_tp.sml		doc/license/GPL-LICENSE;doc/license/MLKit-LICENSE;doc/license/SMLNJ-LICENSE	test/Makefile;test/README;test/all.tst;test_dev/Makefile	calls ML Kit region-reset controls; removing these changes the measured storage policy; reconsider with equivalent region lifetime controls, and retain portable algorithm variants separately
mlkit	test/kitlife35u.sml	kitlife35u	kitlife35u	M2	defer	kernel	mlkit:test/kitlife35u_mlton.sml;mlkit:test/kitlife35u_smlnj.sml;mlkit:test/kitlife35u_tp.sml;mlkit:test_dev/kitlife35u_no_basislib.sml	not stated in scanned source headers	df6d8390568d2b8ddd97ba2482c0c0f560deed5f93551b1c463b363c87b76a16	test/kitlife35u.sml		doc/license/GPL-LICENSE;doc/license/MLKit-LICENSE;doc/license/SMLNJ-LICENSE	test/Makefile;test/README;test/all.tst;test_dev/Makefile	calls ML Kit region-reset controls; removing these changes the measured storage policy; reconsider with equivalent region lifetime controls, and retain portable algorithm variants separately
mlkit	test/kitlife35u_mlton.sml	kitlife35u_mlton	kitlife35u_mlton	M2	duplicate	kernel	mlkit:test/kitlife35u.sml;mlkit:test/kitlife35u_smlnj.sml;mlkit:test/kitlife35u_tp.sml;mlkit:test_dev/kitlife35u_no_basislib.sml	not stated in scanned source headers	fbc560065512a6511f2d4d639cadfd2408bcb6369f43404749091fe6713d6248	test/kitlife35u_mlton.sml		doc/license/GPL-LICENSE;doc/license/MLKit-LICENSE;doc/license/SMLNJ-LICENSE	test/Makefile;test/README;test/all.tst;test_dev/Makefile	same complete kernel and hardcoded parameters as test/kitlife35u_smlnj.sml; only the reviewed top-level invocation/export adapter differs; share that implementation and retain both provenance paths
mlkit	test/kitlife35u_smlnj.sml	kitlife35u_smlnj	kitlife35u_smlnj	M2	import	kernel	mlkit:test/kitlife35u.sml;mlkit:test/kitlife35u_mlton.sml;mlkit:test/kitlife35u_tp.sml;mlkit:test_dev/kitlife35u_no_basislib.sml	not stated in scanned source headers	c8f2d0a1c429d312646e5abbbff8e84d91ce404bc7969ad13fbf0f08bb0df589	test/kitlife35u_smlnj.sml		doc/license/GPL-LICENSE;doc/license/MLKit-LICENSE;doc/license/SMLNJ-LICENSE	test/Makefile;test/README;test/all.tst;test_dev/Makefile	portable upstream variant defines region-control functions as no-ops; preserve this distinct storage policy and its original algorithm
mlkit	test/kitlife35u_tp.sml	kitlife35u_tp	kitlife35u_tp	M2	defer	kernel	mlkit:test/kitlife35u.sml;mlkit:test/kitlife35u_mlton.sml;mlkit:test/kitlife35u_smlnj.sml;mlkit:test_dev/kitlife35u_no_basislib.sml	not stated in scanned source headers	7bcbfc2c2ac31950b99fea6ad243d57fc81cfa7d2e021ab830263f085107575e	test/kitlife35u_tp.sml		doc/license/GPL-LICENSE;doc/license/MLKit-LICENSE;doc/license/SMLNJ-LICENSE	test/Makefile;test/README;test/all.tst;test_dev/Makefile	calls ML Kit region-reset controls; removing these changes the measured storage policy; reconsider with equivalent region lifetime controls, and retain portable algorithm variants separately
mlkit	test/kitloop2.sml	kitloop2	kitloop2	M2	import	kernel		not stated in scanned source headers	a41be0d3486c93972e82944cfa61d6fb608aeb823628bb99cd315e9419048e8c	test/kitloop2.sml		doc/license/GPL-LICENSE;doc/license/MLKit-LICENSE;doc/license/SMLNJ-LICENSE	test/Makefile;test/README;test/all.tst;test_dev/Makefile	portable workload; retain algorithm and review driver, numeric assumptions, fixtures and notices before import
mlkit	test/kitmandelbrot.sml	kitmandelbrot	kitmandelbrot	M2	import	numerical		not stated in scanned source headers	85b06fe7d0cae103764f66bd760c1a06888068badc4e3314b18ccbf0b4edf81d	test/kitmandelbrot.sml		doc/license/GPL-LICENSE;doc/license/MLKit-LICENSE;doc/license/SMLNJ-LICENSE	test/Makefile;test/README;test/all.tst;test_dev/Makefile	portable workload; retain algorithm and review driver, numeric assumptions, fixtures and notices before import
mlkit	test/kitmolgard.sml	kitmolgard	kitmolgard	M2	import	application	mlkit:test/kitmolgard_smlnj.sml	not stated in scanned source headers	d602a6749afae926bdbda8b15ab3d9d61ed1936d7f5089ee83d5b8f143757799	test/kitmolgard.sml	test/kitmolgard.sml;test/lllllll.txt	doc/license/GPL-LICENSE;doc/license/MLKit-LICENSE;doc/license/SMLNJ-LICENSE	test/Makefile;test/README;test/all.tst;test_dev/Makefile	portable workload; retain algorithm and review driver, numeric assumptions, fixtures and notices before import
mlkit	test/kitmolgard_smlnj.sml	kitmolgard_smlnj	kitmolgard_smlnj	M2	duplicate	application	mlkit:test/kitmolgard.sml	not stated in scanned source headers	d13cb8e20d0092bfd234b1fcd32b5b7297ec013eccd9a4e35bca1662b76f3974	test/kitmolgard_smlnj.sml	test/kitmolgard.sml;test/lllllll.txt	doc/license/GPL-LICENSE;doc/license/MLKit-LICENSE;doc/license/SMLNJ-LICENSE	test/Makefile;test/README;test/all.tst;test_dev/Makefile	same complete generated Petri-net model, marking/transition logic, RNG and six-report workload as test/kitmolgard.sml; only callable launcher, old inputLine/Byte/Timer record adapters and integer versus Time elapsed-clock carriers differ; portable deterministic clock and SML97 adapters are shared under kitmolgard
mlkit	test/kitqsort.sml	kitqsort	kitqsort	M2	defer	lists-streams	mlkit:test_dev/kitqsort.sml;mlkit:test_dev/kitqsort_no_basislib.sml	not stated in scanned source headers	1a4bb7a226fd4a186f9789292794113936803a46f1006b3d3e07559003517340	test/kitqsort.sml		doc/license/GPL-LICENSE;doc/license/MLKit-LICENSE;doc/license/SMLNJ-LICENSE	test/Makefile;test/README;test/all.tst;test_dev/Makefile	calls ML Kit region-reset controls; removing these changes the measured storage policy; reconsider with equivalent region lifetime controls, and retain portable algorithm variants separately
mlkit	test/kitqsort2.sml	kitqsort2	kitqsort2	M2	defer	lists-streams		not stated in scanned source headers	00f46ae446bab4df0c11b64d98459f9510f9da7206a194356671126a4716759a	test/kitqsort2.sml		doc/license/GPL-LICENSE;doc/license/MLKit-LICENSE;doc/license/SMLNJ-LICENSE	test/Makefile;test/README;test/all.tst;test_dev/Makefile	calls ML Kit region-reset controls; removing these changes the measured storage policy; reconsider with equivalent region lifetime controls, and retain portable algorithm variants separately
mlkit	test/kitreynolds2.sml	kitreynolds2	kitreynolds2	M2	import	allocation-lifetimes	mlkit:test_dev/kitreynolds2_no_basislib.sml	not stated in scanned source headers	6918b7ada47d1301cf5933d6938ea56416b37f300b818cb3289cf4f310997225	test/kitreynolds2.sml		doc/license/GPL-LICENSE;doc/license/MLKit-LICENSE;doc/license/SMLNJ-LICENSE	test/Makefile;test/README;test/all.tst;test_dev/Makefile	portable workload; retain algorithm and review driver, numeric assumptions, fixtures and notices before import
mlkit	test/kitreynolds3.sml	kitreynolds3	kitreynolds3	M2	import	allocation-lifetimes	mlkit:test_dev/kitreynolds3_no_basislib.sml	not stated in scanned source headers	36a2d2957e06ad927f76286663387aa9172f4ce3daca5fe9e80839063359177f	test/kitreynolds3.sml		doc/license/GPL-LICENSE;doc/license/MLKit-LICENSE;doc/license/SMLNJ-LICENSE	test/Makefile;test/README;test/all.tst;test_dev/Makefile	portable workload; retain algorithm and review driver, numeric assumptions, fixtures and notices before import
mlkit	test/kitsimple.sml	kitsimple	kitsimple	M2	import	numerical	mlkit:test/kitsimple_smlnj.sml;mlkit:test/kitsimple_tp.sml;mlkit:test_dev/kitsimple.sml;mlkit:test_dev/kitsimple_no_basislib.sml	not stated in scanned source headers	fe20a973253fddd47e94ba87a194139f2faaa7ba49eec1b7b81b04b3927e7fa9	test/kitsimple.sml		doc/license/GPL-LICENSE;doc/license/MLKit-LICENSE;doc/license/SMLNJ-LICENSE	test/Makefile;test/README;test/all.tst;test_dev/Makefile	portable workload; retain algorithm and review driver, numeric assumptions, fixtures and notices before import
mlkit	test/kitsimple_smlnj.sml	kitsimple_smlnj	kitsimple_smlnj	M2	duplicate	numerical	mlkit:test/kitsimple.sml;mlkit:test/kitsimple_tp.sml;mlkit:test_dev/kitsimple.sml;mlkit:test_dev/kitsimple_no_basislib.sml	not stated in scanned source headers	f4b0dd765d028786ddb3fdf756fee2f8f0039f73ff6d7e50819a5a50363dceb3	test/kitsimple_smlnj.sml		doc/license/GPL-LICENSE;doc/license/MLKit-LICENSE;doc/license/SMLNJ-LICENSE	test/Makefile;test/README;test/all.tst;test_dev/Makefile	same complete kernel and hardcoded parameters as test/kitsimple.sml; only the reviewed top-level invocation/export adapter differs; share that implementation and retain both provenance paths
mlkit	test/kitsimple_tp.sml	kitsimple_tp	kitsimple_tp	M2	import	numerical	mlkit:test/kitsimple.sml;mlkit:test/kitsimple_smlnj.sml;mlkit:test_dev/kitsimple.sml;mlkit:test_dev/kitsimple_no_basislib.sml	not stated in scanned source headers	af43c78a045a78a1ab15c3b763536a320672f92b9857d48d079ccfd91a658eee	test/kitsimple_tp.sml		doc/license/GPL-LICENSE;doc/license/MLKit-LICENSE;doc/license/SMLNJ-LICENSE	test/Makefile;test/README;test/all.tst;test_dev/Makefile	portable workload; retain algorithm and review driver, numeric assumptions, fixtures and notices before import
mlkit	test/kittmergesort.sml	kittmergesort	kittmergesort	M1	import	lists-streams	mlkit:test/kittmergesort_smlnj.sml;mlkit:test/kittmergesort_tp.sml;mlkit:test_dev/kittmergesort_no_basislib.sml	not stated in scanned source headers	647e15d9bb8555048c3c3112fca2fc81aa141447b148e3f80952f5e579f1f414	test/kittmergesort.sml		doc/license/GPL-LICENSE;doc/license/MLKit-LICENSE;doc/license/SMLNJ-LICENSE	test/Makefile;test/README;test/all.tst;test_dev/Makefile	portable workload; retain algorithm and review driver, numeric assumptions, fixtures and notices before import
mlkit	test/kittmergesort_smlnj.sml	kittmergesort_smlnj	kittmergesort_smlnj	M2	duplicate	lists-streams	mlkit:test/kittmergesort.sml;mlkit:test/kittmergesort_tp.sml;mlkit:test_dev/kittmergesort_no_basislib.sml	not stated in scanned source headers	c337b0a6d2f5ed09bf56898603e27692236f1990f837aad5d7b50a8a983892a6	test/kittmergesort_smlnj.sml		doc/license/GPL-LICENSE;doc/license/MLKit-LICENSE;doc/license/SMLNJ-LICENSE	test/Makefile;test/README;test/all.tst;test_dev/Makefile	same copying mergesort, generator, seed and 100000-element input as test/kittmergesort.sml; the sole diff is val result versus fun doit(); the ten-repetition _tp variant remains separate
mlkit	test/kittmergesort_tp.sml	kittmergesort_tp	kittmergesort_tp	M2	import	lists-streams	mlkit:test/kittmergesort.sml;mlkit:test/kittmergesort_smlnj.sml;mlkit:test_dev/kittmergesort_no_basislib.sml	not stated in scanned source headers	26f1c7e5ef7fb636c081cdc4e8c565364156f55ed5cf4d778943c726c68fdbd6	test/kittmergesort_tp.sml		doc/license/GPL-LICENSE;doc/license/MLKit-LICENSE;doc/license/SMLNJ-LICENSE	test/Makefile;test/README;test/all.tst;test_dev/Makefile	portable workload; retain algorithm and review driver, numeric assumptions, fixtures and notices before import
mlkit	test/kkb36c.sml	kkb36c	kkb36c	M2	defer	symbolic-search	mlkit:test/kkb36c_mlton.sml;mlkit:test/kkb36c_smlnj.sml	not stated in scanned source headers	1ad06909418851fe6a0425b320875ecdf71b81c4c287b8d126e86619f645034d	test/kkb36c.sml		doc/license/GPL-LICENSE;doc/license/MLKit-LICENSE;doc/license/SMLNJ-LICENSE	test/Makefile;test/README;test/all.tst;test_dev/Makefile	calls ML Kit region-reset controls; removing these changes the measured storage policy; reconsider with equivalent region lifetime controls, and retain portable algorithm variants separately
mlkit	test/kkb36c_mlton.sml	kkb36c_mlton	kkb36c_mlton	M2	duplicate	symbolic-search	mlkit:test/kkb36c.sml;mlkit:test/kkb36c_smlnj.sml	not stated in scanned source headers	b0eb43accbe9476d09cd20db132971100ead3356896d4c7222892dd67978274e	test/kkb36c_mlton.sml		doc/license/GPL-LICENSE;doc/license/MLKit-LICENSE;doc/license/SMLNJ-LICENSE	test/Makefile;test/README;test/all.tst;test_dev/Makefile	same no-op region functions, copying completion kernel, geometric equations and three completions as test/kkb36c_smlnj.sml; only the exposed launcher/helper name and unused testit differ; retain the host source under kkb36c_smlnj
mlkit	test/kkb36c_smlnj.sml	kkb36c_smlnj	kkb36c_smlnj	M2	import	symbolic-search	mlkit:test/kkb36c.sml;mlkit:test/kkb36c_mlton.sml	not stated in scanned source headers	40cb710393a107d055c89667d9cc46d36ae180446b81522ed91a40dd511c5ec1	test/kkb36c_smlnj.sml		doc/license/GPL-LICENSE;doc/license/MLKit-LICENSE;doc/license/SMLNJ-LICENSE	test/Makefile;test/README;test/all.tst;test_dev/Makefile	portable upstream variant defines region-control functions as no-ops; preserve this distinct storage policy and its original algorithm
mlkit	test/kkb36d.sml	kkb36d	kkb36d	M2	defer	symbolic-search		not stated in scanned source headers	79402b5aea719c4bcae6677d9f6ebaff72c3b20abbf4edbe7c18264740b5105b	test/kkb36d.sml		doc/license/GPL-LICENSE;doc/license/MLKit-LICENSE;doc/license/SMLNJ-LICENSE	test/Makefile;test/README;test/all.tst;test_dev/Makefile	calls ML Kit region-reset controls; removing these changes the measured storage policy; reconsider with equivalent region lifetime controls, and retain portable algorithm variants separately
mlkit	test/kkb_eq.sml	kkb_eq	kkb_eq	M2	import	symbolic-search		not stated in scanned source headers	ff9ecca0d92042baf3d4f85daed906db04159a3adc5850f1ce6a88101dafc201	test/kkb_eq.sml		doc/license/GPL-LICENSE;doc/license/MLKit-LICENSE;doc/license/SMLNJ-LICENSE	test/Makefile;test/README;test/all.tst;test_dev/Makefile	portable workload; retain algorithm and review driver, numeric assumptions, fixtures and notices before import
mlkit	test/klife_eq.sml	klife_eq	klife_eq	M2	import	kernel		not stated in scanned source headers	4dc88c2623898c4c9ea7d1be59ca81316836fec7b255a4bb22558ccf5da25e50	test/klife_eq.sml		doc/license/GPL-LICENSE;doc/license/MLKit-LICENSE;doc/license/SMLNJ-LICENSE	test/Makefile;test/README;test/all.tst;test_dev/Makefile	portable workload; retain algorithm and review driver, numeric assumptions, fixtures and notices before import
mlkit	test/layout.sml	layout	layout	-	exclude	kernel		not stated in scanned source headers	343023c1ba39739067241d14dba7d90f6ec7ca8e18922a5f12ff54a49beae491	test/layout.sml		doc/license/GPL-LICENSE;doc/license/MLKit-LICENSE;doc/license/SMLNJ-LICENSE	test/Makefile;test/README;test/all.tst;test_dev/Makefile	regression or support source outside the benchmark families; test/all.tst and test_dev/Makefile distinguish compiler/Basis tests
mlkit	test/lex.sml	lex	lex	-	exclude	compiler-application		not stated in scanned source headers	64b02c7ccea194ba1b86c86b728f5a97da9c055894c972baf068d2d3c73c6ea7	test/lex.sml		doc/license/GPL-LICENSE;doc/license/MLKit-LICENSE;doc/license/SMLNJ-LICENSE	test/Makefile;test/README;test/all.tst;test_dev/Makefile	regression or support source outside the benchmark families; test/all.tst and test_dev/Makefile distinguish compiler/Basis tests
mlkit	test/lib.sml	lib	lib	-	exclude	kernel		not stated in scanned source headers	00691503e6e174d6011e26c3ad89cca6fe0e25f0cc1d2fb8fa585e84b23f68c1	test/lib.sml		doc/license/GPL-LICENSE;doc/license/MLKit-LICENSE;doc/license/SMLNJ-LICENSE	test/Makefile;test/README;test/all.tst;test_dev/Makefile	regression or support source outside the benchmark families; test/all.tst and test_dev/Makefile distinguish compiler/Basis tests
mlkit	test/life.sml	life	life	M2	defer	kernel	mlkit:test_dev/life.sml;mlton:benchmark/tests/life.sml;nofib:spectral/life;smlnj:programs/life	not stated in scanned source headers	731a75fa0b1b3b7915dff695980682e4b0c7ebe0d237da872026b6e8d187771e	test/life.sml		doc/license/GPL-LICENSE;doc/license/MLKit-LICENSE;doc/license/SMLNJ-LICENSE	test/Makefile;test/README;test/all.tst;test_dev/Makefile	calls ML Kit region-reset controls; removing these changes the measured storage policy; reconsider with equivalent region lifetime controls, and retain portable algorithm variants separately
mlkit	test/linkfail.sml	linkfail	linkfail	-	exclude	kernel		not stated in scanned source headers	02f713fdb464ad88a91a554d1aeca92194583fdff7df578e57adf07613e87b97	test/linkfail.sml		doc/license/GPL-LICENSE;doc/license/MLKit-LICENSE;doc/license/SMLNJ-LICENSE	test/Makefile;test/README;test/all.tst;test_dev/Makefile	regression or support source outside the benchmark families; test/all.tst and test_dev/Makefile distinguish compiler/Basis tests
mlkit	test/list.sml	list	list	-	exclude	lists-streams		not stated in scanned source headers	ce6fb2aa65defd217bc98f374b2430a517870fe84f352028b73abc3d8fefb4fe	test/list.sml		doc/license/GPL-LICENSE;doc/license/MLKit-LICENSE;doc/license/SMLNJ-LICENSE	test/Makefile;test/README;test/all.tst;test_dev/Makefile	regression or support source outside the benchmark families; test/all.tst and test_dev/Makefile distinguish compiler/Basis tests
mlkit	test/listpair.sml	listpair	listpair	-	exclude	lists-streams	mlkit:test_dev/listpair.sml	not stated in scanned source headers	2a4fc52be430e480ff172777326ef051249cc71acfa8576c13abac994e2b2f9c	test/listpair.sml		doc/license/GPL-LICENSE;doc/license/MLKit-LICENSE;doc/license/SMLNJ-LICENSE	test/Makefile;test/README;test/all.tst;test_dev/Makefile	regression or support source outside the benchmark families; test/all.tst and test_dev/Makefile distinguish compiler/Basis tests
mlkit	test/listsort.mlb	listsort	listsort	-	exclude	lists-streams	mlkit:test/listsort.sml;mlkit:test_dev/listsort.sml	not stated in scanned source headers	9a633236931368ba27af0c30d5dc437d7948c8e529afc7115c0956e104b2c66a	test/listsort.mlb;test/listsort.sml		doc/license/GPL-LICENSE;doc/license/MLKit-LICENSE;doc/license/SMLNJ-LICENSE	test/Makefile;test/README;test/all.tst;test_dev/Makefile	regression or support source outside the benchmark families; test/all.tst and test_dev/Makefile distinguish compiler/Basis tests
mlkit	test/listsort.sml	listsort	listsort	-	exclude	lists-streams	mlkit:test/listsort.mlb;mlkit:test_dev/listsort.sml	not stated in scanned source headers	c2cfbb20e3d473cd55ae2b63b87f828d9343c1eabcc134f92332cb398f6e33b6	test/listsort.sml		doc/license/GPL-LICENSE;doc/license/MLKit-LICENSE;doc/license/SMLNJ-LICENSE	test/Makefile;test/README;test/all.tst;test_dev/Makefile	regression or support source outside the benchmark families; test/all.tst and test_dev/Makefile distinguish compiler/Basis tests
mlkit	test/llv.sml	llv	llv	-	exclude	kernel		not stated in scanned source headers	1bb94015c51319e1a27cd5bde1489db08c882b0760772cf970a23790e77cef80	test/llv.sml		doc/license/GPL-LICENSE;doc/license/MLKit-LICENSE;doc/license/SMLNJ-LICENSE	test/Makefile;test/README;test/all.tst;test_dev/Makefile	regression or support source outside the benchmark families; test/all.tst and test_dev/Makefile distinguish compiler/Basis tests
mlkit	test/logic.mlb	logic	logic	-	exclude	symbolic-search	mlton:benchmark/tests/logic.sml;smlnj:programs/logic	not stated in scanned source headers	9ac33d8672a93168d35e7c4173da8ee37f57b545a68aa72284704475cfd26411	test/logic/sources.mlb;test/logic.mlb		doc/license/GPL-LICENSE;doc/license/MLKit-LICENSE;doc/license/SMLNJ-LICENSE	test/Makefile;test/README;test/all.tst;test_dev/Makefile	regression or support source outside the benchmark families; test/all.tst and test_dev/Makefile distinguish compiler/Basis tests
mlkit	test/longlife.sml	longlife	longlife	M2	defer	kernel		not stated in scanned source headers	339776a5e22ea9304f40400fb7d9bbbe822758a356982afc026f83a19c5ead38	test/longlife.sml		doc/license/GPL-LICENSE;doc/license/MLKit-LICENSE;doc/license/SMLNJ-LICENSE	test/Makefile;test/README;test/all.tst;test_dev/Makefile	calls ML Kit region-reset controls; removing these changes the measured storage policy; reconsider with equivalent region lifetime controls, and retain portable algorithm variants separately
mlkit	test/math.sml	math	math	-	exclude	kernel		not stated in scanned source headers	3b09591a458c47864969281160d1a7bca1ae075a1ff5d3dd83a479740dd97b1b	test/math.sml		doc/license/GPL-LICENSE;doc/license/MLKit-LICENSE;doc/license/SMLNJ-LICENSE	test/Makefile;test/README;test/all.tst;test_dev/Makefile	regression or support source outside the benchmark families; test/all.tst and test_dev/Makefile distinguish compiler/Basis tests
mlkit	test/matrix-multiply.sml	matrix-multiply	matrix-multiply-mlkit	M2	import	numerical	mlkit:test/matrix-multiply_smlnj.sml;mlton:benchmark/tests/matrix-multiply.sml	Stephen Weeks (sweeks@acm.org).	df94ed2e41839e0c5305a19161f143da520be45dc4135945b6d44cb2949fb6c5	test/matrix-multiply.sml		doc/license/GPL-LICENSE;doc/license/MLKit-LICENSE;doc/license/SMLNJ-LICENSE;test/matrix-multiply.sml:header	test/Makefile;test/README;test/all.tst;test_dev/Makefile	portable workload; retain algorithm and review driver, numeric assumptions, fixtures and notices before import
mlkit	test/matrix-multiply_smlnj.sml	matrix-multiply_smlnj	matrix-multiply_smlnj	M2	duplicate	numerical	mlkit:test/matrix-multiply.sml;mlton:benchmark/tests/matrix-multiply.sml	Stephen Weeks (sweeks@acm.org).	cac01f58e602b0b4aa975fe89ec2532166dab5ba3ce94cc510a50caedd4b9dd4	test/matrix-multiply_smlnj.sml		doc/license/GPL-LICENSE;doc/license/MLKit-LICENSE;doc/license/SMLNJ-LICENSE;test/matrix-multiply_smlnj.sml:header	test/Makefile;test/README;test/all.tst;test_dev/Makefile	same complete kernel and hardcoded parameters as test/matrix-multiply.sml; only the reviewed top-level invocation/export adapter differs; share that implementation and retain both provenance paths
mlkit	test/mpuz.sml	mpuz	mpuz-mlkit	M2	import	kernel	mlkit:test/mpuz_smlnj.sml;mlton:benchmark/tests/mpuz.sml	sweeks@acm.org on 1999-08-31.	c1d39aeb8bb498128bbe16c667b295f210e7199d97e2a1ff7ca4ea22af462d28	test/mpuz.sml		doc/license/GPL-LICENSE;doc/license/MLKit-LICENSE;doc/license/SMLNJ-LICENSE;test/mpuz.sml:header	test/Makefile;test/README;test/all.tst;test_dev/Makefile	portable workload; retain algorithm and review driver, numeric assumptions, fixtures and notices before import
mlkit	test/mpuz_smlnj.sml	mpuz_smlnj	mpuz_smlnj	M2	duplicate	kernel	mlkit:test/mpuz.sml;mlton:benchmark/tests/mpuz.sml	sweeks@acm.org on 1999-08-31.	948bd2f3862300533b4b993910e83c79cb52b7d885548b7d7c8971ee6181e03e	test/mpuz_smlnj.sml		doc/license/GPL-LICENSE;doc/license/MLKit-LICENSE;doc/license/SMLNJ-LICENSE;test/mpuz_smlnj.sml:header	test/Makefile;test/README;test/all.tst;test_dev/Makefile	same complete kernel and hardcoded parameters as test/mpuz.sml; only the reviewed top-level invocation/export adapter differs; share that implementation and retain both provenance paths
mlkit	test/msort.mlb	msort	msort	M2	import	lists-streams	mlkit:test/msort.sml	not stated in scanned source headers	a0ac43f2f1ac7fa5d2b526805f6aed5d251ce4e90be8766f2b00233fa91e8332	test/msort.mlb;test/msort.sml;test/msortrun.sml;test/upto.sml		doc/license/GPL-LICENSE;doc/license/MLKit-LICENSE;doc/license/SMLNJ-LICENSE	test/Makefile;test/README;test/all.tst;test_dev/Makefile	portable workload; retain algorithm and review driver, numeric assumptions, fixtures and notices before import
mlkit	test/msort.sml	msort	msort	-	exclude	lists-streams	mlkit:test/msort.mlb	not stated in scanned source headers	c9c4d4a79fd7761aa91ae62a50f198bc769f8bff917fc079d948eecf5460d074	test/msort.sml		doc/license/GPL-LICENSE;doc/license/MLKit-LICENSE;doc/license/SMLNJ-LICENSE	test/Makefile;test/README;test/all.tst;test_dev/Makefile	support module defining msort; msort.mlb supplies upto.sml and msortrun.sml for the actual invocation
mlkit	test/msortrun.sml	msortrun	msortrun	M2	duplicate	lists-streams		not stated in scanned source headers	bf9cb497120330bc4af5b9a74c9b87f541c47c89b9930de9ddddf998a6980f76	test/msortrun.sml		doc/license/GPL-LICENSE;doc/license/MLKit-LICENSE;doc/license/SMLNJ-LICENSE	test/Makefile;test/README;test/all.tst;test_dev/Makefile	same invocation msort(upto(50000)) loaded by msort.mlb; retain the complete ordered project and this driver provenance
mlkit	test/multiarg.sml	multiarg	multiarg	-	exclude	kernel		not stated in scanned source headers	a0b4b7adfecaebcecfc99e68c3305095d19b706a3454dcd46e08f628d0b02fb6	test/multiarg.sml		doc/license/GPL-LICENSE;doc/license/MLKit-LICENSE;doc/license/SMLNJ-LICENSE	test/Makefile;test/README;test/all.tst;test_dev/Makefile	regression or support source outside the benchmark families; test/all.tst and test_dev/Makefile distinguish compiler/Basis tests
mlkit	test/natset.sml	natset	natset	-	exclude	kernel		not stated in scanned source headers	2b22b8047b2910382229fc3c289ac7d4be8a42ae11a1141012a39c68d27c9d31	test/natset.sml		doc/license/GPL-LICENSE;doc/license/MLKit-LICENSE;doc/license/SMLNJ-LICENSE	test/Makefile;test/README;test/all.tst;test_dev/Makefile	regression or support source outside the benchmark families; test/all.tst and test_dev/Makefile distinguish compiler/Basis tests
mlkit	test/nucleic.mlb	nucleic	nucleic	-	exclude	numerical	mlton:benchmark/tests/nucleic.sml;nofib:spectral/hartel/nucleic2;smlnj:programs/nucleic	not stated in scanned source headers	33de0429e235f51733968e373f18865068d44f5dc52ffce20fbdf0526c5d7bb9	test/nucleic/sources.mlb;test/nucleic.mlb		doc/license/GPL-LICENSE;doc/license/MLKit-LICENSE;doc/license/SMLNJ-LICENSE	test/Makefile;test/README;test/all.tst;test_dev/Makefile	regression or support source outside the benchmark families; test/all.tst and test_dev/Makefile distinguish compiler/Basis tests
mlkit	test/oh-no.sml	oh-no	oh-no	-	exclude	kernel		not stated in scanned source headers	bd123ce6bec2a2643fd8b5987e719d55c5be1b3135e6b245f69603b956a13d3b	test/oh-no.sml		doc/license/GPL-LICENSE;doc/license/MLKit-LICENSE;doc/license/SMLNJ-LICENSE	test/Makefile;test/README;test/all.tst;test_dev/Makefile	regression or support source outside the benchmark families; test/all.tst and test_dev/Makefile distinguish compiler/Basis tests
mlkit	test/oh-no2.sml	oh-no2	oh-no2	-	exclude	kernel		not stated in scanned source headers	8b1324756fb55f7f94ac6454b0b3c2c3bfcaa69cd922580c52f499099fc90664	test/oh-no2.sml		doc/license/GPL-LICENSE;doc/license/MLKit-LICENSE;doc/license/SMLNJ-LICENSE	test/Makefile;test/README;test/all.tst;test_dev/Makefile	regression or support source outside the benchmark families; test/all.tst and test_dev/Makefile distinguish compiler/Basis tests
mlkit	test/opaque.sml	opaque	opaque	-	exclude	kernel		not stated in scanned source headers	00ab91adbe680e1a581051acf974c125618dd6486877abbe3ad5afb27e380417	test/opaque.sml		doc/license/GPL-LICENSE;doc/license/MLKit-LICENSE;doc/license/SMLNJ-LICENSE	test/Makefile;test/README;test/all.tst;test_dev/Makefile	regression or support source outside the benchmark families; test/all.tst and test_dev/Makefile distinguish compiler/Basis tests
mlkit	test/opaque2.sml	opaque2	opaque2	-	exclude	kernel		Mads. Problem fixed ME 1999-02-19.	7ebdfe67be7deb683eab191713f7f6db11c98d34ca23d436868f00db1eb55f36	test/opaque2.sml		doc/license/GPL-LICENSE;doc/license/MLKit-LICENSE;doc/license/SMLNJ-LICENSE	test/Makefile;test/README;test/all.tst;test_dev/Makefile	regression or support source outside the benchmark families; test/all.tst and test_dev/Makefile distinguish compiler/Basis tests
mlkit	test/opaque3.sml	opaque3	opaque3	-	exclude	kernel		not stated in scanned source headers	1fe9709a802f09481a4a1c5c72e488264378a8528ed925ef9f2ad24c5064f994	test/opaque3.sml		doc/license/GPL-LICENSE;doc/license/MLKit-LICENSE;doc/license/SMLNJ-LICENSE	test/Makefile;test/README;test/all.tst;test_dev/Makefile	regression or support source outside the benchmark families; test/all.tst and test_dev/Makefile distinguish compiler/Basis tests
mlkit	test/packreal.sml	packreal	packreal	-	exclude	calls-recursion		not stated in scanned source headers	1f93962affc0d7c26e31c53edba3ac09c79179da3107ad7ccf1dcdba2335b0a2	test/packreal.sml		doc/license/GPL-LICENSE;doc/license/MLKit-LICENSE;doc/license/SMLNJ-LICENSE	test/Makefile;test/README;test/all.tst;test_dev/Makefile	regression or support source outside the benchmark families; test/all.tst and test_dev/Makefile distinguish compiler/Basis tests
mlkit	test/packreal2.sml	packreal2	packreal2	-	exclude	calls-recursion		not stated in scanned source headers	e9528e9a3aa9eeddeb0c1342a403a4cab90da3f9ce6c7e578aa16542180584f6	test/packreal2.sml		doc/license/GPL-LICENSE;doc/license/MLKit-LICENSE;doc/license/SMLNJ-LICENSE	test/Makefile;test/README;test/all.tst;test_dev/Makefile	regression or support source outside the benchmark families; test/all.tst and test_dev/Makefile distinguish compiler/Basis tests
mlkit	test/packreal3.sml	packreal3	packreal3	-	exclude	calls-recursion		not stated in scanned source headers	dcd7378074863b73166c578217d1d217f979c65447d2e904e4ef98c47b2771bf	test/packreal3.sml		doc/license/GPL-LICENSE;doc/license/MLKit-LICENSE;doc/license/SMLNJ-LICENSE	test/Makefile;test/README;test/all.tst;test_dev/Makefile	regression or support source outside the benchmark families; test/all.tst and test_dev/Makefile distinguish compiler/Basis tests
mlkit	test/pat.sml	pat	pat	-	exclude	kernel		not stated in scanned source headers	5aa8c018e63716fd9a8a883b835453b412d726462dc5aeb6c9aecd3dca66f84a	test/pat.sml		doc/license/GPL-LICENSE;doc/license/MLKit-LICENSE;doc/license/SMLNJ-LICENSE	test/Makefile;test/README;test/all.tst;test_dev/Makefile	regression or support source outside the benchmark families; test/all.tst and test_dev/Makefile distinguish compiler/Basis tests
mlkit	test/pathvalid.sml	pathvalid	pathvalid	-	exclude	kernel		not stated in scanned source headers	cb108f474f1f2810bc2a07a2eb2fa20a866398998b2b97545a6211d10b2f4dd6	test/pathvalid.sml		doc/license/GPL-LICENSE;doc/license/MLKit-LICENSE;doc/license/SMLNJ-LICENSE	test/Makefile;test/README;test/all.tst;test_dev/Makefile	regression or support source outside the benchmark families; test/all.tst and test_dev/Makefile distinguish compiler/Basis tests
mlkit	test/patricia.sml	patricia	patricia	-	exclude	integer-arithmetic		not stated in scanned source headers	aa037ff06279b479ad0fa5046ba2048ebf223cf5de18f1b2479ea86471c73164	test/patricia.sml		doc/license/GPL-LICENSE;doc/license/MLKit-LICENSE;doc/license/SMLNJ-LICENSE	test/Makefile;test/README;test/all.tst;test_dev/Makefile	regression or support source outside the benchmark families; test/all.tst and test_dev/Makefile distinguish compiler/Basis tests
mlkit	test/peek.sml	peek	peek-mlkit	M2	import	kernel	mlkit:test/peek_smlnj.sml;mlton:benchmark/tests/peek.sml	Stephen Weeks (sweeks@acm.org).	8c43a2a303d5f00e0cae6c1bfedc172311be8631ea248763850b1b94e6d170ff	test/peek.sml		doc/license/GPL-LICENSE;doc/license/MLKit-LICENSE;doc/license/SMLNJ-LICENSE;test/peek.sml:header	test/Makefile;test/README;test/all.tst;test_dev/Makefile	portable workload; retain algorithm and review driver, numeric assumptions, fixtures and notices before import
mlkit	test/peek_smlnj.sml	peek_smlnj	peek_smlnj	M2	duplicate	kernel	mlkit:test/peek.sml;mlton:benchmark/tests/peek.sml	Stephen Weeks (sweeks@acm.org).	578c2cd86901fb3b2ca0b383ba2d5a6db5af11ad9741784a6d99f173e034d525	test/peek_smlnj.sml		doc/license/GPL-LICENSE;doc/license/MLKit-LICENSE;doc/license/SMLNJ-LICENSE;test/peek_smlnj.sml:header	test/Makefile;test/README;test/all.tst;test_dev/Makefile	same complete kernel and hardcoded parameters as test/peek.sml; only the reviewed top-level invocation/export adapter differs; share that implementation and retain both provenance paths
mlkit	test/perm.mlb	perm	perm	-	exclude	kernel	mlkit:test/perm.sml	not stated in scanned source headers	1825fa1ad090e1923a10ff0559f03e59b4361ec57eb0ac7fb2cb38fb53e4b789	test/perm.mlb;test/perm.sml;test/perm1.sml		doc/license/GPL-LICENSE;doc/license/MLKit-LICENSE;doc/license/SMLNJ-LICENSE	test/Makefile;test/README;test/all.tst;test_dev/Makefile	type-inference project containing only declarations from perm1.sml and perm.sml; no computation or timed invocation
mlkit	test/perm.sml	perm	perm	-	exclude	kernel	mlkit:test/perm.mlb	not stated in scanned source headers	5dd26bd1f6c02309ad696855caf03fdbf32ccd229e0ebf76a31352bc0d61bd6b	test/perm.sml		doc/license/GPL-LICENSE;doc/license/MLKit-LICENSE;doc/license/SMLNJ-LICENSE	test/Makefile;test/README;test/all.tst;test_dev/Makefile	declarations for the perm.mlb type-inference case; prj/findSome are never invoked, not a benchmark workload
mlkit	test/perm1.sml	perm1	perm1	-	exclude	kernel		not stated in scanned source headers	04877523126ce6171c2a39425d8c95551546c96f0a4e81ed10f449bdd99812b3	test/perm1.sml		doc/license/GPL-LICENSE;doc/license/MLKit-LICENSE;doc/license/SMLNJ-LICENSE	test/Makefile;test/README;test/all.tst;test_dev/Makefile	composePartial helper declaration for perm.mlb, without a workload invocation
mlkit	test/pickle.mlb	pickle	pickle	-	exclude	application	mlkit:test/pickle.sml	John Reppy, AT&T Bell Laboratories, Murray Hill, NJ 07974;the ML Kit Runtime System	35e48a52647859f17d352cf0f91e868a4b061efc5bd5deb1fa99885dbdf576b0	test/POLYHASH.sig;test/Polyhash.sml;test/eqhashdyn2.sml;test/pickle.mlb;test/pickle.sig;test/pickle.sml;test/pickletest.sml;test/stream.sig;test/stream.sml		doc/license/GPL-LICENSE;doc/license/MLKit-LICENSE;doc/license/SMLNJ-LICENSE;test/POLYHASH.sig:header;test/Polyhash.sml:header;test/eqhashdyn2.sml:header;test/pickle.mlb:header;test/pickle.sig:header;test/pickle.sml:header;test/stream.sig:header;test/stream.sml:header	test/Makefile;test/README;test/all.tst;test_dev/Makefile	regression or support source outside the benchmark families; test/all.tst and test_dev/Makefile distinguish compiler/Basis tests
mlkit	test/pickle.sml	pickle	pickle	-	exclude	application	mlkit:test/pickle.mlb	not stated in scanned source headers	3d78a3da0d0f92a2adaaa98224d03b0405556ee80d26c9b81fa1510e9041de4e	test/pickle.sml		doc/license/GPL-LICENSE;doc/license/MLKit-LICENSE;doc/license/SMLNJ-LICENSE;test/pickle.sml:header	test/Makefile;test/README;test/all.tst;test_dev/Makefile	regression or support source outside the benchmark families; test/all.tst and test_dev/Makefile distinguish compiler/Basis tests
mlkit	test/pickletest.mlb	pickletest	pickletest	-	exclude	kernel	mlkit:test/pickletest.sml	not stated in scanned source headers	8d35f03afb763044f01993b5a2b23eec153bedcd16c22c1dd73b581e4f85ea76	test/pickle.mlb;test/pickletest.mlb;test/pickletest.sml		doc/license/GPL-LICENSE;doc/license/MLKit-LICENSE;doc/license/SMLNJ-LICENSE;test/pickle.mlb:header	test/Makefile;test/README;test/all.tst;test_dev/Makefile	regression or support source outside the benchmark families; test/all.tst and test_dev/Makefile distinguish compiler/Basis tests
mlkit	test/pickletest.sml	pickletest	pickletest	-	exclude	kernel	mlkit:test/pickletest.mlb	not stated in scanned source headers	8e03b6b86b5d92884d1e888317d8e9f5f0b3fe7cff7c60051c6a8d463a402d75	test/pickletest.sml		doc/license/GPL-LICENSE;doc/license/MLKit-LICENSE;doc/license/SMLNJ-LICENSE	test/Makefile;test/README;test/all.tst;test_dev/Makefile	regression or support source outside the benchmark families; test/all.tst and test_dev/Makefile distinguish compiler/Basis tests
mlkit	test/poll.sml	poll	poll	-	exclude	kernel		not stated in scanned source headers	e5b18a7ed59260ceab1bbca2b73e20e4195be306fa93bf310c641faeed012d09	test/poll.sml		doc/license/GPL-LICENSE;doc/license/MLKit-LICENSE;doc/license/SMLNJ-LICENSE	test/Makefile;test/README;test/all.tst;test_dev/Makefile	regression or support source outside the benchmark families; test/all.tst and test_dev/Makefile distinguish compiler/Basis tests
mlkit	test/posix.sml	posix	posix	-	exclude	kernel		not stated in scanned source headers	91e3bb618b360dce40d237d70e99c2ac1c63845fe0bc32bb6f6f80a97f1b5f99	test/posix.sml	test/posix.sml	doc/license/GPL-LICENSE;doc/license/MLKit-LICENSE;doc/license/SMLNJ-LICENSE	test/Makefile;test/README;test/all.tst;test_dev/Makefile	regression or support source outside the benchmark families; test/all.tst and test_dev/Makefile distinguish compiler/Basis tests
mlkit	test/professor.sml	professor	professor	M2	defer	kernel		not stated in scanned source headers	309ad8f265d20efee0c74f7e3017f01c592e54768fd3f9963ea31caa2e089121	test/professor.sml		doc/license/GPL-LICENSE;doc/license/MLKit-LICENSE;doc/license/SMLNJ-LICENSE	test/Makefile;test/README;test/all.tst;test_dev/Makefile	calls ML Kit region-reset controls; removing these changes the measured storage policy; reconsider with equivalent region lifetime controls, and retain portable algorithm variants separately
mlkit	test/professor2.sml	professor2	professor2	M2	import	kernel	mlkit:test/professor2_smlnj.sml;mlkit:test/professor2_tp.sml	not stated in scanned source headers	2f9b7492a289826d10cf0ef3546a96ca0b5f0a269b016f70b99ca9d67af727e0	test/professor2.sml		doc/license/GPL-LICENSE;doc/license/MLKit-LICENSE;doc/license/SMLNJ-LICENSE	test/Makefile;test/README;test/all.tst;test_dev/Makefile	portable workload; retain algorithm and review driver, numeric assumptions, fixtures and notices before import
mlkit	test/professor2_smlnj.sml	professor2_smlnj	professor2_smlnj	M2	duplicate	kernel	mlkit:test/professor2.sml;mlkit:test/professor2_tp.sml	not stated in scanned source headers	09d36156217237bad098ae39d9ebad81f3c39896973a9f49719e583e5ae5c111	test/professor2_smlnj.sml		doc/license/GPL-LICENSE;doc/license/MLKit-LICENSE;doc/license/SMLNJ-LICENSE	test/Makefile;test/README;test/all.tst;test_dev/Makefile	same complete professor2 search, sixteen-card dataset and one-solve workload as test/professor2.sml; only opaque Main packaging and the callable invocation adapter differ; retain the alias source under professor2
mlkit	test/professor2_tp.sml	professor2_tp	professor2_tp	M2	import	kernel	mlkit:test/professor2.sml;mlkit:test/professor2_smlnj.sml	not stated in scanned source headers	0cea36634647ce4070c95c28b831359d9bba519b82d0f772ce674f6b73ed48bf	test/professor2_tp.sml		doc/license/GPL-LICENSE;doc/license/MLKit-LICENSE;doc/license/SMLNJ-LICENSE	test/Makefile;test/README;test/all.tst;test_dev/Makefile	portable workload; retain algorithm and review driver, numeric assumptions, fixtures and notices before import
mlkit	test/professor_game.sml	professor_game	professor_game	M2	import	kernel	mlkit:test_dev/professor_game.sml	not stated in scanned source headers	acb0a418d3a543fc6d0bb0b847d2d58a42f96769f94d65e04590de2e72e419de	test/professor_game.sml		doc/license/GPL-LICENSE;doc/license/MLKit-LICENSE;doc/license/SMLNJ-LICENSE	test/Makefile;test/README;test/all.tst;test_dev/Makefile	portable workload; retain algorithm and review driver, numeric assumptions, fixtures and notices before import
mlkit	test/psdes-random.sml	psdes-random	psdes-random-mlkit	M2	import	kernel	mlkit:test/psdes-random_smlnj.sml;mlton:benchmark/tests/psdes-random.sml	Stephen Weeks (sweeks@acm.org).	d5c4b5595f9906354eebfe60e1eb84c68c717f426cfc583e546212995ec038d0	test/psdes-random.sml		doc/license/GPL-LICENSE;doc/license/MLKit-LICENSE;doc/license/SMLNJ-LICENSE;test/psdes-random.sml:header	test/Makefile;test/README;test/all.tst;test_dev/Makefile	portable workload; retain algorithm and review driver, numeric assumptions, fixtures and notices before import
mlkit	test/psdes-random_smlnj.sml	psdes-random_smlnj	psdes-random_smlnj	M2	duplicate	kernel	mlkit:test/psdes-random.sml;mlton:benchmark/tests/psdes-random.sml	Stephen Weeks (sweeks@acm.org).	30b6b48d270df79d7d97740b4a1925918b9b99874560f770c1e47783b88059e3	test/psdes-random_smlnj.sml		doc/license/GPL-LICENSE;doc/license/MLKit-LICENSE;doc/license/SMLNJ-LICENSE;test/psdes-random_smlnj.sml:header	test/Makefile;test/README;test/all.tst;test_dev/Makefile	same complete kernel and hardcoded parameters as test/psdes-random.sml; only the reviewed top-level invocation/export adapter differs; share that implementation and retain both provenance paths
mlkit	test/pseudokit.sml	pseudokit	pseudokit	-	exclude	kernel		not stated in scanned source headers	e2b29af1fd59d734b612b77d71bddb8bf1bd012382bd4fa8e453f6f8312e4d66	test/pseudokit.sml		doc/license/GPL-LICENSE;doc/license/MLKit-LICENSE;doc/license/SMLNJ-LICENSE	test/Makefile;test/README;test/all.tst;test_dev/Makefile	module/type-sharing compiler regression declaring miniature Set/FinMap/Tools/Basics functors and one instantiation; no Pseudoknot calculation, input or timed workload despite its filename
mlkit	test/rank.sml	rank	rank	-	exclude	kernel		not stated in scanned source headers	c4191bce08a414881aae740f5dd9bae606425c16e05b368b31dc40a460f4fdd3	test/rank.sml		doc/license/GPL-LICENSE;doc/license/MLKit-LICENSE;doc/license/SMLNJ-LICENSE	test/Makefile;test/README;test/all.tst;test_dev/Makefile	regression or support source outside the benchmark families; test/all.tst and test_dev/Makefile distinguish compiler/Basis tests
mlkit	test/ratio-regions.sml	ratio-regions	ratio-regions-mlkit	M2	import	application	mlkit:test/ratio-regions_smlnj.sml;mlkit:test/ratio-regions_tp.sml;mlton:benchmark/tests/ratio-regions.sml;smlnj:programs/ratio-regions	not stated in scanned source headers	0ca3a0eab7c8b357bfbc7923c3dda734e419753426dc58832e5230de6336de0c	test/ratio-regions.sml		doc/license/GPL-LICENSE;doc/license/MLKit-LICENSE;doc/license/SMLNJ-LICENSE	test/Makefile;test/README;test/all.tst;test_dev/Makefile	portable workload; retain algorithm and review driver, numeric assumptions, fixtures and notices before import
mlkit	test/ratio-regions_smlnj.sml	ratio-regions_smlnj	ratio-regions_smlnj	M2	duplicate	application	mlkit:test/ratio-regions.sml;mlkit:test/ratio-regions_tp.sml;mlton:benchmark/tests/ratio-regions.sml;smlnj:programs/ratio-regions	not stated in scanned source headers	71805924613a31029b645cda1c4c7aef6ac0d0cdb545fce95ccf850c88a104bc	test/ratio-regions_smlnj.sml		doc/license/GPL-LICENSE;doc/license/MLKit-LICENSE;doc/license/SMLNJ-LICENSE	test/Makefile;test/README;test/all.tst;test_dev/Makefile	same complete kernel and hardcoded parameters as test/ratio-regions.sml; only the reviewed top-level invocation/export adapter differs; share that implementation and retain both provenance paths
mlkit	test/ratio-regions_tp.sml	ratio-regions_tp	ratio-regions_tp	M2	import	application	mlkit:test/ratio-regions.sml;mlkit:test/ratio-regions_smlnj.sml;mlton:benchmark/tests/ratio-regions.sml;smlnj:programs/ratio-regions	not stated in scanned source headers	01299ce8270c83783efa681f36495520d1b0f0c4f00146f3c258f3529dbe5a71	test/ratio-regions_tp.sml		doc/license/GPL-LICENSE;doc/license/MLKit-LICENSE;doc/license/SMLNJ-LICENSE	test/Makefile;test/README;test/all.tst;test_dev/Makefile	portable workload; retain algorithm and review driver, numeric assumptions, fixtures and notices before import
mlkit	test/ray.mlb	ray	ray	-	exclude	numerical	mlton:benchmark/tests/ray.sml;nofib:parallel/ray;smlnj:programs/ray	not stated in scanned source headers	e24b8e91b9c25b50373e2991249d8a6324f01dea6300c637da72bfa67f701b1f	test/ray/sources.mlb;test/ray.mlb		doc/license/GPL-LICENSE;doc/license/MLKit-LICENSE;doc/license/SMLNJ-LICENSE	test/Makefile;test/README;test/all.tst;test_dev/Makefile	regression or support source outside the benchmark families; test/all.tst and test_dev/Makefile distinguish compiler/Basis tests
mlkit	test/raytrace.sml	raytrace	raytrace	M2	duplicate	numerical	mlkit:test/raytrace_smlnj.sml;mlton:benchmark/tests/raytrace.sml	Stephen Weeks (sweeks@acm.org) 2000-10-11 from the PLClub OCaml	8c1b65244b335cdaccf80ac80ac9a82bda5496555ff3da0c525756a04c31ba44	test/raytrace.sml		doc/license/GPL-LICENSE;doc/license/MLKit-LICENSE;doc/license/SMLNJ-LICENSE;test/raytrace.sml:header	test/Makefile;test/README;test/all.tst;test_dev/Makefile	same full PLClub chess-scene renderer as mlton:benchmark/tests/raytrace.sml; only legacy Byte.unpackString tuple and unchecked lexer Vector/CharVector access differ, with both mapped to the same SML97 checked calls in the portable port; one-call launcher retained as provenance under raytrace
mlkit	test/raytrace_smlnj.sml	raytrace_smlnj	raytrace_smlnj	M2	duplicate	numerical	mlkit:test/raytrace.sml;mlton:benchmark/tests/raytrace.sml	Stephen Weeks (sweeks@acm.org) 2000-10-11 from the PLClub OCaml	362d5ec8999661eb460518ea10810ccc10a17d734113cec473b7cb57b22d1a55	test/raytrace_smlnj.sml		doc/license/GPL-LICENSE;doc/license/MLKit-LICENSE;doc/license/SMLNJ-LICENSE;test/raytrace_smlnj.sml:header	test/Makefile;test/README;test/all.tst;test_dev/Makefile	same complete kernel and hardcoded parameters as test/raytrace.sml; only the reviewed top-level invocation/export adapter differs; share that implementation and retain both provenance paths
mlkit	test/real.sml	real	real	-	exclude	integer-arithmetic		not stated in scanned source headers	e83fd8b2d7af9d7f028d91e70bf9f2ccfe0fa46fc71cbe3c03dc809e2f29f20e	test/real.sml		doc/license/GPL-LICENSE;doc/license/MLKit-LICENSE;doc/license/SMLNJ-LICENSE	test/Makefile;test/README;test/all.tst;test_dev/Makefile	regression or support source outside the benchmark families; test/all.tst and test_dev/Makefile distinguish compiler/Basis tests
mlkit	test/real64array.sml	real64array	real64array	-	exclude	numerical		not stated in scanned source headers	b1aad968eec51c80e3578d53f8c07f8679f6703f963f4db88d7e0079aef44b99	test/real64array.sml		doc/license/GPL-LICENSE;doc/license/MLKit-LICENSE;doc/license/SMLNJ-LICENSE	test/Makefile;test/README;test/all.tst;test_dev/Makefile	regression or support source outside the benchmark families; test/all.tst and test_dev/Makefile distinguish compiler/Basis tests
mlkit	test/real64vector.sml	real64vector	real64vector	-	exclude	kernel		not stated in scanned source headers	21d47b00873928fb921626e18848ec572772b278977d1f89704aec73f6b6bf59	test/real64vector.sml		doc/license/GPL-LICENSE;doc/license/MLKit-LICENSE;doc/license/SMLNJ-LICENSE	test/Makefile;test/README;test/all.tst;test_dev/Makefile	regression or support source outside the benchmark families; test/all.tst and test_dev/Makefile distinguish compiler/Basis tests
mlkit	test/real_match.sml	real_match	real_match	-	exclude	kernel		not stated in scanned source headers	168eb8d37cdc74dbcad9ae73ce027547c2c9450b8f828dd0fbd3cf0f2674f142	test/real_match.sml		doc/license/GPL-LICENSE;doc/license/MLKit-LICENSE;doc/license/SMLNJ-LICENSE	test/Makefile;test/README;test/all.tst;test_dev/Makefile	regression or support source outside the benchmark families; test/all.tst and test_dev/Makefile distinguish compiler/Basis tests
mlkit	test/realarray2.sml	realarray2	realarray2	-	exclude	numerical		not stated in scanned source headers	f63340c5b332efc12dcba7f3b056ff3cc01bab3486bbb641b9335f266144c34c	test/realarray2.sml		doc/license/GPL-LICENSE;doc/license/MLKit-LICENSE;doc/license/SMLNJ-LICENSE	test/Makefile;test/README;test/all.tst;test_dev/Makefile	regression or support source outside the benchmark families; test/all.tst and test_dev/Makefile distinguish compiler/Basis tests
mlkit	test/realdecimal.sml	realdecimal	realdecimal	-	exclude	kernel		not stated in scanned source headers	4c181da5d2cdadab36dbdcf5fcfb7ad4468b68bdf70a6816e4fdfdee7492901e	test/realdecimal.sml		doc/license/GPL-LICENSE;doc/license/MLKit-LICENSE;doc/license/SMLNJ-LICENSE	test/Makefile;test/README;test/all.tst;test_dev/Makefile	regression or support source outside the benchmark families; test/all.tst and test_dev/Makefile distinguish compiler/Basis tests
mlkit	test/realdomain.sml	realdomain	realdomain	-	exclude	kernel		not stated in scanned source headers	77e744d4350d164820ff077c15b1dd068136de0b03dba6b8373b5ef018fd1eae	test/realdomain.sml		doc/license/GPL-LICENSE;doc/license/MLKit-LICENSE;doc/license/SMLNJ-LICENSE	test/Makefile;test/README;test/all.tst;test_dev/Makefile	regression or support source outside the benchmark families; test/all.tst and test_dev/Makefile distinguish compiler/Basis tests
mlkit	test/realfmt.sml	realfmt	realfmt	-	exclude	kernel		not stated in scanned source headers	e435706bbc80b0b518dc4dc68862857030a726037711819fd447e3a56a6a8531	test/realfmt.sml		doc/license/GPL-LICENSE;doc/license/MLKit-LICENSE;doc/license/SMLNJ-LICENSE	test/Makefile;test/README;test/all.tst;test_dev/Makefile	regression or support source outside the benchmark families; test/all.tst and test_dev/Makefile distinguish compiler/Basis tests
mlkit	test/realnan.sml	realnan	realnan	-	exclude	kernel		not stated in scanned source headers	9ea6e13102c2d407c01aa168cccaf2066b32f2fcb90a0a5ff1227a179e641c6d	test/realnan.sml		doc/license/GPL-LICENSE;doc/license/MLKit-LICENSE;doc/license/SMLNJ-LICENSE	test/Makefile;test/README;test/all.tst;test_dev/Makefile	regression or support source outside the benchmark families; test/all.tst and test_dev/Makefile distinguish compiler/Basis tests
mlkit	test/realsign.sml	realsign	realsign	-	exclude	kernel		not stated in scanned source headers	334c6851437e66ebbc6b2dc878dc30cae5a24e45a94007042fcf7fe2c1e69cb8	test/realsign.sml		doc/license/GPL-LICENSE;doc/license/MLKit-LICENSE;doc/license/SMLNJ-LICENSE	test/Makefile;test/README;test/all.tst;test_dev/Makefile	regression or support source outside the benchmark families; test/all.tst and test_dev/Makefile distinguish compiler/Basis tests
mlkit	test/realspecial.sml	realspecial	realspecial	-	exclude	kernel		not stated in scanned source headers	23d44533a275a318ce3d0e9ee5319771e33d541c91d888e731c8f33169d3c31c	test/realspecial.sml		doc/license/GPL-LICENSE;doc/license/MLKit-LICENSE;doc/license/SMLNJ-LICENSE	test/Makefile;test/README;test/all.tst;test_dev/Makefile	regression or support source outside the benchmark families; test/all.tst and test_dev/Makefile distinguish compiler/Basis tests
mlkit	test/regexp.sml	regexp	regexp	-	exclude	kernel		not stated in scanned source headers	5862aae19cedf39a275bbf43e64c6cfa1d37662191ca88e305211a634ebb7c38	test/regexp.sml		doc/license/GPL-LICENSE;doc/license/MLKit-LICENSE;doc/license/SMLNJ-LICENSE	test/Makefile;test/README;test/all.tst;test_dev/Makefile	regression or support source outside the benchmark families; test/all.tst and test_dev/Makefile distinguish compiler/Basis tests
mlkit	test/regexp1.mlb	regexp1	regexp1	-	exclude	kernel	mlkit:test/regexp1.sml	not stated in scanned source headers	db43e202771f5e2f28546045d16520faa8867034b65d216490810c2699606ab8	test/regexp1.mlb;test/regexp1.sml		doc/license/GPL-LICENSE;doc/license/MLKit-LICENSE;doc/license/SMLNJ-LICENSE	test/Makefile;test/README;test/all.tst;test_dev/Makefile	regression or support source outside the benchmark families; test/all.tst and test_dev/Makefile distinguish compiler/Basis tests
mlkit	test/regexp1.sml	regexp1	regexp1	-	exclude	kernel	mlkit:test/regexp1.mlb	not stated in scanned source headers	d8334873f7a2ffe9de52a43cd42d1b219c5c00194d8bf3eb220c3c58fc4c802b	test/regexp1.sml		doc/license/GPL-LICENSE;doc/license/MLKit-LICENSE;doc/license/SMLNJ-LICENSE	test/Makefile;test/README;test/all.tst;test_dev/Makefile	regression or support source outside the benchmark families; test/all.tst and test_dev/Makefile distinguish compiler/Basis tests
mlkit	test/regexp2.mlb	regexp2	regexp2	-	exclude	kernel	mlkit:test/regexp2.sml	not stated in scanned source headers	7416a596a8afb525aa7a67b0ea17c54aefb8bd4c2e665822ae3bebd2321c0a5a	test/regexp2.mlb;test/regexp2.sml		doc/license/GPL-LICENSE;doc/license/MLKit-LICENSE;doc/license/SMLNJ-LICENSE	test/Makefile;test/README;test/all.tst;test_dev/Makefile	regression or support source outside the benchmark families; test/all.tst and test_dev/Makefile distinguish compiler/Basis tests
mlkit	test/regexp2.sml	regexp2	regexp2	-	exclude	kernel	mlkit:test/regexp2.mlb	not stated in scanned source headers	39d5f1a44b25c55b5e9c24a8a9f1d781ece2231c5b2272499ff5c4902f6623db	test/regexp2.sml		doc/license/GPL-LICENSE;doc/license/MLKit-LICENSE;doc/license/SMLNJ-LICENSE	test/Makefile;test/README;test/all.tst;test_dev/Makefile	regression or support source outside the benchmark families; test/all.tst and test_dev/Makefile distinguish compiler/Basis tests
mlkit	test/req.sml	req	req	-	exclude	kernel		not stated in scanned source headers	55ed2a9d902ca039538f422966ec5df7a2dc6d379bbf5ebadaeeef69d26be61c	test/req.sml		doc/license/GPL-LICENSE;doc/license/MLKit-LICENSE;doc/license/SMLNJ-LICENSE	test/Makefile;test/README;test/all.tst;test_dev/Makefile	regression or support source outside the benchmark families; test/all.tst and test_dev/Makefile distinguish compiler/Basis tests
mlkit	test/seltuptup.sml	seltuptup	seltuptup	-	exclude	kernel		not stated in scanned source headers	df793b1ac3b5a5c51f905f2728a38a13d0550d1d8c65104f873abe83de022c2b	test/seltuptup.sml		doc/license/GPL-LICENSE;doc/license/MLKit-LICENSE;doc/license/SMLNJ-LICENSE	test/Makefile;test/README;test/all.tst;test_dev/Makefile	regression or support source outside the benchmark families; test/all.tst and test_dev/Makefile distinguish compiler/Basis tests
mlkit	test/server.mlb	server	server	-	exclude	kernel	mlkit:test/server.sml	not stated in scanned source headers	9f725ac4aacf0be92f67ea5d7b3787ec9f3d5c340728abe462a106787993f999	test/server.mlb;test/server.sml		doc/license/GPL-LICENSE;doc/license/MLKit-LICENSE;doc/license/SMLNJ-LICENSE	test/Makefile;test/README;test/all.tst;test_dev/Makefile	regression or support source outside the benchmark families; test/all.tst and test_dev/Makefile distinguish compiler/Basis tests
mlkit	test/server.sml	server	server	-	exclude	kernel	mlkit:test/server.mlb	not stated in scanned source headers	19fb95dbad9ebbe8f461929f963c7b10b9a6c9135e8e270392176ca42bd6d837	test/server.sml		doc/license/GPL-LICENSE;doc/license/MLKit-LICENSE;doc/license/SMLNJ-LICENSE	test/Makefile;test/README;test/all.tst;test_dev/Makefile	regression or support source outside the benchmark families; test/all.tst and test_dev/Makefile distinguish compiler/Basis tests
mlkit	test/setposout.sml	setposout	setposout	-	exclude	kernel		not stated in scanned source headers	b880a3e2d3f85233db5f528c32041b48bfb0daf5e7f2ecaf7ab53d8a6ab4f950	test/setposout.sml		doc/license/GPL-LICENSE;doc/license/MLKit-LICENSE;doc/license/SMLNJ-LICENSE	test/Makefile;test/README;test/all.tst;test_dev/Makefile	regression or support source outside the benchmark families; test/all.tst and test_dev/Makefile distinguish compiler/Basis tests
mlkit	test/sharing.sml	sharing	sharing	-	exclude	kernel		not stated in scanned source headers	cd4f1d9c0831c1400e414d4e277f99cf1acc3f1039bc4f698ba50da4a9832c79	test/sharing.sml		doc/license/GPL-LICENSE;doc/license/MLKit-LICENSE;doc/license/SMLNJ-LICENSE	test/Makefile;test/README;test/all.tst;test_dev/Makefile	regression or support source outside the benchmark families; test/all.tst and test_dev/Makefile distinguish compiler/Basis tests
mlkit	test/sigs-avail.sml	sigs-avail	sigs-avail	-	exclude	kernel		not stated in scanned source headers	02a7c0d992719f094671acc88059eaf99186b3fbfa11adb5baa88771f130ce05	test/sigs-avail.sml		doc/license/GPL-LICENSE;doc/license/MLKit-LICENSE;doc/license/SMLNJ-LICENSE	test/Makefile;test/README;test/all.tst;test_dev/Makefile	regression or support source outside the benchmark families; test/all.tst and test_dev/Makefile distinguish compiler/Basis tests
mlkit	test/sigs.sml	sigs	sigs	-	exclude	kernel		not stated in scanned source headers	e9930fab2543c6b11efdf246e9d95eefb7626d6941a7d163c7f4b14ae1d3891a	test/sigs.sml		doc/license/GPL-LICENSE;doc/license/MLKit-LICENSE;doc/license/SMLNJ-LICENSE	test/Makefile;test/README;test/all.tst;test_dev/Makefile	regression or support source outside the benchmark families; test/all.tst and test_dev/Makefile distinguish compiler/Basis tests
mlkit	test/slicebounds.sml	slicebounds	slicebounds	-	exclude	kernel		not stated in scanned source headers	1e6cdbd154dc2a5e0da7719147d25baa7c0aa67f90de262bbc97b58681dee3e9	test/slicebounds.sml		doc/license/GPL-LICENSE;doc/license/MLKit-LICENSE;doc/license/SMLNJ-LICENSE	test/Makefile;test/README;test/all.tst;test_dev/Makefile	regression or support source outside the benchmark families; test/all.tst and test_dev/Makefile distinguish compiler/Basis tests
mlkit	test/sma.sml	sma	sma	-	exclude	kernel		not stated in scanned source headers	090ab128dfae54bb60afa8401b764f12145f0784aed4255c4b16795da57a18b4	test/sma.sml		doc/license/GPL-LICENSE;doc/license/MLKit-LICENSE;doc/license/SMLNJ-LICENSE	test/Makefile;test/README;test/all.tst;test_dev/Makefile	regression or support source outside the benchmark families; test/all.tst and test_dev/Makefile distinguish compiler/Basis tests
mlkit	test/smith-normal-form.sml	smith-normal-form	smith-normal-form-mlkit	M2	import	integer-arithmetic	mlkit:test/smith-normal-form_smlnj.sml;mlton:benchmark/tests/smith-normal-form.sml;smlnj:programs/smith-nf	Henry Cejtin (henry@sourcelight.com).	1bc7559cafd53801fdd5da8f09a0882e20aeca60aa10070a2fe8b38f11114cde	test/smith-normal-form.sml		doc/license/GPL-LICENSE;doc/license/MLKit-LICENSE;doc/license/SMLNJ-LICENSE;test/smith-normal-form.sml:header	test/Makefile;test/README;test/all.tst;test_dev/Makefile	portable workload; retain algorithm and review driver, numeric assumptions, fixtures and notices before import
mlkit	test/smith-normal-form_smlnj.sml	smith-normal-form_smlnj	smith-normal-form_smlnj	M2	duplicate	integer-arithmetic	mlkit:test/smith-normal-form.sml;mlton:benchmark/tests/smith-normal-form.sml;smlnj:programs/smith-nf	Henry Cejtin (henry@sourcelight.com).	99caa1a35ea683965e801343bfd4a34ec984ad34b2e1385bf325f254225b4343	test/smith-normal-form_smlnj.sml		doc/license/GPL-LICENSE;doc/license/MLKit-LICENSE;doc/license/SMLNJ-LICENSE;test/smith-normal-form_smlnj.sml:header	test/Makefile;test/README;test/all.tst;test_dev/Makefile	same complete kernel and hardcoded parameters as test/smith-normal-form.sml; only the reviewed top-level invocation/export adapter differs; share that implementation and retain both provenance paths
mlkit	test/stream.mlb	stream	stream	-	exclude	kernel	mlkit:test/stream.sml	not stated in scanned source headers	b611127429e6e1fba84bdb5942ee2f238f77e1c2ff1cdba084942195ffda6b48	test/stream.mlb;test/stream.sig;test/stream.sml;test/streamtest.sml		doc/license/GPL-LICENSE;doc/license/MLKit-LICENSE;doc/license/SMLNJ-LICENSE;test/stream.sig:header;test/stream.sml:header	test/Makefile;test/README;test/all.tst;test_dev/Makefile	regression or support source outside the benchmark families; test/all.tst and test_dev/Makefile distinguish compiler/Basis tests
mlkit	test/stream.sml	stream	stream	-	exclude	kernel	mlkit:test/stream.mlb	not stated in scanned source headers	7d1519476a85e951e552ae23c6f85c34e6d1e2551261ccc8817fa4b662f91b03	test/stream.sml		doc/license/GPL-LICENSE;doc/license/MLKit-LICENSE;doc/license/SMLNJ-LICENSE;test/stream.sml:header	test/Makefile;test/README;test/all.tst;test_dev/Makefile	regression or support source outside the benchmark families; test/all.tst and test_dev/Makefile distinguish compiler/Basis tests
mlkit	test/streamtest.sml	streamtest	streamtest	-	exclude	kernel		not stated in scanned source headers	355fb6908cb012e2f362b29c93f717c391bc96c426a0821b10dff9d534a60fa2	test/streamtest.sml		doc/license/GPL-LICENSE;doc/license/MLKit-LICENSE;doc/license/SMLNJ-LICENSE	test/Makefile;test/README;test/all.tst;test_dev/Makefile	regression or support source outside the benchmark families; test/all.tst and test_dev/Makefile distinguish compiler/Basis tests
mlkit	test/string.sml	string	string	-	exclude	kernel		not stated in scanned source headers	af43a81529c9ba85c1a7a17cb56f2e4cd2622f02781b3e19a1128dae4d99977c	test/string.sml		doc/license/GPL-LICENSE;doc/license/MLKit-LICENSE;doc/license/SMLNJ-LICENSE	test/Makefile;test/README;test/all.tst;test_dev/Makefile	regression or support source outside the benchmark families; test/all.tst and test_dev/Makefile distinguish compiler/Basis tests
mlkit	test/stringconcat.sml	stringconcat	stringconcat	-	exclude	allocation-lifetimes		not stated in scanned source headers	4c0078f358809ba919b7d827b0fb1f85fb8675f6cac6352045bb7bb677053ea4	test/stringconcat.sml		doc/license/GPL-LICENSE;doc/license/MLKit-LICENSE;doc/license/SMLNJ-LICENSE	test/Makefile;test/README;test/all.tst;test_dev/Makefile	argument-transformation regression: concatenates two literal strings once and prints Hello world; its source comment explicitly checks -no_opt compiler behavior
mlkit	test/stringcvt.sml	stringcvt	stringcvt	-	exclude	allocation-lifetimes	mlkit:test_dev/stringcvt.sml	not stated in scanned source headers	b6b666fd5a45a3ada978f62ea7ec951f2c7a68becaf1e4640070ed5bb338a787	test/stringcvt.sml		doc/license/GPL-LICENSE;doc/license/MLKit-LICENSE;doc/license/SMLNJ-LICENSE	test/Makefile;test/README;test/all.tst;test_dev/Makefile	regression or support source outside the benchmark families; test/all.tst and test_dev/Makefile distinguish compiler/Basis tests
mlkit	test/stringscan.sml	stringscan	stringscan	-	exclude	kernel		not stated in scanned source headers	7ad2466e8b66472bb27139904757d300845de215a4dcdb23c65f56001dd8c23c	test/stringscan.sml		doc/license/GPL-LICENSE;doc/license/MLKit-LICENSE;doc/license/SMLNJ-LICENSE	test/Makefile;test/README;test/all.tst;test_dev/Makefile	regression or support source outside the benchmark families; test/all.tst and test_dev/Makefile distinguish compiler/Basis tests
mlkit	test/stringsz.sml	stringsz	stringsz	-	exclude	kernel		not stated in scanned source headers	61e460bfcbeae64bcf175e2252627860bd23e8a40409c139a18aded4b7e0573e	test/stringsz.sml		doc/license/GPL-LICENSE;doc/license/MLKit-LICENSE;doc/license/SMLNJ-LICENSE	test/Makefile;test/README;test/all.tst;test_dev/Makefile	regression or support source outside the benchmark families; test/all.tst and test_dev/Makefile distinguish compiler/Basis tests
mlkit	test/structs-avail.sml	structs-avail	structs-avail	-	exclude	integer-arithmetic		not stated in scanned source headers	a6e691aceac334f2fe5896106f924bbc1b93b2e8e15ee09377e370ebdada1dd8	test/structs-avail.sml		doc/license/GPL-LICENSE;doc/license/MLKit-LICENSE;doc/license/SMLNJ-LICENSE	test/Makefile;test/README;test/all.tst;test_dev/Makefile	regression or support source outside the benchmark families; test/all.tst and test_dev/Makefile distinguish compiler/Basis tests
mlkit	test/substring.sml	substring	substring	-	exclude	application		not stated in scanned source headers	49ab94f3f108b56f3b2940a7b69bccbded40781ea80d97158805148b885a15ca	test/substring.sml		doc/license/GPL-LICENSE;doc/license/MLKit-LICENSE;doc/license/SMLNJ-LICENSE	test/Makefile;test/README;test/all.tst;test_dev/Makefile	regression or support source outside the benchmark families; test/all.tst and test_dev/Makefile distinguish compiler/Basis tests
mlkit	test/switch.sml	switch	switch	-	exclude	kernel		not stated in scanned source headers	4e23fce1ecb8150a116bd339197165e3078f3a134af88f1b9a30f65aab066288	test/switch.sml		doc/license/GPL-LICENSE;doc/license/MLKit-LICENSE;doc/license/SMLNJ-LICENSE	test/Makefile;test/README;test/all.tst;test_dev/Makefile	regression or support source outside the benchmark families; test/all.tst and test_dev/Makefile distinguish compiler/Basis tests
mlkit	test/tailfib.sml	tailfib	tailfib-mlkit	M2	import	calls-recursion	mlkit:test/tailfib_smlnj.sml;mlton:benchmark/tests/tailfib.sml	not stated in scanned source headers	9b2e84035e8b453af2abdd772e71f771046e1a33b4271aa862c52d92562179af	test/tailfib.sml		doc/license/GPL-LICENSE;doc/license/MLKit-LICENSE;doc/license/SMLNJ-LICENSE	test/Makefile;test/README;test/all.tst;test_dev/Makefile	portable workload; retain algorithm and review driver, numeric assumptions, fixtures and notices before import
mlkit	test/tailfib_smlnj.sml	tailfib_smlnj	tailfib_smlnj	M2	duplicate	calls-recursion	mlkit:test/tailfib.sml;mlton:benchmark/tests/tailfib.sml	not stated in scanned source headers	2d4ecba8ec164534e34381ceb875175141bae4d8d426044b84aafba148ad40db	test/tailfib_smlnj.sml		doc/license/GPL-LICENSE;doc/license/MLKit-LICENSE;doc/license/SMLNJ-LICENSE	test/Makefile;test/README;test/all.tst;test_dev/Makefile	same complete kernel and hardcoded parameters as test/tailfib.sml; only the reviewed top-level invocation/export adapter differs; share that implementation and retain both provenance paths
mlkit	test/tak.sml	tak	tak-mlkit	M2	import	calls-recursion	mlkit:test/tak_smlnj.sml;mlton:benchmark/tests/tak.sml;nofib:imaginary/tak	not stated in scanned source headers	46d6add96a9848b718f9f1edad51792f3e4b370e89b2dfe604f2e848313436a4	test/tak.sml		doc/license/GPL-LICENSE;doc/license/MLKit-LICENSE;doc/license/SMLNJ-LICENSE	test/Makefile;test/README;test/all.tst;test_dev/Makefile	portable workload; retain algorithm and review driver, numeric assumptions, fixtures and notices before import
mlkit	test/tak_smlnj.sml	tak_smlnj	tak_smlnj	M2	duplicate	calls-recursion	mlkit:test/tak.sml;mlton:benchmark/tests/tak.sml;nofib:imaginary/tak	not stated in scanned source headers	150765c22d3c6a1e4a41372402a86e840e390966a46c8d225a366cda2aed3e93	test/tak_smlnj.sml		doc/license/GPL-LICENSE;doc/license/MLKit-LICENSE;doc/license/SMLNJ-LICENSE	test/Makefile;test/README;test/all.tst;test_dev/Makefile	same complete kernel and hardcoded parameters as test/tak.sml; only the reviewed top-level invocation/export adapter differs; share that implementation and retain both provenance paths
mlkit	test/testcon.sml	testcon	testcon	-	exclude	kernel		not stated in scanned source headers	d6094f247cdee130927e5c365c8f19c3261d1664307603668be0f51180ee2d44	test/testcon.sml		doc/license/GPL-LICENSE;doc/license/MLKit-LICENSE;doc/license/SMLNJ-LICENSE	test/Makefile;test/README;test/all.tst;test_dev/Makefile	regression or support source outside the benchmark families; test/all.tst and test_dev/Makefile distinguish compiler/Basis tests
mlkit	test/testdyn1.sml	testdyn1	testdyn1	-	exclude	kernel	mlkit:test_dev/testdyn1.sml	not stated in scanned source headers	72769cc6434d901546e41ca26bae11651d9ba84c7435dba7818664805b7270b5	test/testdyn1.sml		doc/license/GPL-LICENSE;doc/license/MLKit-LICENSE;doc/license/SMLNJ-LICENSE	test/Makefile;test/README;test/all.tst;test_dev/Makefile	regression or support source outside the benchmark families; test/all.tst and test_dev/Makefile distinguish compiler/Basis tests
mlkit	test/testdyn2.sml	testdyn2	testdyn2	-	exclude	kernel	mlkit:test_dev/testdyn2.sml	not stated in scanned source headers	3bf6fe2f25b2e0fca9e52d5b9c07b4fb6a3be1d7d4471211a6243f5dfcfddac3	test/testdyn2.sml		doc/license/GPL-LICENSE;doc/license/MLKit-LICENSE;doc/license/SMLNJ-LICENSE	test/Makefile;test/README;test/all.tst;test_dev/Makefile	regression or support source outside the benchmark families; test/all.tst and test_dev/Makefile distinguish compiler/Basis tests
mlkit	test/testmatc.sml	testmatc	testmatc	-	exclude	kernel		not stated in scanned source headers	c5db1a6829bad2a34e5dbd259189a3f0616df62553bc029f3958106f8fa1f2a0	test/testmatc.sml		doc/license/GPL-LICENSE;doc/license/MLKit-LICENSE;doc/license/SMLNJ-LICENSE	test/Makefile;test/README;test/all.tst;test_dev/Makefile	regression or support source outside the benchmark families; test/all.tst and test_dev/Makefile distinguish compiler/Basis tests
mlkit	test/testtyvar.sml	testtyvar	testtyvar	-	exclude	kernel		not stated in scanned source headers	9dca377812c5efbaad7e5e1ed97eb76286d30fcf8c8286dbc9d69b8b834991e3	test/testtyvar.sml		doc/license/GPL-LICENSE;doc/license/MLKit-LICENSE;doc/license/SMLNJ-LICENSE	test/Makefile;test/README;test/all.tst;test_dev/Makefile	regression or support source outside the benchmark families; test/all.tst and test_dev/Makefile distinguish compiler/Basis tests
mlkit	test/textio.sml	textio	textio	-	exclude	kernel		not stated in scanned source headers	666dec500bd35ec3925dc32efa9fa8a30227215d6dd115a88409f5226fdee75a	test/textio.sml		doc/license/GPL-LICENSE;doc/license/MLKit-LICENSE;doc/license/SMLNJ-LICENSE	test/Makefile;test/README;test/all.tst;test_dev/Makefile	regression or support source outside the benchmark families; test/all.tst and test_dev/Makefile distinguish compiler/Basis tests
mlkit	test/time.sml	time	time	-	exclude	kernel		not stated in scanned source headers	b2c5d40398eb9a12fc14d4e4b01dda02e22c8301ae4228dc0f12466cf4ec5163	test/time.sml		doc/license/GPL-LICENSE;doc/license/MLKit-LICENSE;doc/license/SMLNJ-LICENSE	test/Makefile;test/README;test/all.tst;test_dev/Makefile	regression or support source outside the benchmark families; test/all.tst and test_dev/Makefile distinguish compiler/Basis tests
mlkit	test/timeneg.sml	timeneg	timeneg	-	exclude	integer-arithmetic		not stated in scanned source headers	55b01cffc8f10fd5e31d7fa094be526513d47195af746d8624ce898533fb38c9	test/timeneg.sml		doc/license/GPL-LICENSE;doc/license/MLKit-LICENSE;doc/license/SMLNJ-LICENSE	test/Makefile;test/README;test/all.tst;test_dev/Makefile	regression or support source outside the benchmark families; test/all.tst and test_dev/Makefile distinguish compiler/Basis tests
mlkit	test/timer.sml	timer	timer	-	exclude	kernel		not stated in scanned source headers	f3e25e9dc10bef805dbafcc8fc1752d58c4440ebb9143e42798519652aef1053	test/timer.sml		doc/license/GPL-LICENSE;doc/license/MLKit-LICENSE;doc/license/SMLNJ-LICENSE	test/Makefile;test/README;test/all.tst;test_dev/Makefile	regression or support source outside the benchmark families; test/all.tst and test_dev/Makefile distinguish compiler/Basis tests
mlkit	test/timer2.sml	timer2	timer2	-	exclude	kernel		not stated in scanned source headers	635be81f2f0d8d5e3b5b2b80ced06526b3028f61ff746f92ca3a0fe86f2515fc	test/timer2.sml		doc/license/GPL-LICENSE;doc/license/MLKit-LICENSE;doc/license/SMLNJ-LICENSE	test/Makefile;test/README;test/all.tst;test_dev/Makefile	regression or support source outside the benchmark families; test/all.tst and test_dev/Makefile distinguish compiler/Basis tests
mlkit	test/tmpname.sml	tmpname	tmpname	-	exclude	kernel		not stated in scanned source headers	5aaf857793efa21d22eeeb57ca6bfc9e5a070ee46165cfd81cfcf16b3ef8d50f	test/tmpname.sml		doc/license/GPL-LICENSE;doc/license/MLKit-LICENSE;doc/license/SMLNJ-LICENSE	test/Makefile;test/README;test/all.tst;test_dev/Makefile	regression or support source outside the benchmark families; test/all.tst and test_dev/Makefile distinguish compiler/Basis tests
mlkit	test/tsp.sml	tsp	tsp	M2	duplicate	symbolic-search	mlkit:test/tsp_smlnj.sml;mlkit:test/tsp_tp.sml;mlton:benchmark/tests/tsp.sml;smlnj:programs/tsp	not stated in scanned source headers	84f7db779fa47a4fa0eb46c8b54330801d0d0f331afad6cd871d51b11e7b0ad8	test/tsp.sml		doc/license/GPL-LICENSE;doc/license/MLKit-LICENSE;doc/license/SMLNJ-LICENSE	test/Makefile;test/README;test/all.tst;test_dev/Makefile	same Tree/TSP/Rand/BuildTree algorithms as mlton:benchmark/tests/tsp.sml; selected size 32767 and four calls differ from MLton size 2097151 and parameterized calls; document these workload parameters and retain the source under tsp
mlkit	test/tsp_smlnj.sml	tsp_smlnj	tsp_smlnj	M2	duplicate	symbolic-search	mlkit:test/tsp.sml;mlkit:test/tsp_tp.sml;mlton:benchmark/tests/tsp.sml;smlnj:programs/tsp	not stated in scanned source headers	109b24506cd390ea3404951a6ebc3a5c8d182486923e487242e606e023c55162	test/tsp_smlnj.sml		doc/license/GPL-LICENSE;doc/license/MLKit-LICENSE;doc/license/SMLNJ-LICENSE	test/Makefile;test/README;test/all.tst;test_dev/Makefile	same complete kernel and hardcoded parameters as test/tsp.sml; only the reviewed top-level invocation/export adapter differs; share that implementation and retain both provenance paths
mlkit	test/tsp_tp.sml	tsp_tp	tsp_tp	M2	duplicate	symbolic-search	mlkit:test/tsp.sml;mlkit:test/tsp_smlnj.sml;mlton:benchmark/tests/tsp.sml;smlnj:programs/tsp	not stated in scanned source headers	b1918dd1c7614e4a09038ed16229938e96c2b7c8538ecae0b4fee5bcf511c455	test/tsp_tp.sml		doc/license/GPL-LICENSE;doc/license/MLKit-LICENSE;doc/license/SMLNJ-LICENSE	test/Makefile;test/README;test/all.tst;test_dev/Makefile	same complete test/tsp.sml program except eight calls instead of four; repetition is a profile/driver parameter, not a separate algorithm or representation; retain both invocations under tsp
mlkit	test/tststrcmp.sml	tststrcmp	tststrcmp	-	exclude	kernel		not stated in scanned source headers	c6f68012aceec535e4930755074baf238fd438f35971970ffa2da1b78e9b6535	test/tststrcmp.sml		doc/license/GPL-LICENSE;doc/license/MLKit-LICENSE;doc/license/SMLNJ-LICENSE	test/Makefile;test/README;test/all.tst;test_dev/Makefile	enumerated string-comparison correctness checks with expected booleans and numbered ok reports, not a repeated benchmark workload
mlkit	test/tyan.sml	tyan	tyan-mlkit	M2	import	integer-arithmetic	mlkit:test/tyan_smlnj.sml;mlton:benchmark/tests/tyan.sml;smlnj:programs/tyan	not stated in scanned source headers	aadf59ca77c43561436fcfecb0b73d5e7b376f1b79876c50c73e80ab5fd0d6c4	test/tyan.sml		doc/license/GPL-LICENSE;doc/license/MLKit-LICENSE;doc/license/SMLNJ-LICENSE	test/Makefile;test/README;test/all.tst;test_dev/Makefile	portable workload; retain algorithm and review driver, numeric assumptions, fixtures and notices before import
mlkit	test/tyan_smlnj.sml	tyan_smlnj	tyan_smlnj	M2	duplicate	integer-arithmetic	mlkit:test/tyan.sml;mlton:benchmark/tests/tyan.sml;smlnj:programs/tyan	not stated in scanned source headers	7555dc1acd06dcad1de0827a0fe18ab72416d9e00881a4c22249746f8a4395b4	test/tyan_smlnj.sml		doc/license/GPL-LICENSE;doc/license/MLKit-LICENSE;doc/license/SMLNJ-LICENSE	test/Makefile;test/README;test/all.tst;test_dev/Makefile	same complete kernel and hardcoded parameters as test/tyan.sml; only the reviewed top-level invocation/export adapter differs; share that implementation and retain both provenance paths
mlkit	test/type_sharing.sml	type_sharing	type_sharing	-	exclude	kernel		not stated in scanned source headers	7aa26b09cb26dc83e09c1a305be1f9bd25cc17411d6db754eafbf9b1611c572e	test/type_sharing.sml		doc/license/GPL-LICENSE;doc/license/MLKit-LICENSE;doc/license/SMLNJ-LICENSE	test/Makefile;test/README;test/all.tst;test_dev/Makefile	regression or support source outside the benchmark families; test/all.tst and test_dev/Makefile distinguish compiler/Basis tests
mlkit	test/typerr.sml	typerr	typerr	-	exclude	kernel		not stated in scanned source headers	603daddbdd061f46874ec8ef0851d90dba300af509e0df4762fb9c5e68fb67f4	test/typerr.sml		doc/license/GPL-LICENSE;doc/license/MLKit-LICENSE;doc/license/SMLNJ-LICENSE	test/Makefile;test/README;test/all.tst;test_dev/Makefile	regression or support source outside the benchmark families; test/all.tst and test_dev/Makefile distinguish compiler/Basis tests
mlkit	test/unbox.sml	unbox	unbox	-	exclude	kernel		not stated in scanned source headers	3fecc602cd2f2b792864fe21286312762c0e29f682ee0aa13dd7c20995662e5c	test/unbox.sml		doc/license/GPL-LICENSE;doc/license/MLKit-LICENSE;doc/license/SMLNJ-LICENSE	test/Makefile;test/README;test/all.tst;test_dev/Makefile	regression or support source outside the benchmark families; test/all.tst and test_dev/Makefile distinguish compiler/Basis tests
mlkit	test/unixpath.sml	unixpath	unixpath	-	exclude	kernel		not stated in scanned source headers	aee9f00e5924281cb3ba7ad3d8aa7cf6abc751544925b4e43d2b80652caf8946	test/unixpath.sml		doc/license/GPL-LICENSE;doc/license/MLKit-LICENSE;doc/license/SMLNJ-LICENSE	test/Makefile;test/README;test/all.tst;test_dev/Makefile	regression or support source outside the benchmark families; test/all.tst and test_dev/Makefile distinguish compiler/Basis tests
mlkit	test/upto.sml	upto	upto	-	exclude	kernel		not stated in scanned source headers	4c1e87b67c4b1356f42e71c7bcfc0a68a6a933d62aebaf5c631b37fa44e42159	test/upto.sml		doc/license/GPL-LICENSE;doc/license/MLKit-LICENSE;doc/license/SMLNJ-LICENSE	test/Makefile;test/README;test/all.tst;test_dev/Makefile	regression or support source outside the benchmark families; test/all.tst and test_dev/Makefile distinguish compiler/Basis tests
mlkit	test/valrecpat.sml	valrecpat	valrecpat	-	exclude	kernel		not stated in scanned source headers	70d2c6d061c3eecd05a658b3242e581cb2ee4116ab34a5c6f8af3c8503fbc39a	test/valrecpat.sml		doc/license/GPL-LICENSE;doc/license/MLKit-LICENSE;doc/license/SMLNJ-LICENSE	test/Makefile;test/README;test/all.tst;test_dev/Makefile	regression or support source outside the benchmark families; test/all.tst and test_dev/Makefile distinguish compiler/Basis tests
mlkit	test/valrecpat1.sml	valrecpat1	valrecpat1	-	exclude	kernel		not stated in scanned source headers	30cdc3ea74bc1e172096818b0c612b8bced28c57831794bca29c998d1190bd0c	test/valrecpat1.sml		doc/license/GPL-LICENSE;doc/license/MLKit-LICENSE;doc/license/SMLNJ-LICENSE	test/Makefile;test/README;test/all.tst;test_dev/Makefile	regression or support source outside the benchmark families; test/all.tst and test_dev/Makefile distinguish compiler/Basis tests
mlkit	test/valrecpat2.sml	valrecpat2	valrecpat2	-	exclude	kernel		not stated in scanned source headers	4a932a1fa68245bd42c8f0bdad4241848c7adaa64ae014f2908d28e5ffac5c16	test/valrecpat2.sml		doc/license/GPL-LICENSE;doc/license/MLKit-LICENSE;doc/license/SMLNJ-LICENSE	test/Makefile;test/README;test/all.tst;test_dev/Makefile	regression or support source outside the benchmark families; test/all.tst and test_dev/Makefile distinguish compiler/Basis tests
mlkit	test/valrecpat3.sml	valrecpat3	valrecpat3	-	exclude	kernel		not stated in scanned source headers	2e38ff12031a2d5eb2baa2bfde2b537dfa48f59e146c4b4b15be81be6c28f482	test/valrecpat3.sml		doc/license/GPL-LICENSE;doc/license/MLKit-LICENSE;doc/license/SMLNJ-LICENSE	test/Makefile;test/README;test/all.tst;test_dev/Makefile	regression or support source outside the benchmark families; test/all.tst and test_dev/Makefile distinguish compiler/Basis tests
mlkit	test/valrecpat4.sml	valrecpat4	valrecpat4	-	exclude	kernel		not stated in scanned source headers	f27fcc7e5a2b881d30b14e5ecdc602bbf604a8f70b00b27e1c442361826986d6	test/valrecpat4.sml		doc/license/GPL-LICENSE;doc/license/MLKit-LICENSE;doc/license/SMLNJ-LICENSE	test/Makefile;test/README;test/all.tst;test_dev/Makefile	regression or support source outside the benchmark families; test/all.tst and test_dev/Makefile distinguish compiler/Basis tests
mlkit	test/vector-concat.sml	vector-concat	vector-concat	M2	import	kernel	mlkit:test/vector-concat_smlnj.sml	Stephen Weeks (sweeks@acm.org).	85ef2bd8de111168b74277fadbe1f09ad670f1ba006e79031cf0367313a897d4	test/vector-concat.sml		doc/license/GPL-LICENSE;doc/license/MLKit-LICENSE;doc/license/SMLNJ-LICENSE;test/vector-concat.sml:header	test/Makefile;test/README;test/all.tst;test_dev/Makefile	portable workload; retain algorithm and review driver, numeric assumptions, fixtures and notices before import
mlkit	test/vector-concat_smlnj.sml	vector-concat_smlnj	vector-concat_smlnj	M2	import	kernel	mlkit:test/vector-concat.sml	Stephen Weeks (sweeks@acm.org).	cac4a7e16aaea446eacc1729ff8e92a51039aee19197c5ac27224a8115a6c30d	test/vector-concat_smlnj.sml		doc/license/GPL-LICENSE;doc/license/MLKit-LICENSE;doc/license/SMLNJ-LICENSE;test/vector-concat_smlnj.sml:header	test/Makefile;test/README;test/all.tst;test_dev/Makefile	portable workload; retain algorithm and review driver, numeric assumptions, fixtures and notices before import
mlkit	test/vector-rev.sml	vector-rev	vector-rev-mlkit	M2	import	lists-streams	mlkit:test/vector-rev_smlnj.sml;mlton:benchmark/tests/vector-rev.sml	Stephen Weeks (sweeks@acm.org).	d9673d4de82c5ccc8ecbc05f1ccbae43a52a97ab9a14c35d509b167754345966	test/vector-rev.sml		doc/license/GPL-LICENSE;doc/license/MLKit-LICENSE;doc/license/SMLNJ-LICENSE;test/vector-rev.sml:header	test/Makefile;test/README;test/all.tst;test_dev/Makefile	portable workload; retain algorithm and review driver, numeric assumptions, fixtures and notices before import
mlkit	test/vector-rev_smlnj.sml	vector-rev_smlnj	vector-rev_smlnj	M2	import	lists-streams	mlkit:test/vector-rev.sml;mlton:benchmark/tests/vector-rev.sml	Stephen Weeks (sweeks@acm.org).	c0cdbc996d5875622abba14e00c5518122350355b7444a4755f1c4a74bf7c7d9	test/vector-rev_smlnj.sml		doc/license/GPL-LICENSE;doc/license/MLKit-LICENSE;doc/license/SMLNJ-LICENSE;test/vector-rev_smlnj.sml:header	test/Makefile;test/README;test/all.tst;test_dev/Makefile	portable workload; retain algorithm and review driver, numeric assumptions, fixtures and notices before import
mlkit	test/vector.sml	vector	vector	-	exclude	kernel		not stated in scanned source headers	1dddddde8cfe6fe8d0d4c4d214a56d608164605784d1d5e9870f7c1310f7fbf6	test/vector.sml		doc/license/GPL-LICENSE;doc/license/MLKit-LICENSE;doc/license/SMLNJ-LICENSE	test/Makefile;test/README;test/all.tst;test_dev/Makefile	regression or support source outside the benchmark families; test/all.tst and test_dev/Makefile distinguish compiler/Basis tests
mlkit	test/vectorslice.sml	vectorslice	vectorslice	-	exclude	kernel		not stated in scanned source headers	33a26a2ebd5b7c908d4051aebc280ef405154e6ddc6aa9259c601bf90403f529	test/vectorslice.sml		doc/license/GPL-LICENSE;doc/license/MLKit-LICENSE;doc/license/SMLNJ-LICENSE	test/Makefile;test/README;test/all.tst;test_dev/Makefile	regression or support source outside the benchmark families; test/all.tst and test_dev/Makefile distinguish compiler/Basis tests
mlkit	test/vesa2.sml	vesa2	vesa2	-	exclude	kernel		not stated in scanned source headers	6f49e28c9f3ebe4854c98996a788deaa75273e01347125f26dce04e5fb48b5a2	test/vesa2.sml		doc/license/GPL-LICENSE;doc/license/MLKit-LICENSE;doc/license/SMLNJ-LICENSE	test/Makefile;test/README;test/all.tst;test_dev/Makefile	regression or support source outside the benchmark families; test/all.tst and test_dev/Makefile distinguish compiler/Basis tests
mlkit	test/wc-input1.sml	wc-input1	wc-input1-mlkit	M2	import	kernel	mlkit:test/wc-input1_smlnj.sml;mlton:benchmark/tests/wc-input1.sml	Stephen Weeks (sweeks@acm.org).	8f25051cade9aea48b6a9e0011e9bb30512b3f3ee1303262547ca3bc943eccd5	test/wc-input1.sml		doc/license/GPL-LICENSE;doc/license/MLKit-LICENSE;doc/license/SMLNJ-LICENSE;test/wc-input1.sml:header	test/Makefile;test/README;test/all.tst;test_dev/Makefile	portable workload; retain algorithm and review driver, numeric assumptions, fixtures and notices before import
mlkit	test/wc-input1_smlnj.sml	wc-input1_smlnj	wc-input1_smlnj	M2	duplicate	kernel	mlkit:test/wc-input1.sml;mlton:benchmark/tests/wc-input1.sml	Stephen Weeks (sweeks@acm.org).	1e435c22d28b415b89a5bf33f9f8ac4e42fde8816688e439f4a00adbc7dbfb74	test/wc-input1_smlnj.sml		doc/license/GPL-LICENSE;doc/license/MLKit-LICENSE;doc/license/SMLNJ-LICENSE;test/wc-input1_smlnj.sml:header	test/Makefile;test/README;test/all.tst;test_dev/Makefile	same complete kernel and hardcoded parameters as test/wc-input1.sml; only the reviewed top-level invocation/export adapter differs; share that implementation and retain both provenance paths
mlkit	test/wc-scanStream.sml	wc-scanStream	wc-scanStream-mlkit	M2	import	kernel	mlkit:test/wc-scanStream_smlnj.sml;mlton:benchmark/tests/wc-scanStream.sml	Stephen Weeks (sweeks@acm.org).	e8b282a990280156e941960e970001b357037fb1a4ab6e40ba3d51a0a47173c2	test/wc-scanStream.sml		doc/license/GPL-LICENSE;doc/license/MLKit-LICENSE;doc/license/SMLNJ-LICENSE;test/wc-scanStream.sml:header	test/Makefile;test/README;test/all.tst;test_dev/Makefile	portable workload; retain algorithm and review driver, numeric assumptions, fixtures and notices before import
mlkit	test/wc-scanStream_smlnj.sml	wc-scanStream_smlnj	wc-scanStream_smlnj	M2	duplicate	kernel	mlkit:test/wc-scanStream.sml;mlton:benchmark/tests/wc-scanStream.sml	Stephen Weeks (sweeks@acm.org).	2a3dc559c5dc4bc7f1a7f39e640107e6fb5b1d3e84e1ccfa6f3f14fb0b100ea5	test/wc-scanStream_smlnj.sml		doc/license/GPL-LICENSE;doc/license/MLKit-LICENSE;doc/license/SMLNJ-LICENSE;test/wc-scanStream_smlnj.sml:header	test/Makefile;test/README;test/all.tst;test_dev/Makefile	same complete kernel and hardcoded parameters as test/wc-scanStream.sml; only the reviewed top-level invocation/export adapter differs; share that implementation and retain both provenance paths
mlkit	test/weeks.sml	weeks	weeks	-	exclude	kernel		not stated in scanned source headers	6411738e5bedd37f69065d7622d2fa9df75642c993fd46171d37e35ab457c585	test/weeks.sml		doc/license/GPL-LICENSE;doc/license/MLKit-LICENSE;doc/license/SMLNJ-LICENSE	test/Makefile;test/README;test/all.tst;test_dev/Makefile	regression or support source outside the benchmark families; test/all.tst and test_dev/Makefile distinguish compiler/Basis tests
mlkit	test/weeks2.sml	weeks2	weeks2	-	exclude	kernel		not stated in scanned source headers	de96b3966e9b8db41b57d21bada4af8f92c0eb28c434b884927401fc4dd0b091	test/weeks2.sml		doc/license/GPL-LICENSE;doc/license/MLKit-LICENSE;doc/license/SMLNJ-LICENSE	test/Makefile;test/README;test/all.tst;test_dev/Makefile	regression or support source outside the benchmark families; test/all.tst and test_dev/Makefile distinguish compiler/Basis tests
mlkit	test/weeks3.sml	weeks3	weeks3	-	exclude	kernel		not stated in scanned source headers	72702190bd248ccd9551237175695b1a390227a214457ed128bf6c7be164d87c	test/weeks3.sml		doc/license/GPL-LICENSE;doc/license/MLKit-LICENSE;doc/license/SMLNJ-LICENSE	test/Makefile;test/README;test/all.tst;test_dev/Makefile	regression or support source outside the benchmark families; test/all.tst and test_dev/Makefile distinguish compiler/Basis tests
mlkit	test/weeks4.sml	weeks4	weeks4	M2	duplicate	integer-arithmetic		not stated in scanned source headers	cf984987f934e5516d06bdf844b22f69b68a4720c1da4f64f46a254a5039e5db	test/weeks4.sml		doc/license/GPL-LICENSE;doc/license/MLKit-LICENSE;doc/license/SMLNJ-LICENSE	test/Makefile;test/README;test/all.tst;test_dev/Makefile	complete cyclic-u6 F17 Groebner kernel and twenty-repetition workload match mlton:benchmark/tests/tyan.sml; only author email spelling and parameterized versus fixed outer driver differ; retain this historical alias/source under tyan
mlkit	test/weeks5.sml	weeks5	weeks5	-	exclude	kernel		not stated in scanned source headers	307e9c738ca2f7396f26f89ff5f4b30e2893ed0fac51db8863954f2b7d40ea55	test/weeks5.sml		doc/license/GPL-LICENSE;doc/license/MLKit-LICENSE;doc/license/SMLNJ-LICENSE	test/Makefile;test/README;test/all.tst;test_dev/Makefile	regression or support source outside the benchmark families; test/all.tst and test_dev/Makefile distinguish compiler/Basis tests
mlkit	test/weeks6.sml	weeks6	weeks6	-	exclude	kernel		not stated in scanned source headers	d1ebf89fa843228f674a480679ad852bf7e9620a3c5930ba3c7daca7e23bc868	test/weeks6.sml		doc/license/GPL-LICENSE;doc/license/MLKit-LICENSE;doc/license/SMLNJ-LICENSE	test/Makefile;test/README;test/all.tst;test_dev/Makefile	regression or support source outside the benchmark families; test/all.tst and test_dev/Makefile distinguish compiler/Basis tests
mlkit	test/with-escape.sml	with-escape	with-escape	-	exclude	kernel		not stated in scanned source headers	6cf57bc1830e4294c319e8c9123c79de38129c4e57c75d23b96f07fe67eb232e	test/with-escape.sml		doc/license/GPL-LICENSE;doc/license/MLKit-LICENSE;doc/license/SMLNJ-LICENSE	test/Makefile;test/README;test/all.tst;test_dev/Makefile	regression or support source outside the benchmark families; test/all.tst and test_dev/Makefile distinguish compiler/Basis tests
mlkit	test/word-n-vector.sml	word-n-vector	word-n-vector	-	exclude	application		not stated in scanned source headers	37b6e641f2d367fc3e0460b6c4b743150129b7c1ed181692b8c8ba350967eab4	test/word-n-vector.sml		doc/license/GPL-LICENSE;doc/license/MLKit-LICENSE;doc/license/SMLNJ-LICENSE	test/Makefile;test/README;test/all.tst;test_dev/Makefile	regression or support source outside the benchmark families; test/all.tst and test_dev/Makefile distinguish compiler/Basis tests
mlkit	test/word.sml	word	word	-	exclude	kernel		not stated in scanned source headers	c3e126f03e139e0b8232f9bfe0c21302a493ff8f51a0ddd842543b1ea93ded0b	test/word.sml		doc/license/GPL-LICENSE;doc/license/MLKit-LICENSE;doc/license/SMLNJ-LICENSE	test/Makefile;test/README;test/all.tst;test_dev/Makefile	regression or support source outside the benchmark families; test/all.tst and test_dev/Makefile distinguish compiler/Basis tests
mlkit	test/word16.sml	word16	word16	-	exclude	kernel		not stated in scanned source headers	086afabd522dbe3071e3f04b696dafaed4cf51d806e6bc1eec34705266c02093	test/word16.sml		doc/license/GPL-LICENSE;doc/license/MLKit-LICENSE;doc/license/SMLNJ-LICENSE	test/Makefile;test/README;test/all.tst;test_dev/Makefile	regression or support source outside the benchmark families; test/all.tst and test_dev/Makefile distinguish compiler/Basis tests
mlkit	test/word31.sml	word31	word31	-	exclude	kernel		not stated in scanned source headers	878aa4b0f26c7cee8b29d30a24f5c99848f10339a8b7c9e49e0836f5e570a47b	test/word31.sml		doc/license/GPL-LICENSE;doc/license/MLKit-LICENSE;doc/license/SMLNJ-LICENSE	test/Makefile;test/README;test/all.tst;test_dev/Makefile	regression or support source outside the benchmark families; test/all.tst and test_dev/Makefile distinguish compiler/Basis tests
mlkit	test/word32.sml	word32	word32	-	exclude	kernel		not stated in scanned source headers	7abea5ce48e77bbd5c1b15c4d01db32b0daff0e4d531ab4e3082fa3e7eedd02f	test/word32.sml		doc/license/GPL-LICENSE;doc/license/MLKit-LICENSE;doc/license/SMLNJ-LICENSE	test/Makefile;test/README;test/all.tst;test_dev/Makefile	regression or support source outside the benchmark families; test/all.tst and test_dev/Makefile distinguish compiler/Basis tests
mlkit	test/word63.sml	word63	word63	-	exclude	kernel		not stated in scanned source headers	12f816ffc3f5d3553749c2c5ca9ba5c09913ae02fe4564aa1ed400a04e33561f	test/word63.sml		doc/license/GPL-LICENSE;doc/license/MLKit-LICENSE;doc/license/SMLNJ-LICENSE	test/Makefile;test/README;test/all.tst;test_dev/Makefile	regression or support source outside the benchmark families; test/all.tst and test_dev/Makefile distinguish compiler/Basis tests
mlkit	test/word63fold.sml	word63fold	word63fold	-	exclude	integer-arithmetic		not stated in scanned source headers	005c20465d53837ed0cbe6c51f41c28cfd3f874daa956c175dc41948a668b923	test/word63fold.sml		doc/license/GPL-LICENSE;doc/license/MLKit-LICENSE;doc/license/SMLNJ-LICENSE	test/Makefile;test/README;test/all.tst;test_dev/Makefile	regression or support source outside the benchmark families; test/all.tst and test_dev/Makefile distinguish compiler/Basis tests
mlkit	test/word64.sml	word64	word64	-	exclude	kernel		not stated in scanned source headers	1636d952427024c7d56596433cecca51f5ea7db59822f4d66f85a4809c63294e	test/word64.sml		doc/license/GPL-LICENSE;doc/license/MLKit-LICENSE;doc/license/SMLNJ-LICENSE	test/Makefile;test/README;test/all.tst;test_dev/Makefile	regression or support source outside the benchmark families; test/all.tst and test_dev/Makefile distinguish compiler/Basis tests
mlkit	test/word8.sml	word8	word8	-	exclude	kernel	mlkit:test_dev/word8.sml	not stated in scanned source headers	d211e7a8977fd68b5bd9ce5dc638b9f698a3f0e57356eac00dc2d977d7c3ab07	test/word8.sml		doc/license/GPL-LICENSE;doc/license/MLKit-LICENSE;doc/license/SMLNJ-LICENSE	test/Makefile;test/README;test/all.tst;test_dev/Makefile	regression or support source outside the benchmark families; test/all.tst and test_dev/Makefile distinguish compiler/Basis tests
mlkit	test/word8array.sml	word8array	word8array	-	exclude	numerical		not stated in scanned source headers	73aa29120e83083ab3be8b02e28e3b58e49fa31fd8f84687e7e1d38bcd6ea58a	test/word8array.sml		doc/license/GPL-LICENSE;doc/license/MLKit-LICENSE;doc/license/SMLNJ-LICENSE	test/Makefile;test/README;test/all.tst;test_dev/Makefile	regression or support source outside the benchmark families; test/all.tst and test_dev/Makefile distinguish compiler/Basis tests
mlkit	test/word8arrayslice.sml	word8arrayslice	word8arrayslice	-	exclude	numerical		not stated in scanned source headers	bebdcc254a1b71e12ef38709bae3668d9d4cc3a048430453ffb35525db7d65f3	test/word8arrayslice.sml		doc/license/GPL-LICENSE;doc/license/MLKit-LICENSE;doc/license/SMLNJ-LICENSE	test/Makefile;test/README;test/all.tst;test_dev/Makefile	regression or support source outside the benchmark families; test/all.tst and test_dev/Makefile distinguish compiler/Basis tests
mlkit	test/word8vector.sml	word8vector	word8vector	-	exclude	kernel		not stated in scanned source headers	5edec4b184a335eab137c4f4c943851a4ab48461cfe723253424f551aff64d91	test/word8vector.sml		doc/license/GPL-LICENSE;doc/license/MLKit-LICENSE;doc/license/SMLNJ-LICENSE	test/Makefile;test/README;test/all.tst;test_dev/Makefile	regression or support source outside the benchmark families; test/all.tst and test_dev/Makefile distinguish compiler/Basis tests
mlkit	test/word8vectorslice.sml	word8vectorslice	word8vectorslice	-	exclude	kernel		not stated in scanned source headers	b0c0df380fa8a94a5c117137014d85baf5cc90d001e0340e315e5359f21763eb	test/word8vectorslice.sml		doc/license/GPL-LICENSE;doc/license/MLKit-LICENSE;doc/license/SMLNJ-LICENSE	test/Makefile;test/README;test/all.tst;test_dev/Makefile	regression or support source outside the benchmark families; test/all.tst and test_dev/Makefile distinguish compiler/Basis tests
mlkit	test/word8x.sml	word8x	word8x	-	exclude	kernel		not stated in scanned source headers	a4aa6924cacb48c08ebb83ca31a2802b96b155c0ed60459aad013ba507caa79a	test/word8x.sml		doc/license/GPL-LICENSE;doc/license/MLKit-LICENSE;doc/license/SMLNJ-LICENSE	test/Makefile;test/README;test/all.tst;test_dev/Makefile	regression or support source outside the benchmark families; test/all.tst and test_dev/Makefile distinguish compiler/Basis tests
mlkit	test/wordneg.sml	wordneg	wordneg	-	exclude	kernel		not stated in scanned source headers	9703b9552d3da13436d7e1b2aafdef8322bc66caa61326f4bb7e93ff1bdf3351	test/wordneg.sml		doc/license/GPL-LICENSE;doc/license/MLKit-LICENSE;doc/license/SMLNJ-LICENSE	test/Makefile;test/README;test/all.tst;test_dev/Makefile	regression or support source outside the benchmark families; test/all.tst and test_dev/Makefile distinguish compiler/Basis tests
mlkit	test/wordscan.sml	wordscan	wordscan	-	exclude	kernel		not stated in scanned source headers	d3b77797fd00e4e89f172ca36c5efafb35bea1511c86c23fdf87d5bd8efbc369	test/wordscan.sml		doc/license/GPL-LICENSE;doc/license/MLKit-LICENSE;doc/license/SMLNJ-LICENSE	test/Makefile;test/README;test/all.tst;test_dev/Makefile	regression or support source outside the benchmark families; test/all.tst and test_dev/Makefile distinguish compiler/Basis tests
mlkit	test/zern.sml	zern	zern	M2	duplicate	numerical	mlkit:test/zern_smlnj.sml;mlton:benchmark/tests/zern.sml	not stated in scanned source headers	76c60eed7cebdc34390e0327e23341d7cfe285b32cfab8d4fe12f20be7c01cba	test/zern.sml		doc/license/GPL-LICENSE;doc/license/MLKit-LICENSE;doc/license/SMLNJ-LICENSE	test/Makefile;test/README;test/all.tst;test_dev/Makefile	same complete FastRealArray2/MSpeed Zernike kernel and 128-square input as mlton:benchmark/tests/zern.sml; only the fixed 1000-repeat launcher replaces the parameterized launcher; retain the original count and source under zern
mlkit	test/zern_smlnj.sml	zern_smlnj	zern_smlnj	M2	duplicate	numerical	mlkit:test/zern.sml;mlton:benchmark/tests/zern.sml	not stated in scanned source headers	0da19e1db00c3df93907d9c2ec1d9f191f3d43e9d060498da0fbdab28b34fe14	test/zern_smlnj.sml		doc/license/GPL-LICENSE;doc/license/MLKit-LICENSE;doc/license/SMLNJ-LICENSE	test/Makefile;test/README;test/all.tst;test_dev/Makefile	same complete kernel and hardcoded parameters as test/zern.sml; only the reviewed top-level invocation/export adapter differs; share that implementation and retain both provenance paths
mlkit	test_dev/Initial.sml	Initial	Initial	-	exclude	kernel		not stated in scanned source headers	4c1b253b279fe8c018e9140e7d5ab6be1f67b71d7ba6ea4ba348ef66e84c5a35	test_dev/Initial.sml		doc/license/GPL-LICENSE;doc/license/MLKit-LICENSE;doc/license/SMLNJ-LICENSE	test/all.tst;test_dev/Makefile;test_dev/Makefile;test_dev/README	regression or support source outside the benchmark families; test/all.tst and test_dev/Makefile distinguish compiler/Basis tests
mlkit	test_dev/Word32Boxed.sml	Word32Boxed	Word32Boxed	-	exclude	kernel		not stated in scanned source headers	ba4a64bad52488ca19d1811ccabbd1b8aa0302e4c57819d949e48dcca7759424	test_dev/Word32Boxed.sml		doc/license/GPL-LICENSE;doc/license/MLKit-LICENSE;doc/license/SMLNJ-LICENSE	test/all.tst;test_dev/Makefile;test_dev/Makefile;test_dev/README	regression or support source outside the benchmark families; test/all.tst and test_dev/Makefile distinguish compiler/Basis tests
mlkit	test_dev/a.mlb	a	a	-	exclude	kernel		not stated in scanned source headers	af1cb92cdd5b49ecec723c3b0d58588c24dad0f0793e4b95fc01c0f46ac1e0a5	test_dev/a.mlb;test_dev/a1.sml;test_dev/a2.sml		doc/license/GPL-LICENSE;doc/license/MLKit-LICENSE;doc/license/SMLNJ-LICENSE	test/all.tst;test_dev/Makefile;test_dev/Makefile;test_dev/README	regression or support source outside the benchmark families; test/all.tst and test_dev/Makefile distinguish compiler/Basis tests
mlkit	test_dev/a1.sml	a1	a1	-	exclude	kernel		not stated in scanned source headers	3e4bbfd55568627acaa510f298d9d1448dbb76971c6e6f65c02eb51d6679525e	test_dev/a1.sml		doc/license/GPL-LICENSE;doc/license/MLKit-LICENSE;doc/license/SMLNJ-LICENSE	test/all.tst;test_dev/Makefile;test_dev/Makefile;test_dev/README	regression or support source outside the benchmark families; test/all.tst and test_dev/Makefile distinguish compiler/Basis tests
mlkit	test_dev/a2.sml	a2	a2	-	exclude	kernel		not stated in scanned source headers	54eecf5624c13661de0767bbb830f6b8a5966f72ef10f3cad1a8a1cb5f165015	test_dev/a2.sml		doc/license/GPL-LICENSE;doc/license/MLKit-LICENSE;doc/license/SMLNJ-LICENSE	test/all.tst;test_dev/Makefile;test_dev/Makefile;test_dev/README	regression or support source outside the benchmark families; test/all.tst and test_dev/Makefile distinguish compiler/Basis tests
mlkit	test_dev/app1.sml	app1	app1	-	exclude	kernel		not stated in scanned source headers	1ef5cfbadb9bc7e826cd73fd1a1411a129a09fd00ee549a9e8bde19d560e2c72	test_dev/app1.sml		doc/license/GPL-LICENSE;doc/license/MLKit-LICENSE;doc/license/SMLNJ-LICENSE	test/all.tst;test_dev/Makefile;test_dev/Makefile;test_dev/README	regression or support source outside the benchmark families; test/all.tst and test_dev/Makefile distinguish compiler/Basis tests
mlkit	test_dev/app2.sml	app2	app2	-	exclude	kernel		not stated in scanned source headers	5842419b2ccc48111b32692fd38d8cf1e173362a34eafcd8431ad18eafa1d52a	test_dev/app2.sml		doc/license/GPL-LICENSE;doc/license/MLKit-LICENSE;doc/license/SMLNJ-LICENSE	test/all.tst;test_dev/Makefile;test_dev/Makefile;test_dev/README	regression or support source outside the benchmark families; test/all.tst and test_dev/Makefile distinguish compiler/Basis tests
mlkit	test_dev/array.sml	array	array	-	exclude	numerical	mlkit:test/array.sml	not stated in scanned source headers	e58e45f088ff57045fd1334634ea86a273485dd8ac6bc603f954b93b03499062	test_dev/array.sml		doc/license/GPL-LICENSE;doc/license/MLKit-LICENSE;doc/license/SMLNJ-LICENSE	test/all.tst;test_dev/Makefile;test_dev/Makefile;test_dev/README	regression or support source outside the benchmark families; test/all.tst and test_dev/Makefile distinguish compiler/Basis tests
mlkit	test_dev/auto.sml	auto	auto	-	exclude	kernel		not stated in scanned source headers	522f513c94250226676eb67234d931c87892e8d3b8c7b89d990e0263276d441a	test_dev/auto.sml		doc/license/GPL-LICENSE;doc/license/MLKit-LICENSE;doc/license/SMLNJ-LICENSE	test/all.tst;test_dev/Makefile;test_dev/Makefile;test_dev/README	regression or support source outside the benchmark families; test/all.tst and test_dev/Makefile distinguish compiler/Basis tests
mlkit	test_dev/auto2.sml	auto2	auto2	-	exclude	kernel	mlkit:test/auto2.sml	not stated in scanned source headers	4149b0a317876e0a74437593383be095463f7a514f4598f2a30e92936d57dc65	test_dev/auto2.sml		doc/license/GPL-LICENSE;doc/license/MLKit-LICENSE;doc/license/SMLNJ-LICENSE	test/all.tst;test_dev/Makefile;test_dev/Makefile;test_dev/README	regression or support source outside the benchmark families; test/all.tst and test_dev/Makefile distinguish compiler/Basis tests
mlkit	test_dev/b.mlb	b	b	-	exclude	kernel		not stated in scanned source headers	4bba313f75d0a03acba58cf67c322f833f7da9a4fe306ed0590b16eab258731c	test_dev/b.mlb;test_dev/b1.sml;test_dev/b2.sml		doc/license/GPL-LICENSE;doc/license/MLKit-LICENSE;doc/license/SMLNJ-LICENSE	test/all.tst;test_dev/Makefile;test_dev/Makefile;test_dev/README	regression or support source outside the benchmark families; test/all.tst and test_dev/Makefile distinguish compiler/Basis tests
mlkit	test_dev/b1.sml	b1	b1	-	exclude	kernel		not stated in scanned source headers	2ad7ef9d686afdb10f09aa771ec11bee58b7372ae0c8849040348c053250c88c	test_dev/b1.sml		doc/license/GPL-LICENSE;doc/license/MLKit-LICENSE;doc/license/SMLNJ-LICENSE	test/all.tst;test_dev/Makefile;test_dev/Makefile;test_dev/README	regression or support source outside the benchmark families; test/all.tst and test_dev/Makefile distinguish compiler/Basis tests
mlkit	test_dev/b2.sml	b2	b2	-	exclude	kernel		not stated in scanned source headers	f915e289d92f485711550d23ed5641f5669984a84ce76f249c1d12ff1060451a	test_dev/b2.sml		doc/license/GPL-LICENSE;doc/license/MLKit-LICENSE;doc/license/SMLNJ-LICENSE	test/all.tst;test_dev/Makefile;test_dev/Makefile;test_dev/README	regression or support source outside the benchmark families; test/all.tst and test_dev/Makefile distinguish compiler/Basis tests
mlkit	test_dev/b3.sml	b3	b3	-	exclude	kernel		not stated in scanned source headers	4da9c1edc7764c0376fb3b5b95b4b5b93e53e0f824218fff33a09aebfc05a2fb	test_dev/b3.sml		doc/license/GPL-LICENSE;doc/license/MLKit-LICENSE;doc/license/SMLNJ-LICENSE	test/all.tst;test_dev/Makefile;test_dev/Makefile;test_dev/README	regression or support source outside the benchmark families; test/all.tst and test_dev/Makefile distinguish compiler/Basis tests
mlkit	test_dev/build.sml	build	build	-	exclude	kernel		not stated in scanned source headers	d18bd4a17ac3752507ec9adb3ee02cc392654efea0f0161cbab39d447ca72477	test_dev/build.sml		doc/license/GPL-LICENSE;doc/license/MLKit-LICENSE;doc/license/SMLNJ-LICENSE	test/all.tst;test_dev/Makefile;test_dev/Makefile;test_dev/README	regression or support source outside the benchmark families; test/all.tst and test_dev/Makefile distinguish compiler/Basis tests
mlkit	test_dev/c.mlb	c	c	-	exclude	kernel		not stated in scanned source headers	69ab67fc6a5dcb610b6febea029de587a434acfd0046d074e47c34eb1a052edf	test_dev/c.mlb;test_dev/c1.sml;test_dev/c2.sml		doc/license/GPL-LICENSE;doc/license/MLKit-LICENSE;doc/license/SMLNJ-LICENSE	test/all.tst;test_dev/Makefile;test_dev/Makefile;test_dev/README	regression or support source outside the benchmark families; test/all.tst and test_dev/Makefile distinguish compiler/Basis tests
mlkit	test_dev/c1.sml	c1	c1	-	exclude	kernel		not stated in scanned source headers	56d0977defa4106234cbf3ced2e094bfc48982725d27b0ff9030e9f9508b1a20	test_dev/c1.sml		doc/license/GPL-LICENSE;doc/license/MLKit-LICENSE;doc/license/SMLNJ-LICENSE	test/all.tst;test_dev/Makefile;test_dev/Makefile;test_dev/README	regression or support source outside the benchmark families; test/all.tst and test_dev/Makefile distinguish compiler/Basis tests
mlkit	test_dev/c2.sml	c2	c2	-	exclude	kernel		not stated in scanned source headers	0fb3d5394c2293a03d83e5e03fc1f4ea38c5ea2153c04a5c3ead643ab54391d9	test_dev/c2.sml		doc/license/GPL-LICENSE;doc/license/MLKit-LICENSE;doc/license/SMLNJ-LICENSE	test/all.tst;test_dev/Makefile;test_dev/Makefile;test_dev/README	regression or support source outside the benchmark families; test/all.tst and test_dev/Makefile distinguish compiler/Basis tests
mlkit	test_dev/ccall.sml	ccall	ccall	-	exclude	kernel		not stated in scanned source headers	2864364d9058417489cbd46c0c22bef0ea6a4fb7cd392b23100e94b3c5f8f356	test_dev/ccall.sml		doc/license/GPL-LICENSE;doc/license/MLKit-LICENSE;doc/license/SMLNJ-LICENSE	test/all.tst;test_dev/Makefile;test_dev/Makefile;test_dev/README	regression or support source outside the benchmark families; test/all.tst and test_dev/Makefile distinguish compiler/Basis tests
mlkit	test_dev/ceil.sml	ceil	ceil	-	exclude	kernel		not stated in scanned source headers	b47dfdd2822b2c27d3b44b65ba6ec512bc9e172698a88ba201f98ed9b4ab7d7f	test_dev/ceil.sml		doc/license/GPL-LICENSE;doc/license/MLKit-LICENSE;doc/license/SMLNJ-LICENSE	test/all.tst;test_dev/Makefile;test_dev/Makefile;test_dev/README	regression or support source outside the benchmark families; test/all.tst and test_dev/Makefile distinguish compiler/Basis tests
mlkit	test_dev/date.sml	date	date	-	exclude	kernel	mlkit:test/date.sml	not stated in scanned source headers	f60dad6db0522de44d422a226fe155a90359ee8e867e6893b9693bfe323aac42	test_dev/date.sml		doc/license/GPL-LICENSE;doc/license/MLKit-LICENSE;doc/license/SMLNJ-LICENSE	test/all.tst;test_dev/Makefile;test_dev/Makefile;test_dev/README	regression or support source outside the benchmark families; test/all.tst and test_dev/Makefile distinguish compiler/Basis tests
mlkit	test_dev/date2.sml	date2	date2	-	exclude	kernel	mlkit:test/date2.sml	not stated in scanned source headers	3d0cf8dd3811fa668eeed20fad31c24f31d284a1cef86671f7e37237eb455156	test_dev/date2.sml		doc/license/GPL-LICENSE;doc/license/MLKit-LICENSE;doc/license/SMLNJ-LICENSE	test/all.tst;test_dev/Makefile;test_dev/Makefile;test_dev/README	regression or support source outside the benchmark families; test/all.tst and test_dev/Makefile distinguish compiler/Basis tests
mlkit	test_dev/debug.sml	debug	debug	-	exclude	kernel		not stated in scanned source headers	3133c53a7691453ab8cec4b9565cbbc6421c6f6404b7cd39fecc7030d3430523	test_dev/debug.sml		doc/license/GPL-LICENSE;doc/license/MLKit-LICENSE;doc/license/SMLNJ-LICENSE	test/all.tst;test_dev/Makefile;test_dev/Makefile;test_dev/README	regression or support source outside the benchmark families; test/all.tst and test_dev/Makefile distinguish compiler/Basis tests
mlkit	test_dev/div.sml	div	div	-	exclude	kernel		not stated in scanned source headers	6e05dd59b351fec9bbb9d3b67c5b02fae42101398fbc09fccfd70c2f2e4ce078	test_dev/div.sml		doc/license/GPL-LICENSE;doc/license/MLKit-LICENSE;doc/license/SMLNJ-LICENSE	test/all.tst;test_dev/Makefile;test_dev/Makefile;test_dev/README	regression or support source outside the benchmark families; test/all.tst and test_dev/Makefile distinguish compiler/Basis tests
mlkit	test_dev/div0.sml	div0	div0	-	exclude	kernel		not stated in scanned source headers	9c53f30020bdc35e781899b552cd7b785ca8820473bd24a9a74ce3c9ce61337c	test_dev/div0.sml		doc/license/GPL-LICENSE;doc/license/MLKit-LICENSE;doc/license/SMLNJ-LICENSE	test/all.tst;test_dev/Makefile;test_dev/Makefile;test_dev/README	regression or support source outside the benchmark families; test/all.tst and test_dev/Makefile distinguish compiler/Basis tests
mlkit	test_dev/empty.sml	empty	empty	-	exclude	kernel		not stated in scanned source headers	8443b970430caf5a3483ec50c765353ac45c97e9d2db99bf5352dc36cb4586bd	test_dev/empty.sml		doc/license/GPL-LICENSE;doc/license/MLKit-LICENSE;doc/license/SMLNJ-LICENSE	test/all.tst;test_dev/Makefile;test_dev/Makefile;test_dev/README	regression or support source outside the benchmark families; test/all.tst and test_dev/Makefile distinguish compiler/Basis tests
mlkit	test_dev/empty_loop.sml	empty_loop	empty_loop	-	exclude	kernel		not stated in scanned source headers	de815b682b54a2a52fc489427f843cb0d0aabecc0c3eb4294d34b822d20c9b9b	test_dev/empty_loop.sml		doc/license/GPL-LICENSE;doc/license/MLKit-LICENSE;doc/license/SMLNJ-LICENSE	test/all.tst;test_dev/Makefile;test_dev/Makefile;test_dev/README	regression or support source outside the benchmark families; test/all.tst and test_dev/Makefile distinguish compiler/Basis tests
mlkit	test_dev/eqdat.sml	eqdat	eqdat	-	exclude	kernel		not stated in scanned source headers	6c501631d258010443eec66a14e6703fcb6a75b9ecab54d8f8451b2c056ad18b	test_dev/eqdat.sml		doc/license/GPL-LICENSE;doc/license/MLKit-LICENSE;doc/license/SMLNJ-LICENSE	test/all.tst;test_dev/Makefile;test_dev/Makefile;test_dev/README	regression or support source outside the benchmark families; test/all.tst and test_dev/Makefile distinguish compiler/Basis tests
mlkit	test_dev/er1_err.sml	er1_err	er1_err	-	exclude	kernel		not stated in scanned source headers	036874869ca6b7347ad2f94282ad03f091723229e8e658f8f8614c731dc43098	test_dev/er1_err.sml		doc/license/GPL-LICENSE;doc/license/MLKit-LICENSE;doc/license/SMLNJ-LICENSE	test/all.tst;test_dev/Makefile;test_dev/Makefile;test_dev/README	regression or support source outside the benchmark families; test/all.tst and test_dev/Makefile distinguish compiler/Basis tests
mlkit	test_dev/exception1.sml	exception1	exception1	-	exclude	kernel		not stated in scanned source headers	082f884d980ed0d2a280431930e864fa2dd0aa313e375a6f0bc945cf3d577a98	test_dev/exception1.sml		doc/license/GPL-LICENSE;doc/license/MLKit-LICENSE;doc/license/SMLNJ-LICENSE	test/all.tst;test_dev/Makefile;test_dev/Makefile;test_dev/README	regression or support source outside the benchmark families; test/all.tst and test_dev/Makefile distinguish compiler/Basis tests
mlkit	test_dev/exception2.sml	exception2	exception2	-	exclude	kernel		not stated in scanned source headers	55af32463a85712bbfaaa0c2ef6970a7be391b89e737abd82f0843d1a92a6348	test_dev/exception2.sml		doc/license/GPL-LICENSE;doc/license/MLKit-LICENSE;doc/license/SMLNJ-LICENSE	test/all.tst;test_dev/Makefile;test_dev/Makefile;test_dev/README	regression or support source outside the benchmark families; test/all.tst and test_dev/Makefile distinguish compiler/Basis tests
mlkit	test_dev/exception3.sml	exception3	exception3	-	exclude	kernel		not stated in scanned source headers	a56bf679436d792db627f45adba33df7e324300052f70f49f0b46b5f779e706f	test_dev/exception3.sml		doc/license/GPL-LICENSE;doc/license/MLKit-LICENSE;doc/license/SMLNJ-LICENSE	test/all.tst;test_dev/Makefile;test_dev/Makefile;test_dev/README	regression or support source outside the benchmark families; test/all.tst and test_dev/Makefile distinguish compiler/Basis tests
mlkit	test_dev/exception4.sml	exception4	exception4	-	exclude	kernel		not stated in scanned source headers	8f775e3ca3accaa6dd74ff064411cfe8804f94c096666bf6fab2aa2fe50712f0	test_dev/exception4.sml		doc/license/GPL-LICENSE;doc/license/MLKit-LICENSE;doc/license/SMLNJ-LICENSE	test/all.tst;test_dev/Makefile;test_dev/Makefile;test_dev/README	regression or support source outside the benchmark families; test/all.tst and test_dev/Makefile distinguish compiler/Basis tests
mlkit	test_dev/exception5.sml	exception5	exception5	-	exclude	kernel		not stated in scanned source headers	08d42c3e45787cc0a5bd670b92607829534fc042794a50a0a29f30f2c099a715	test_dev/exception5.sml		doc/license/GPL-LICENSE;doc/license/MLKit-LICENSE;doc/license/SMLNJ-LICENSE	test/all.tst;test_dev/Makefile;test_dev/Makefile;test_dev/README	regression or support source outside the benchmark families; test/all.tst and test_dev/Makefile distinguish compiler/Basis tests
mlkit	test_dev/exception6.sml	exception6	exception6	-	exclude	kernel		not stated in scanned source headers	d2ce54535d9855787645045194a120585f28787c62eceeeed9703425d5ce8465	test_dev/exception6.sml		doc/license/GPL-LICENSE;doc/license/MLKit-LICENSE;doc/license/SMLNJ-LICENSE	test/all.tst;test_dev/Makefile;test_dev/Makefile;test_dev/README	regression or support source outside the benchmark families; test/all.tst and test_dev/Makefile distinguish compiler/Basis tests
mlkit	test_dev/exn1.sml	exn1	exn1	-	exclude	kernel		not stated in scanned source headers	010ba64d1cf1f7d7b196eed089d7bfc80bf6101df55020c1e2086470bb0d2f99	test_dev/exn1.sml		doc/license/GPL-LICENSE;doc/license/MLKit-LICENSE;doc/license/SMLNJ-LICENSE	test/all.tst;test_dev/Makefile;test_dev/Makefile;test_dev/README	regression or support source outside the benchmark families; test/all.tst and test_dev/Makefile distinguish compiler/Basis tests
mlkit	test_dev/exn2.sml	exn2	exn2	-	exclude	kernel		not stated in scanned source headers	3f2db93c8d6140600cb618416d18366052d9956a06e76c0f5193fef8bd8c98bb	test_dev/exn2.sml		doc/license/GPL-LICENSE;doc/license/MLKit-LICENSE;doc/license/SMLNJ-LICENSE	test/all.tst;test_dev/Makefile;test_dev/Makefile;test_dev/README	regression or support source outside the benchmark families; test/all.tst and test_dev/Makefile distinguish compiler/Basis tests
mlkit	test_dev/exn3.sml	exn3	exn3	-	exclude	kernel		not stated in scanned source headers	e08272c7040945bdd3ece7f5e68b57223930bc8afe2c6a5e2398ea63f0248def	test_dev/exn3.sml		doc/license/GPL-LICENSE;doc/license/MLKit-LICENSE;doc/license/SMLNJ-LICENSE	test/all.tst;test_dev/Makefile;test_dev/Makefile;test_dev/README	regression or support source outside the benchmark families; test/all.tst and test_dev/Makefile distinguish compiler/Basis tests
mlkit	test_dev/exn4.sml	exn4	exn4	-	exclude	kernel		not stated in scanned source headers	2f28d4cbf3355efc1ae9b73e0632833a4cc84200a6cbc1a01bc1cea73172dc83	test_dev/exn4.sml		doc/license/GPL-LICENSE;doc/license/MLKit-LICENSE;doc/license/SMLNJ-LICENSE	test/all.tst;test_dev/Makefile;test_dev/Makefile;test_dev/README	regression or support source outside the benchmark families; test/all.tst and test_dev/Makefile distinguish compiler/Basis tests
mlkit	test_dev/exn5.sml	exn5	exn5	-	exclude	kernel		not stated in scanned source headers	6c158ede72cda111c3c616ed5f1170f9acea1215297c76cb5466f98f0857b36e	test_dev/exn5.sml		doc/license/GPL-LICENSE;doc/license/MLKit-LICENSE;doc/license/SMLNJ-LICENSE	test/all.tst;test_dev/Makefile;test_dev/Makefile;test_dev/README	regression or support source outside the benchmark families; test/all.tst and test_dev/Makefile distinguish compiler/Basis tests
mlkit	test_dev/explode.sml	explode	explode	-	exclude	kernel		not stated in scanned source headers	4b5eb26df7da896f199438eb60f07b23d6ac42a157e2adc36a255cd32cad4615	test_dev/explode.sml		doc/license/GPL-LICENSE;doc/license/MLKit-LICENSE;doc/license/SMLNJ-LICENSE	test/all.tst;test_dev/Makefile;test_dev/Makefile;test_dev/README	regression or support source outside the benchmark families; test/all.tst and test_dev/Makefile distinguish compiler/Basis tests
mlkit	test_dev/expr.sml	expr	expr	-	exclude	kernel		not stated in scanned source headers	48734dae7350548745d2e90d70462629bb07b74daa2369a990f4600f9b33ffc1	test_dev/expr.sml		doc/license/GPL-LICENSE;doc/license/MLKit-LICENSE;doc/license/SMLNJ-LICENSE	test/all.tst;test_dev/Makefile;test_dev/Makefile;test_dev/README	regression or support source outside the benchmark families; test/all.tst and test_dev/Makefile distinguish compiler/Basis tests
mlkit	test_dev/f1.sml	f1	f1	-	exclude	kernel		not stated in scanned source headers	d0b96f9efa0c13e5a64134a61f6ec3079a0c533be653f974a511153f2d78a257	test_dev/f1.sml		doc/license/GPL-LICENSE;doc/license/MLKit-LICENSE;doc/license/SMLNJ-LICENSE	test/all.tst;test_dev/Makefile;test_dev/Makefile;test_dev/README	regression or support source outside the benchmark families; test/all.tst and test_dev/Makefile distinguish compiler/Basis tests
mlkit	test_dev/f2.sml	f2	f2	-	exclude	kernel		not stated in scanned source headers	52538e1905d26eedddfebd960c170d06c5e4de7626a1b5daea961875a739f3e5	test_dev/f2.sml		doc/license/GPL-LICENSE;doc/license/MLKit-LICENSE;doc/license/SMLNJ-LICENSE	test/all.tst;test_dev/Makefile;test_dev/Makefile;test_dev/README	regression or support source outside the benchmark families; test/all.tst and test_dev/Makefile distinguish compiler/Basis tests
mlkit	test_dev/f64.sml	f64	f64	-	exclude	kernel		not stated in scanned source headers	51cbc9a4d3966a28a35294267bbbf4dfddd9e85e8ab01b82a9b2a8d8510f5c9f	test_dev/f64.sml		doc/license/GPL-LICENSE;doc/license/MLKit-LICENSE;doc/license/SMLNJ-LICENSE	test/all.tst;test_dev/Makefile;test_dev/Makefile;test_dev/README	regression or support source outside the benchmark families; test/all.tst and test_dev/Makefile distinguish compiler/Basis tests
mlkit	test_dev/f64_1.sml	f64_1	f64_1	-	exclude	kernel		not stated in scanned source headers	f3350e4ad4b572ef8bc92b10803ca9909c60578bd691c56f12784c01da65b876	test_dev/f64_1.sml		doc/license/GPL-LICENSE;doc/license/MLKit-LICENSE;doc/license/SMLNJ-LICENSE	test/all.tst;test_dev/Makefile;test_dev/Makefile;test_dev/README	regression or support source outside the benchmark families; test/all.tst and test_dev/Makefile distinguish compiler/Basis tests
mlkit	test_dev/f64_2.sml	f64_2	f64_2	-	exclude	kernel		not stated in scanned source headers	cb69119b1ff98aef8c8051f45d93379b6a57f62b7d8dec7dae5a56e05c03a396	test_dev/f64_2.sml		doc/license/GPL-LICENSE;doc/license/MLKit-LICENSE;doc/license/SMLNJ-LICENSE	test/all.tst;test_dev/Makefile;test_dev/Makefile;test_dev/README	regression or support source outside the benchmark families; test/all.tst and test_dev/Makefile distinguish compiler/Basis tests
mlkit	test_dev/f64_3.sml	f64_3	f64_3	-	exclude	kernel		not stated in scanned source headers	80b4f6f8a9c748d18e66dd2dbcefcc4949582a1a0adc713b276f8cc3b3cb6fa6	test_dev/f64_3.sml		doc/license/GPL-LICENSE;doc/license/MLKit-LICENSE;doc/license/SMLNJ-LICENSE	test/all.tst;test_dev/Makefile;test_dev/Makefile;test_dev/README	regression or support source outside the benchmark families; test/all.tst and test_dev/Makefile distinguish compiler/Basis tests
mlkit	test_dev/f64_4.sml	f64_4	f64_4	-	exclude	kernel		not stated in scanned source headers	279b821529f3a4a08e8b1e05a541b918ce3284e8a1b93f1ed6cf30fb379ae167	test_dev/f64_4.sml		doc/license/GPL-LICENSE;doc/license/MLKit-LICENSE;doc/license/SMLNJ-LICENSE	test/all.tst;test_dev/Makefile;test_dev/Makefile;test_dev/README	regression or support source outside the benchmark families; test/all.tst and test_dev/Makefile distinguish compiler/Basis tests
mlkit	test_dev/f64_simple.sml	f64_simple	f64_simple	-	exclude	numerical		not stated in scanned source headers	8b2a5de71cbc84450f30e233776228558261335a3c40409879fec8dfc5c85b76	test_dev/f64_simple.sml		doc/license/GPL-LICENSE;doc/license/MLKit-LICENSE;doc/license/SMLNJ-LICENSE	test/all.tst;test_dev/Makefile;test_dev/Makefile;test_dev/README	regression or support source outside the benchmark families; test/all.tst and test_dev/Makefile distinguish compiler/Basis tests
mlkit	test_dev/f64_simple1.sml	f64_simple1	f64_simple1	-	exclude	numerical		not stated in scanned source headers	eb0043a6745b756705c38f68ad489a28d8464267b544f2249cac1eb6e1426aa6	test_dev/f64_simple1.sml		doc/license/GPL-LICENSE;doc/license/MLKit-LICENSE;doc/license/SMLNJ-LICENSE	test/all.tst;test_dev/Makefile;test_dev/Makefile;test_dev/README	regression or support source outside the benchmark families; test/all.tst and test_dev/Makefile distinguish compiler/Basis tests
mlkit	test_dev/f64_simple2.sml	f64_simple2	f64_simple2	-	exclude	numerical		not stated in scanned source headers	c4d9fc283d0fa1bbb637c827956f39e68b3ace55827dcd29c4de5c84664ef6aa	test_dev/f64_simple2.sml		doc/license/GPL-LICENSE;doc/license/MLKit-LICENSE;doc/license/SMLNJ-LICENSE	test/all.tst;test_dev/Makefile;test_dev/Makefile;test_dev/README	regression or support source outside the benchmark families; test/all.tst and test_dev/Makefile distinguish compiler/Basis tests
mlkit	test_dev/fft_no_basislib.sml	fft_no_basislib	fft_no_basislib	M2	defer	numerical	mlkit:test/fft.sml;mlton:benchmark/tests/fft.sml;nofib:parallel/OLD/NESL/fft.lhs;nofib:spectral/hartel/fft;sandmark:benchmarks/numerical-analysis/fft.exe;smlnj:programs/fft	not stated in scanned source headers	3b461c09246cd34951fd4790b2a75a4da5c7bfd0886dbe250451c42e29c81443	test_dev/fft_no_basislib.sml		doc/license/GPL-LICENSE;doc/license/MLKit-LICENSE;doc/license/SMLNJ-LICENSE	test/all.tst;test_dev/Makefile;test_dev/Makefile;test_dev/README	calls ML Kit region-reset controls; removing these changes the measured storage policy; reconsider with equivalent region lifetime controls, and retain portable algorithm variants separately
mlkit	test_dev/fib.sml	fib	fib-mlkit	M2	import	calls-recursion	mlton:benchmark/tests/fib.sml	not stated in scanned source headers	08a8ed6ee5c8a963fc97b3bd53c132bebe28155bc57b209b2e100505ccd1631f	test_dev/fib.sml		doc/license/GPL-LICENSE;doc/license/MLKit-LICENSE;doc/license/SMLNJ-LICENSE	test/all.tst;test_dev/Makefile;test_dev/Makefile;test_dev/README	portable workload; retain algorithm and review driver, numeric assumptions, fixtures and notices before import
mlkit	test_dev/fib0.sml	fib0	fib0	M2	import	calls-recursion		not stated in scanned source headers	0eb8228a7521673896e0d41cf4ca0678419cdae855816330aad4179776e2f548	test_dev/fib0.sml		doc/license/GPL-LICENSE;doc/license/MLKit-LICENSE;doc/license/SMLNJ-LICENSE	test/all.tst;test_dev/Makefile;test_dev/Makefile;test_dev/README	portable workload; retain algorithm and review driver, numeric assumptions, fixtures and notices before import
mlkit	test_dev/floor.sml	floor	floor	-	exclude	kernel		not stated in scanned source headers	5110565fd6a101429d6940eb3a29e569eb47d36c2e85d4015a192f61cd3289f7	test_dev/floor.sml		doc/license/GPL-LICENSE;doc/license/MLKit-LICENSE;doc/license/SMLNJ-LICENSE	test/all.tst;test_dev/Makefile;test_dev/Makefile;test_dev/README	regression or support source outside the benchmark families; test/all.tst and test_dev/Makefile distinguish compiler/Basis tests
mlkit	test_dev/floor2.sml	floor2	floor2	-	exclude	kernel		not stated in scanned source headers	3ec82b4f674cfed770cba952fd81f82784217c4eda1744b27fc361ec6fd1dfde	test_dev/floor2.sml		doc/license/GPL-LICENSE;doc/license/MLKit-LICENSE;doc/license/SMLNJ-LICENSE	test/all.tst;test_dev/Makefile;test_dev/Makefile;test_dev/README	regression or support source outside the benchmark families; test/all.tst and test_dev/Makefile distinguish compiler/Basis tests
mlkit	test_dev/foldl.sml	foldl	foldl	-	exclude	kernel		not stated in scanned source headers	c23ca5a598ae041ee9eeab271fe21c7fd82915aaaa8e22669aa6450cb9ed25c1	test_dev/foldl.sml		doc/license/GPL-LICENSE;doc/license/MLKit-LICENSE;doc/license/SMLNJ-LICENSE	test/all.tst;test_dev/Makefile;test_dev/Makefile;test_dev/README	regression or support source outside the benchmark families; test/all.tst and test_dev/Makefile distinguish compiler/Basis tests
mlkit	test_dev/general.sml	general	general	-	exclude	kernel	mlkit:test/general.sml	not stated in scanned source headers	f385d189359aac3f7460bdc2a984b1477166ce924ac090fa7c9d4391e9de4b43	test_dev/general.sml		doc/license/GPL-LICENSE;doc/license/MLKit-LICENSE;doc/license/SMLNJ-LICENSE	test/all.tst;test_dev/Makefile;test_dev/Makefile;test_dev/README	regression or support source outside the benchmark families; test/all.tst and test_dev/Makefile distinguish compiler/Basis tests
mlkit	test_dev/general_debug.sml	general_debug	general_debug	-	exclude	kernel		not stated in scanned source headers	258da1d81fc1197423bd05d7f6510a2cae4f0c526382a38932c56724cdccae0d	test_dev/general_debug.sml		doc/license/GPL-LICENSE;doc/license/MLKit-LICENSE;doc/license/SMLNJ-LICENSE	test/all.tst;test_dev/Makefile;test_dev/Makefile;test_dev/README	regression or support source outside the benchmark families; test/all.tst and test_dev/Makefile distinguish compiler/Basis tests
mlkit	test_dev/global_region.sml	global_region	global_region	-	exclude	kernel		not stated in scanned source headers	2ae0b30d0f6a3bdb3b25bda2c3a404e02faf92d80e08fb6b198905829342ff31	test_dev/global_region.sml		doc/license/GPL-LICENSE;doc/license/MLKit-LICENSE;doc/license/SMLNJ-LICENSE	test/all.tst;test_dev/Makefile;test_dev/Makefile;test_dev/README	regression or support source outside the benchmark families; test/all.tst and test_dev/Makefile distinguish compiler/Basis tests
mlkit	test_dev/hanoi.sml	hanoi	hanoi	M2	import	kernel		not stated in scanned source headers	8d124f4541b955a5f47d7cc355bf378e8af2994062adb846b66dad152cf69eb4	test_dev/hanoi.sml		doc/license/GPL-LICENSE;doc/license/MLKit-LICENSE;doc/license/SMLNJ-LICENSE	test/all.tst;test_dev/Makefile;test_dev/Makefile;test_dev/README	portable workload; retain algorithm and review driver, numeric assumptions, fixtures and notices before import
mlkit	test_dev/hello.sml	hello	hello	-	exclude	kernel		not stated in scanned source headers	775c6eeb1ce63c31ff58debbebcd8613068fdd813b340703d49f6b11a1e8fbc6	test_dev/hello.sml		doc/license/GPL-LICENSE;doc/license/MLKit-LICENSE;doc/license/SMLNJ-LICENSE	test/all.tst;test_dev/Makefile;test_dev/Makefile;test_dev/README	regression or support source outside the benchmark families; test/all.tst and test_dev/Makefile distinguish compiler/Basis tests
mlkit	test_dev/if.sml	if	if	-	exclude	kernel		not stated in scanned source headers	ac484e35a34d2caa308a71684bf962497fd5f744549970b747e27aebedd96ab6	test_dev/if.sml		doc/license/GPL-LICENSE;doc/license/MLKit-LICENSE;doc/license/SMLNJ-LICENSE	test/all.tst;test_dev/Makefile;test_dev/Makefile;test_dev/README	regression or support source outside the benchmark families; test/all.tst and test_dev/Makefile distinguish compiler/Basis tests
mlkit	test_dev/if2.sml	if2	if2	-	exclude	kernel		not stated in scanned source headers	0313fd72c7f5f9d7e118572b049116ff36edd9808fbc0be0762dffb974bd3661	test_dev/if2.sml		doc/license/GPL-LICENSE;doc/license/MLKit-LICENSE;doc/license/SMLNJ-LICENSE	test/all.tst;test_dev/Makefile;test_dev/Makefile;test_dev/README	regression or support source outside the benchmark families; test/all.tst and test_dev/Makefile distinguish compiler/Basis tests
mlkit	test_dev/immedString.sml	immedString	immedString	-	exclude	kernel		not stated in scanned source headers	a4b1928be0ea73f4983bdfd56235e8180ba5fcea981db7aebf87bfb7cd0d9e43	test_dev/immedString.sml		doc/license/GPL-LICENSE;doc/license/MLKit-LICENSE;doc/license/SMLNJ-LICENSE	test/all.tst;test_dev/Makefile;test_dev/Makefile;test_dev/README	regression or support source outside the benchmark families; test/all.tst and test_dev/Makefile distinguish compiler/Basis tests
mlkit	test_dev/int_first.sml	int_first	int_first	-	exclude	kernel		not stated in scanned source headers	23263232fb060a93894eeb5b38442b0543d3dae5381c7427898e47422e51f11c	test_dev/int_first.sml		doc/license/GPL-LICENSE;doc/license/MLKit-LICENSE;doc/license/SMLNJ-LICENSE	test/all.tst;test_dev/Makefile;test_dev/Makefile;test_dev/README	regression or support source outside the benchmark families; test/all.tst and test_dev/Makefile distinguish compiler/Basis tests
mlkit	test_dev/int_overflow.sml	int_overflow	int_overflow	-	exclude	kernel		not stated in scanned source headers	d381389f58a13daaead09d1bf1e9666a4199ae6b0228d74fe15edcfd0e88f6db	test_dev/int_overflow.sml		doc/license/GPL-LICENSE;doc/license/MLKit-LICENSE;doc/license/SMLNJ-LICENSE	test/all.tst;test_dev/Makefile;test_dev/Makefile;test_dev/README	regression or support source outside the benchmark families; test/all.tst and test_dev/Makefile distinguish compiler/Basis tests
mlkit	test_dev/interrupt.sml	interrupt	interrupt	-	exclude	kernel		not stated in scanned source headers	fb91bb0ba0bae51a2db04f4131770c6a8faf237ab81376df934fd453584569c2	test_dev/interrupt.sml		doc/license/GPL-LICENSE;doc/license/MLKit-LICENSE;doc/license/SMLNJ-LICENSE	test/all.tst;test_dev/Makefile;test_dev/Makefile;test_dev/README	regression or support source outside the benchmark families; test/all.tst and test_dev/Makefile distinguish compiler/Basis tests
mlkit	test_dev/jt.sml	jt	jt	-	exclude	kernel		not stated in scanned source headers	ef916170eed30a323db1eaa0b213ed442af9f33c0cd149962d715fe3432534dd	test_dev/jt.sml		doc/license/GPL-LICENSE;doc/license/MLKit-LICENSE;doc/license/SMLNJ-LICENSE	test/all.tst;test_dev/Makefile;test_dev/Makefile;test_dev/README	regression or support source outside the benchmark families; test/all.tst and test_dev/Makefile distinguish compiler/Basis tests
mlkit	test_dev/kitkbjul9_no_basislib.sml	kitkbjul9_no_basislib	kitkbjul9_no_basislib	M2	defer	symbolic-search	mlkit:test/kitkbjul9.sml;mlkit:test/kitkbjul9_smlnj.sml;mlkit:test/kitkbjul9_tp.sml	not stated in scanned source headers	290cc1e03aa7d71701d1a2291c60e1e85a9b1278f22de395701082e2daf606ba	test_dev/kitkbjul9_no_basislib.sml		doc/license/GPL-LICENSE;doc/license/MLKit-LICENSE;doc/license/SMLNJ-LICENSE	test/all.tst;test_dev/Makefile;test_dev/Makefile;test_dev/README	calls ML Kit region-reset controls; removing these changes the measured storage policy; reconsider with equivalent region lifetime controls, and retain portable algorithm variants separately
mlkit	test_dev/kitlife35u_no_basislib.sml	kitlife35u_no_basislib	kitlife35u_no_basislib	M2	defer	kernel	mlkit:test/kitlife35u.sml;mlkit:test/kitlife35u_mlton.sml;mlkit:test/kitlife35u_smlnj.sml;mlkit:test/kitlife35u_tp.sml	not stated in scanned source headers	036a72c5fed30086e3a4aa79ef72c6fd9b31790fbe92b37a1a683fcce74b1a72	test_dev/kitlife35u_no_basislib.sml		doc/license/GPL-LICENSE;doc/license/MLKit-LICENSE;doc/license/SMLNJ-LICENSE	test/all.tst;test_dev/Makefile;test_dev/Makefile;test_dev/README	calls ML Kit region-reset controls; removing these changes the measured storage policy; reconsider with equivalent region lifetime controls, and retain portable algorithm variants separately
mlkit	test_dev/kitqsort.sml	kitqsort	kitqsort	M2	defer	lists-streams	mlkit:test/kitqsort.sml;mlkit:test_dev/kitqsort_no_basislib.sml	not stated in scanned source headers	f9acd32f16bf756dfd42a9fb889a99e2628fb2ec6572bd6bb08475e410cb2cff	test_dev/kitqsort.sml		doc/license/GPL-LICENSE;doc/license/MLKit-LICENSE;doc/license/SMLNJ-LICENSE	test/all.tst;test_dev/Makefile;test_dev/Makefile;test_dev/README	calls ML Kit region-reset controls; removing these changes the measured storage policy; reconsider with equivalent region lifetime controls, and retain portable algorithm variants separately
mlkit	test_dev/kitqsort_no_basislib.sml	kitqsort_no_basislib	kitqsort_no_basislib	M2	import	lists-streams	mlkit:test/kitqsort.sml;mlkit:test_dev/kitqsort.sml	not stated in scanned source headers	b9a587a1bbff119e18225477aa4ad602aa24009e36c271d59c18a9fb916aa21a	test_dev/kitqsort_no_basislib.sml		doc/license/GPL-LICENSE;doc/license/MLKit-LICENSE;doc/license/SMLNJ-LICENSE	test/all.tst;test_dev/Makefile;test_dev/Makefile;test_dev/README	portable workload; retain algorithm and review driver, numeric assumptions, fixtures and notices before import
mlkit	test_dev/kitreynolds2_no_basislib.sml	kitreynolds2_no_basislib	kitreynolds2_no_basislib	M2	import	allocation-lifetimes	mlkit:test/kitreynolds2.sml	not stated in scanned source headers	4c0e112660401ab5ad509f288ca632084714be2945c316ebd7dc0d907bf54271	test_dev/kitreynolds2_no_basislib.sml		doc/license/GPL-LICENSE;doc/license/MLKit-LICENSE;doc/license/SMLNJ-LICENSE	test/all.tst;test_dev/Makefile;test_dev/Makefile;test_dev/README	portable workload; retain algorithm and review driver, numeric assumptions, fixtures and notices before import
mlkit	test_dev/kitreynolds3_no_basislib.sml	kitreynolds3_no_basislib	kitreynolds3_no_basislib	M2	import	allocation-lifetimes	mlkit:test/kitreynolds3.sml	not stated in scanned source headers	462f42a80328f662baacbf61c9c0e7fd35c1f20297f867ea2fc696a30456401c	test_dev/kitreynolds3_no_basislib.sml		doc/license/GPL-LICENSE;doc/license/MLKit-LICENSE;doc/license/SMLNJ-LICENSE	test/all.tst;test_dev/Makefile;test_dev/Makefile;test_dev/README	portable workload; retain algorithm and review driver, numeric assumptions, fixtures and notices before import
mlkit	test_dev/kitsimple.sml	kitsimple	kitsimple	M2	duplicate	numerical	mlkit:test/kitsimple.sml;mlkit:test/kitsimple_smlnj.sml;mlkit:test/kitsimple_tp.sml;mlkit:test_dev/kitsimple_no_basislib.sml	not stated in scanned source headers	b13eb03c79cb311eb165153e9538920e68c8421462a781e81aba47e0e23ebe06	test_dev/kitsimple.sml		doc/license/GPL-LICENSE;doc/license/MLKit-LICENSE;doc/license/SMLNJ-LICENSE	test/all.tst;test_dev/Makefile;test_dev/Makefile;test_dev/README	identical source and hardcoded workload to mlkit:test/kitsimple.sml; retain the test entry and both provenance paths
mlkit	test_dev/kitsimple_no_basislib.sml	kitsimple_no_basislib	kitsimple_no_basislib	M2	import	numerical	mlkit:test/kitsimple.sml;mlkit:test/kitsimple_smlnj.sml;mlkit:test/kitsimple_tp.sml;mlkit:test_dev/kitsimple.sml	not stated in scanned source headers	f182c6e9d89d85012457f1d962115c21eeb949297f7e52b746acf61e17a28aaf	test_dev/kitsimple_no_basislib.sml		doc/license/GPL-LICENSE;doc/license/MLKit-LICENSE;doc/license/SMLNJ-LICENSE	test/all.tst;test_dev/Makefile;test_dev/Makefile;test_dev/README	portable workload; retain algorithm and review driver, numeric assumptions, fixtures and notices before import
mlkit	test_dev/kittmergesort_no_basislib.sml	kittmergesort_no_basislib	kittmergesort_no_basislib	M2	import	lists-streams	mlkit:test/kittmergesort.sml;mlkit:test/kittmergesort_smlnj.sml;mlkit:test/kittmergesort_tp.sml	not stated in scanned source headers	504d1795f6cdca1ee2325dec0a941ef315bd816d63e11ddf1fa43b4e07ca81dd	test_dev/kittmergesort_no_basislib.sml		doc/license/GPL-LICENSE;doc/license/MLKit-LICENSE;doc/license/SMLNJ-LICENSE	test/all.tst;test_dev/Makefile;test_dev/Makefile;test_dev/README	portable workload; retain algorithm and review driver, numeric assumptions, fixtures and notices before import
mlkit	test_dev/l1.sml	l1	l1	-	exclude	kernel		not stated in scanned source headers	6bd90301436b8d114f4901b4c738374486206a873e465d03eb76e83be6f7f195	test_dev/l1.sml		doc/license/GPL-LICENSE;doc/license/MLKit-LICENSE;doc/license/SMLNJ-LICENSE	test/all.tst;test_dev/Makefile;test_dev/Makefile;test_dev/README	regression or support source outside the benchmark families; test/all.tst and test_dev/Makefile distinguish compiler/Basis tests
mlkit	test_dev/life.sml	life	life	-	exclude	kernel	mlkit:test/life.sml;mlton:benchmark/tests/life.sml;nofib:spectral/life;smlnj:programs/life	not stated in scanned source headers	562a7780cd41e7d52ca295c9ebcd907b66c2b508a1c898d8fc399281cbb08fa4	test_dev/life.sml		doc/license/GPL-LICENSE;doc/license/MLKit-LICENSE;doc/license/SMLNJ-LICENSE	test/all.tst;test_dev/Makefile;test_dev/Makefile;test_dev/README	compiler copy-string/debug regression: maps only the literal list [0,1] and prints progress; contains no Life evolution or benchmark invocation
mlkit	test_dev/list_nh.sml	list_nh	list_nh	-	exclude	lists-streams		not stated in scanned source headers	c3ee13d9150ab736bab0ebb38db95eeda7c7687d886e39350e245eb161ae5568	test_dev/list_nh.sml		doc/license/GPL-LICENSE;doc/license/MLKit-LICENSE;doc/license/SMLNJ-LICENSE	test/all.tst;test_dev/Makefile;test_dev/Makefile;test_dev/README	regression or support source outside the benchmark families; test/all.tst and test_dev/Makefile distinguish compiler/Basis tests
mlkit	test_dev/listpair.sml	listpair	listpair	-	exclude	lists-streams	mlkit:test/listpair.sml	not stated in scanned source headers	e5a10be0a97425c8fbb84afdb95a3142ac56e2ef969d8ddbc1acad376710c0b3	test_dev/listpair.sml		doc/license/GPL-LICENSE;doc/license/MLKit-LICENSE;doc/license/SMLNJ-LICENSE	test/all.tst;test_dev/Makefile;test_dev/Makefile;test_dev/README	regression or support source outside the benchmark families; test/all.tst and test_dev/Makefile distinguish compiler/Basis tests
mlkit	test_dev/listsort.sml	listsort	listsort	-	exclude	lists-streams	mlkit:test/listsort.mlb;mlkit:test/listsort.sml	not stated in scanned source headers	f1c9e07abbb6c23be048f67b1aca8b7d9ac31d36712b0ac5bc72292b1c08088a	test_dev/listsort.sml		doc/license/GPL-LICENSE;doc/license/MLKit-LICENSE;doc/license/SMLNJ-LICENSE	test/all.tst;test_dev/Makefile;test_dev/Makefile;test_dev/README	explicit Testing structure Listsort correctness program with test1/test2 boolean checks and Random.newgen; not the copying mergesort benchmark or a standalone sorting kernel
mlkit	test_dev/many_args.sml	many_args	many_args	-	exclude	kernel		not stated in scanned source headers	556e217f735278f7057dabd33ec25849cfc1c6644c937765b5cfa65551c13190	test_dev/many_args.sml		doc/license/GPL-LICENSE;doc/license/MLKit-LICENSE;doc/license/SMLNJ-LICENSE	test/all.tst;test_dev/Makefile;test_dev/Makefile;test_dev/README	regression or support source outside the benchmark families; test/all.tst and test_dev/Makefile distinguish compiler/Basis tests
mlkit	test_dev/many_refs.sml	many_refs	many_refs	M2	import	kernel		not stated in scanned source headers	610c9d8b3d8f30812b979d69490b02a3da4b9849c46429f73b8906fe94f85cf0	test_dev/many_refs.sml		doc/license/GPL-LICENSE;doc/license/MLKit-LICENSE;doc/license/SMLNJ-LICENSE	test/all.tst;test_dev/Makefile;test_dev/Makefile;test_dev/README	portable workload; retain algorithm and review driver, numeric assumptions, fixtures and notices before import
mlkit	test_dev/p1.sml	p1	p1	-	exclude	kernel		not stated in scanned source headers	92728969aa1daa8f162bfd81502c66f8768f932a1d2eae76d2977c56f0145552	test_dev/p1.sml		doc/license/GPL-LICENSE;doc/license/MLKit-LICENSE;doc/license/SMLNJ-LICENSE	test/all.tst;test_dev/Makefile;test_dev/Makefile;test_dev/README	regression or support source outside the benchmark families; test/all.tst and test_dev/Makefile distinguish compiler/Basis tests
mlkit	test_dev/professor_game.sml	professor_game	professor_game-mlkit	M2	import	kernel	mlkit:test/professor_game.sml	not stated in scanned source headers	6588bf73a241fda8bfe93dd33caaad1fbb3ad4099548096920b60f667c917dba	test_dev/professor_game.sml		doc/license/GPL-LICENSE;doc/license/MLKit-LICENSE;doc/license/SMLNJ-LICENSE	test/all.tst;test_dev/Makefile;test_dev/Makefile;test_dev/README	portable workload; retain algorithm and review driver, numeric assumptions, fixtures and notices before import
mlkit	test_dev/professor_game_debug.sml	professor_game_debug	professor_game_debug	M2	import	kernel		not stated in scanned source headers	cbcf47dd5f5e2bb29a3549f3ffdd26c5df471090195da17c3e893bc0cea09464	test_dev/professor_game_debug.sml		doc/license/GPL-LICENSE;doc/license/MLKit-LICENSE;doc/license/SMLNJ-LICENSE	test/all.tst;test_dev/Makefile;test_dev/Makefile;test_dev/README	portable workload; retain algorithm and review driver, numeric assumptions, fixtures and notices before import
mlkit	test_dev/raise_div.sml	raise_div	raise_div	-	exclude	kernel		not stated in scanned source headers	3aba84a4b80fb37d16bbde1f55c5e5bdb3033ad231a9856b8e3c7dd5697d8f4f	test_dev/raise_div.sml		doc/license/GPL-LICENSE;doc/license/MLKit-LICENSE;doc/license/SMLNJ-LICENSE	test/all.tst;test_dev/Makefile;test_dev/Makefile;test_dev/README	regression or support source outside the benchmark families; test/all.tst and test_dev/Makefile distinguish compiler/Basis tests
mlkit	test_dev/raise_maybe.sml	raise_maybe	raise_maybe	-	exclude	kernel		not stated in scanned source headers	a206b89569af4c43e82136524b02c62cd0bb9da1a535a030ae5c86098304abef	test_dev/raise_maybe.sml		doc/license/GPL-LICENSE;doc/license/MLKit-LICENSE;doc/license/SMLNJ-LICENSE	test/all.tst;test_dev/Makefile;test_dev/Makefile;test_dev/README	regression or support source outside the benchmark families; test/all.tst and test_dev/Makefile distinguish compiler/Basis tests
mlkit	test_dev/real0.sml	real0	real0	-	exclude	kernel		not stated in scanned source headers	decea6fa4d611fcf5f3e4dce3319e44d23b83aca28acacc564a583dfae89c58e	test_dev/real0.sml		doc/license/GPL-LICENSE;doc/license/MLKit-LICENSE;doc/license/SMLNJ-LICENSE	test/all.tst;test_dev/Makefile;test_dev/Makefile;test_dev/README	regression or support source outside the benchmark families; test/all.tst and test_dev/Makefile distinguish compiler/Basis tests
mlkit	test_dev/real1.sml	real1	real1	-	exclude	kernel		not stated in scanned source headers	bcac6a6bf10cca3700aca691dae4f9986beae88cc8ff2b8f7ecc2a7bc1865320	test_dev/real1.sml		doc/license/GPL-LICENSE;doc/license/MLKit-LICENSE;doc/license/SMLNJ-LICENSE	test/all.tst;test_dev/Makefile;test_dev/Makefile;test_dev/README	regression or support source outside the benchmark families; test/all.tst and test_dev/Makefile distinguish compiler/Basis tests
mlkit	test_dev/real2.sml	real2	real2	-	exclude	kernel		not stated in scanned source headers	2415928fc8b5d3ae0b9976481b7469ae701ec358b8f8f3f0d539226c104e5baa	test_dev/real2.sml		doc/license/GPL-LICENSE;doc/license/MLKit-LICENSE;doc/license/SMLNJ-LICENSE	test/all.tst;test_dev/Makefile;test_dev/Makefile;test_dev/README	regression or support source outside the benchmark families; test/all.tst and test_dev/Makefile distinguish compiler/Basis tests
mlkit	test_dev/real3.sml	real3	real3	-	exclude	kernel		not stated in scanned source headers	3eba9df74a96384812ab9d3cc062f8776ddb2b6fd42c6dcc09b117039a74be5a	test_dev/real3.sml		doc/license/GPL-LICENSE;doc/license/MLKit-LICENSE;doc/license/SMLNJ-LICENSE	test/all.tst;test_dev/Makefile;test_dev/Makefile;test_dev/README	regression or support source outside the benchmark families; test/all.tst and test_dev/Makefile distinguish compiler/Basis tests
mlkit	test_dev/real5.sml	real5	real5	-	exclude	kernel		not stated in scanned source headers	e7ce67be01851fe623d9419398df05a387ff7a557eb7443284a025f579ae7fc6	test_dev/real5.sml		doc/license/GPL-LICENSE;doc/license/MLKit-LICENSE;doc/license/SMLNJ-LICENSE	test/all.tst;test_dev/Makefile;test_dev/Makefile;test_dev/README	regression or support source outside the benchmark families; test/all.tst and test_dev/Makefile distinguish compiler/Basis tests
mlkit	test_dev/real_cmp.sml	real_cmp	real_cmp	-	exclude	kernel		not stated in scanned source headers	de4e9ecfad90392965796cb1034f280df0799a52379071ab50a2561ba59b3fe1	test_dev/real_cmp.sml		doc/license/GPL-LICENSE;doc/license/MLKit-LICENSE;doc/license/SMLNJ-LICENSE	test/all.tst;test_dev/Makefile;test_dev/Makefile;test_dev/README	regression or support source outside the benchmark families; test/all.tst and test_dev/Makefile distinguish compiler/Basis tests
mlkit	test_dev/real_negabs.sml	real_negabs	real_negabs	-	exclude	kernel		not stated in scanned source headers	9a824df1239e9f617f8e4063742b9eadb4dd984edcfecd56c1372d1376cf6584	test_dev/real_negabs.sml		doc/license/GPL-LICENSE;doc/license/MLKit-LICENSE;doc/license/SMLNJ-LICENSE	test/all.tst;test_dev/Makefile;test_dev/Makefile;test_dev/README	regression or support source outside the benchmark families; test/all.tst and test_dev/Makefile distinguish compiler/Basis tests
mlkit	test_dev/real_problem.sml	real_problem	real_problem	-	exclude	kernel		not stated in scanned source headers	47d0e4124b615815c06f6b15f578c8d7a80bb092ba230c1799edeb0e17647d52	test_dev/real_problem.sml		doc/license/GPL-LICENSE;doc/license/MLKit-LICENSE;doc/license/SMLNJ-LICENSE	test/all.tst;test_dev/Makefile;test_dev/Makefile;test_dev/README	regression or support source outside the benchmark families; test/all.tst and test_dev/Makefile distinguish compiler/Basis tests
mlkit	test_dev/ref-int.sml	ref-int	ref-int	-	exclude	kernel		not stated in scanned source headers	710fef1852d9d46e1bf3407dadd9f89957cac9ce61c99e54ba518fd499dcef7e	test_dev/ref-int.sml		doc/license/GPL-LICENSE;doc/license/MLKit-LICENSE;doc/license/SMLNJ-LICENSE	test/all.tst;test_dev/Makefile;test_dev/Makefile;test_dev/README	regression or support source outside the benchmark families; test/all.tst and test_dev/Makefile distinguish compiler/Basis tests
mlkit	test_dev/ref-real.sml	ref-real	ref-real	-	exclude	kernel		not stated in scanned source headers	8ff4ebb4de6fad344bfba8bcf569ecf02d7b205be0755dd471841c3681eaecfd	test_dev/ref-real.sml		doc/license/GPL-LICENSE;doc/license/MLKit-LICENSE;doc/license/SMLNJ-LICENSE	test/all.tst;test_dev/Makefile;test_dev/Makefile;test_dev/README	regression or support source outside the benchmark families; test/all.tst and test_dev/Makefile distinguish compiler/Basis tests
mlkit	test_dev/ref.sml	ref	ref	-	exclude	kernel		not stated in scanned source headers	651bb38a4c20f76b4a3b8db5f9831fbe720e96101651fe62ea6c3f55ed1b4e05	test_dev/ref.sml		doc/license/GPL-LICENSE;doc/license/MLKit-LICENSE;doc/license/SMLNJ-LICENSE	test/all.tst;test_dev/Makefile;test_dev/Makefile;test_dev/README	regression or support source outside the benchmark families; test/all.tst and test_dev/Makefile distinguish compiler/Basis tests
mlkit	test_dev/reg.sml	reg	reg	-	exclude	kernel		not stated in scanned source headers	a2f1e3053f846ecf859f077938bec6e79c0d814bf3a0539306b4ad3b4433c282	test_dev/reg.sml		doc/license/GPL-LICENSE;doc/license/MLKit-LICENSE;doc/license/SMLNJ-LICENSE	test/all.tst;test_dev/Makefile;test_dev/Makefile;test_dev/README	regression or support source outside the benchmark families; test/all.tst and test_dev/Makefile distinguish compiler/Basis tests
mlkit	test_dev/rev.sml	rev	rev	-	exclude	lists-streams		not stated in scanned source headers	735f6ddbd7185db66f1a3632223c738fa7544300b42bf8e259f4252003d1f54c	test_dev/rev.sml		doc/license/GPL-LICENSE;doc/license/MLKit-LICENSE;doc/license/SMLNJ-LICENSE	test/all.tst;test_dev/Makefile;test_dev/Makefile;test_dev/README	two-element primitive printList/reversal compiler example using only [1,2]; no benchmark loop or representative input; larger list workloads are inventoried separately
mlkit	test_dev/scratchmem.sml	scratchmem	scratchmem	-	exclude	kernel		not stated in scanned source headers	39c2ddcc763a73d3dff801e53fb61948246ac54b067955ed8716ec599d932af5	test_dev/scratchmem.sml		doc/license/GPL-LICENSE;doc/license/MLKit-LICENSE;doc/license/SMLNJ-LICENSE	test/all.tst;test_dev/Makefile;test_dev/Makefile;test_dev/README	regression or support source outside the benchmark families; test/all.tst and test_dev/Makefile distinguish compiler/Basis tests
mlkit	test_dev/shra.sml	shra	shra	-	exclude	kernel		not stated in scanned source headers	8b114f84459994378da372011b5cc2c99535c5b3ff91b249309dac64ada3b1fd	test_dev/shra.sml		doc/license/GPL-LICENSE;doc/license/MLKit-LICENSE;doc/license/SMLNJ-LICENSE	test/all.tst;test_dev/Makefile;test_dev/Makefile;test_dev/README	regression or support source outside the benchmark families; test/all.tst and test_dev/Makefile distinguish compiler/Basis tests
mlkit	test_dev/sign.sml	sign	sign	-	exclude	kernel		not stated in scanned source headers	4f72b33c0d0aa8e51d4feaeeebf59f62d275156a88466757c28b8f67de039bea	test_dev/sign.sml		doc/license/GPL-LICENSE;doc/license/MLKit-LICENSE;doc/license/SMLNJ-LICENSE	test/all.tst;test_dev/Makefile;test_dev/Makefile;test_dev/README	regression or support source outside the benchmark families; test/all.tst and test_dev/Makefile distinguish compiler/Basis tests
mlkit	test_dev/single.sml	single	single	-	exclude	kernel		not stated in scanned source headers	894b0eb6a0874228fbb17e4c230b7783fe120df0938286b7a35ac368b408e19c	test_dev/single.sml		doc/license/GPL-LICENSE;doc/license/MLKit-LICENSE;doc/license/SMLNJ-LICENSE	test/all.tst;test_dev/Makefile;test_dev/Makefile;test_dev/README	regression or support source outside the benchmark families; test/all.tst and test_dev/Makefile distinguish compiler/Basis tests
mlkit	test_dev/spawn.sml	spawn	spawn	-	exclude	kernel		not stated in scanned source headers	64d244638bd79c39134388a31df544e5f4bbbef01a2da6f4166d8ef13c70eabf	test_dev/spawn.sml		doc/license/GPL-LICENSE;doc/license/MLKit-LICENSE;doc/license/SMLNJ-LICENSE	test/all.tst;test_dev/Makefile;test_dev/Makefile;test_dev/README	regression or support source outside the benchmark families; test/all.tst and test_dev/Makefile distinguish compiler/Basis tests
mlkit	test_dev/spawn_alloccomp.sml	spawn_alloccomp	spawn_alloccomp	-	exclude	allocation-lifetimes		not stated in scanned source headers	02128df8e60cc719a811f055330f3bf39301bfb1eef2be141abc478fc86cb6e2	test_dev/spawn_alloccomp.sml		doc/license/GPL-LICENSE;doc/license/MLKit-LICENSE;doc/license/SMLNJ-LICENSE	test/all.tst;test_dev/Makefile;test_dev/Makefile;test_dev/README	regression or support source outside the benchmark families; test/all.tst and test_dev/Makefile distinguish compiler/Basis tests
mlkit	test_dev/spawn_msort.sml	spawn_msort	spawn_msort	-	exclude	lists-streams		not stated in scanned source headers	1bfe5594d69066ad58a8ae0c2906123bb5018558873a72ab0c36180d7b576c5c	test_dev/spawn_msort.sml		doc/license/GPL-LICENSE;doc/license/MLKit-LICENSE;doc/license/SMLNJ-LICENSE	test/all.tst;test_dev/Makefile;test_dev/Makefile;test_dev/README	regression or support source outside the benchmark families; test/all.tst and test_dev/Makefile distinguish compiler/Basis tests
mlkit	test_dev/spawn_pmap.sml	spawn_pmap	spawn_pmap	-	exclude	kernel		not stated in scanned source headers	c08198792431615722a02c892a6ff84e8c6b5221ce756a5ef8308e29b048f01f	test_dev/spawn_pmap.sml		doc/license/GPL-LICENSE;doc/license/MLKit-LICENSE;doc/license/SMLNJ-LICENSE	test/all.tst;test_dev/Makefile;test_dev/Makefile;test_dev/README	regression or support source outside the benchmark families; test/all.tst and test_dev/Makefile distinguish compiler/Basis tests
mlkit	test_dev/spawn_simple.sml	spawn_simple	spawn_simple	-	exclude	numerical		not stated in scanned source headers	1845ab9cac600dc84fc788149c170cf3d38abe41576625a4fad615f52bfa240c	test_dev/spawn_simple.sml		doc/license/GPL-LICENSE;doc/license/MLKit-LICENSE;doc/license/SMLNJ-LICENSE	test/all.tst;test_dev/Makefile;test_dev/Makefile;test_dev/README	regression or support source outside the benchmark families; test/all.tst and test_dev/Makefile distinguish compiler/Basis tests
mlkit	test_dev/spawn_simple2.sml	spawn_simple2	spawn_simple2	-	exclude	numerical		not stated in scanned source headers	84a83fa2d22f70ede643d3f348009225f63e60d9623298441b3c6398ec6aa7da	test_dev/spawn_simple2.sml		doc/license/GPL-LICENSE;doc/license/MLKit-LICENSE;doc/license/SMLNJ-LICENSE	test/all.tst;test_dev/Makefile;test_dev/Makefile;test_dev/README	regression or support source outside the benchmark families; test/all.tst and test_dev/Makefile distinguish compiler/Basis tests
mlkit	test_dev/spawn_simple3.sml	spawn_simple3	spawn_simple3	-	exclude	numerical		not stated in scanned source headers	7605a7f62549ff37e55859c3249b1e5e2d3cc9b6fd9c8a072e866d3c42cdb114	test_dev/spawn_simple3.sml		doc/license/GPL-LICENSE;doc/license/MLKit-LICENSE;doc/license/SMLNJ-LICENSE	test/all.tst;test_dev/Makefile;test_dev/Makefile;test_dev/README	regression or support source outside the benchmark families; test/all.tst and test_dev/Makefile distinguish compiler/Basis tests
mlkit	test_dev/spawn_simple4.sml	spawn_simple4	spawn_simple4	-	exclude	numerical		not stated in scanned source headers	a03dc9c8def23328ad6d16c4f1e3c5c098e114968ab6ccd3618cb74c6cc4b9ae	test_dev/spawn_simple4.sml		doc/license/GPL-LICENSE;doc/license/MLKit-LICENSE;doc/license/SMLNJ-LICENSE	test/all.tst;test_dev/Makefile;test_dev/Makefile;test_dev/README	regression or support source outside the benchmark families; test/all.tst and test_dev/Makefile distinguish compiler/Basis tests
mlkit	test_dev/spawn_simple5.sml	spawn_simple5	spawn_simple5	-	exclude	numerical		not stated in scanned source headers	ef512075849b657cfe30e222f01b66a19e3167793986954b3406f7c7d859c135	test_dev/spawn_simple5.sml		doc/license/GPL-LICENSE;doc/license/MLKit-LICENSE;doc/license/SMLNJ-LICENSE	test/all.tst;test_dev/Makefile;test_dev/Makefile;test_dev/README	regression or support source outside the benchmark families; test/all.tst and test_dev/Makefile distinguish compiler/Basis tests
mlkit	test_dev/spawn_simple6.sml	spawn_simple6	spawn_simple6	-	exclude	numerical		not stated in scanned source headers	deb6e56eca3298e26fbcd0fa17110fd536a3fa769f1ab1e3d60fd40a6815ea3e	test_dev/spawn_simple6.sml		doc/license/GPL-LICENSE;doc/license/MLKit-LICENSE;doc/license/SMLNJ-LICENSE	test/all.tst;test_dev/Makefile;test_dev/Makefile;test_dev/README	regression or support source outside the benchmark families; test/all.tst and test_dev/Makefile distinguish compiler/Basis tests
mlkit	test_dev/spawn_simple7.sml	spawn_simple7	spawn_simple7	-	exclude	numerical		not stated in scanned source headers	51f83aa920245113c0c84e8ec576ce3041eb7966dbbd0427c07205782a47ab53	test_dev/spawn_simple7.sml		doc/license/GPL-LICENSE;doc/license/MLKit-LICENSE;doc/license/SMLNJ-LICENSE	test/all.tst;test_dev/Makefile;test_dev/Makefile;test_dev/README	regression or support source outside the benchmark families; test/all.tst and test_dev/Makefile distinguish compiler/Basis tests
mlkit	test_dev/spawn_simple8.sml	spawn_simple8	spawn_simple8	-	exclude	numerical		not stated in scanned source headers	659caa4f6c08cd005e8d22ebc659daf066b4ad5ba741271c6b82248e0467891c	test_dev/spawn_simple8.sml		doc/license/GPL-LICENSE;doc/license/MLKit-LICENSE;doc/license/SMLNJ-LICENSE	test/all.tst;test_dev/Makefile;test_dev/Makefile;test_dev/README	regression or support source outside the benchmark families; test/all.tst and test_dev/Makefile distinguish compiler/Basis tests
mlkit	test_dev/string1.sml	string1	string1	-	exclude	kernel		not stated in scanned source headers	7f12bd7045b8bf2c278ade51394c9e3928443cd0daf06d46cfbe1dbeabb07720	test_dev/string1.sml		doc/license/GPL-LICENSE;doc/license/MLKit-LICENSE;doc/license/SMLNJ-LICENSE	test/all.tst;test_dev/Makefile;test_dev/Makefile;test_dev/README	regression or support source outside the benchmark families; test/all.tst and test_dev/Makefile distinguish compiler/Basis tests
mlkit	test_dev/string_sub.sml	string_sub	string_sub	-	exclude	kernel		not stated in scanned source headers	43bb7cb041951d2a0f324a2823eadc594fbc71beba44dda7a3588f5820edbb88	test_dev/string_sub.sml		doc/license/GPL-LICENSE;doc/license/MLKit-LICENSE;doc/license/SMLNJ-LICENSE	test/all.tst;test_dev/Makefile;test_dev/Makefile;test_dev/README	regression or support source outside the benchmark families; test/all.tst and test_dev/Makefile distinguish compiler/Basis tests
mlkit	test_dev/string_upd.sml	string_upd	string_upd	-	exclude	kernel		not stated in scanned source headers	7044050f846e0d5965d0286434eae8cd5e4eb2af2f382cb3ce6821a61d11bf16	test_dev/string_upd.sml		doc/license/GPL-LICENSE;doc/license/MLKit-LICENSE;doc/license/SMLNJ-LICENSE	test/all.tst;test_dev/Makefile;test_dev/Makefile;test_dev/README	regression or support source outside the benchmark families; test/all.tst and test_dev/Makefile distinguish compiler/Basis tests
mlkit	test_dev/string_update.sml	string_update	string_update	-	exclude	kernel		not stated in scanned source headers	058fb98c8f4eecc0d4e661a517e2277cafe9e52498a087755559d887087653f7	test_dev/string_update.sml		doc/license/GPL-LICENSE;doc/license/MLKit-LICENSE;doc/license/SMLNJ-LICENSE	test/all.tst;test_dev/Makefile;test_dev/Makefile;test_dev/README	regression or support source outside the benchmark families; test/all.tst and test_dev/Makefile distinguish compiler/Basis tests
mlkit	test_dev/stringcvt.sml	stringcvt	stringcvt	-	exclude	allocation-lifetimes	mlkit:test/stringcvt.sml	not stated in scanned source headers	fbc56f1d4348e6518405275c928723899a88330c6549633aad769d8d98d743ad	test_dev/stringcvt.sml		doc/license/GPL-LICENSE;doc/license/MLKit-LICENSE;doc/license/SMLNJ-LICENSE	test/all.tst;test_dev/Makefile;test_dev/Makefile;test_dev/README	regression or support source outside the benchmark families; test/all.tst and test_dev/Makefile distinguish compiler/Basis tests
mlkit	test_dev/strs.sml	strs	strs	-	exclude	kernel		not stated in scanned source headers	ccad0de439f9ac720fb5f06e2b58c158233906b7eec38324ea48b02db838ed39	test_dev/strs.sml		doc/license/GPL-LICENSE;doc/license/MLKit-LICENSE;doc/license/SMLNJ-LICENSE	test/all.tst;test_dev/Makefile;test_dev/Makefile;test_dev/README	regression or support source outside the benchmark families; test/all.tst and test_dev/Makefile distinguish compiler/Basis tests
mlkit	test_dev/test_dattyp.sml	test_dattyp	test_dattyp	-	exclude	kernel		not stated in scanned source headers	b626c176fd7eb81791694526006d5eebc95444edd509599171d2f8d785fa0a09	test_dev/test_dattyp.sml		doc/license/GPL-LICENSE;doc/license/MLKit-LICENSE;doc/license/SMLNJ-LICENSE	test/all.tst;test_dev/Makefile;test_dev/Makefile;test_dev/README	regression or support source outside the benchmark families; test/all.tst and test_dev/Makefile distinguish compiler/Basis tests
mlkit	test_dev/testdyn1-nobasis.sml	testdyn1-nobasis	testdyn1-nobasis	-	exclude	kernel		not stated in scanned source headers	c7089bb24ad7a02fbb86fb424359fca7adec2bdd69624e3a17275aefb4f013c3	test_dev/testdyn1-nobasis.sml		doc/license/GPL-LICENSE;doc/license/MLKit-LICENSE;doc/license/SMLNJ-LICENSE	test/all.tst;test_dev/Makefile;test_dev/Makefile;test_dev/README	regression or support source outside the benchmark families; test/all.tst and test_dev/Makefile distinguish compiler/Basis tests
mlkit	test_dev/testdyn1.sml	testdyn1	testdyn1	-	exclude	kernel	mlkit:test/testdyn1.sml	not stated in scanned source headers	dab876bafb9e892cca0cdc5f130dae900f9ed01b45c85131fc2d7829e44d2355	test_dev/testdyn1.sml		doc/license/GPL-LICENSE;doc/license/MLKit-LICENSE;doc/license/SMLNJ-LICENSE	test/all.tst;test_dev/Makefile;test_dev/Makefile;test_dev/README	regression or support source outside the benchmark families; test/all.tst and test_dev/Makefile distinguish compiler/Basis tests
mlkit	test_dev/testdyn2.sml	testdyn2	testdyn2	-	exclude	kernel	mlkit:test/testdyn2.sml	not stated in scanned source headers	f607abbdee80dda6665d02a0521f2bce344ef57553aa5cbcdbad4c0ff9d2b762	test_dev/testdyn2.sml		doc/license/GPL-LICENSE;doc/license/MLKit-LICENSE;doc/license/SMLNJ-LICENSE	test/all.tst;test_dev/Makefile;test_dev/Makefile;test_dev/README	regression or support source outside the benchmark families; test/all.tst and test_dev/Makefile distinguish compiler/Basis tests
mlkit	test_dev/word8.sml	word8	word8	-	exclude	kernel	mlkit:test/word8.sml	not stated in scanned source headers	8c62d7a58eb87571b1072ea6b4097db65f70e0f6d6f697f267044d507954135d	test_dev/word8.sml		doc/license/GPL-LICENSE;doc/license/MLKit-LICENSE;doc/license/SMLNJ-LICENSE	test/all.tst;test_dev/Makefile;test_dev/Makefile;test_dev/README	regression or support source outside the benchmark families; test/all.tst and test_dev/Makefile distinguish compiler/Basis tests
mlkit	test_dev/word_list.sml	word_list	word_list	-	exclude	lists-streams		not stated in scanned source headers	f42b8cd901da86ec09a323f3a1f7941a82b73af790c95ae0fa08ef1964c9ed1d	test_dev/word_list.sml		doc/license/GPL-LICENSE;doc/license/MLKit-LICENSE;doc/license/SMLNJ-LICENSE	test/all.tst;test_dev/Makefile;test_dev/Makefile;test_dev/README	regression or support source outside the benchmark families; test/all.tst and test_dev/Makefile distinguish compiler/Basis tests
mlkit	test_dev/word_problem.sml	word_problem	word_problem	-	exclude	kernel		not stated in scanned source headers	f6b9d8e7a139ea2e25db2f8c8251025c4b95e19cacc1e3ca73072e934a2605c3	test_dev/word_problem.sml		doc/license/GPL-LICENSE;doc/license/MLKit-LICENSE;doc/license/SMLNJ-LICENSE	test/all.tst;test_dev/Makefile;test_dev/Makefile;test_dev/README	regression or support source outside the benchmark families; test/all.tst and test_dev/Makefile distinguish compiler/Basis tests
mlkit	test_dev/xinlA.sml	xinlA	xinlA	-	exclude	kernel		not stated in scanned source headers	0d630a3a8202631341ab7aeb232f6f4d1df2e3117e22011ec55c57699cffb8f4	test_dev/xinlA.sml		doc/license/GPL-LICENSE;doc/license/MLKit-LICENSE;doc/license/SMLNJ-LICENSE	test/all.tst;test_dev/Makefile;test_dev/Makefile;test_dev/README	regression or support source outside the benchmark families; test/all.tst and test_dev/Makefile distinguish compiler/Basis tests
mlkit	test_dev/xinlB.sml	xinlB	xinlB	-	exclude	kernel		not stated in scanned source headers	796b707d49ecb945125624d54c5fdf5e6f836be10158f6bf226c1e12184f8631	test_dev/xinlB.sml		doc/license/GPL-LICENSE;doc/license/MLKit-LICENSE;doc/license/SMLNJ-LICENSE	test/all.tst;test_dev/Makefile;test_dev/Makefile;test_dev/README	regression or support source outside the benchmark families; test/all.tst and test_dev/Makefile distinguish compiler/Basis tests
mlkit	test_dev/xinline.mlb	xinline	xinline	-	exclude	kernel		not stated in scanned source headers	e42435258d36464874ba67202e6dbc43569815b193307309ae274cf28867ab4a	test_dev/xinlA.sml;test_dev/xinlB.sml;test_dev/xinline.mlb		doc/license/GPL-LICENSE;doc/license/MLKit-LICENSE;doc/license/SMLNJ-LICENSE	test/all.tst;test_dev/Makefile;test_dev/Makefile;test_dev/README	regression or support source outside the benchmark families; test/all.tst and test_dev/Makefile distinguish compiler/Basis tests
mlton	benchmark/tests/DLXSimulator.sml	DLXSimulator	DLXSimulator	M2	import	application	mlkit:test/DLXSimulator.sml;mlkit:test/DLXSimulator_smlnj.sml;smlnj:programs/dlx	not stated in scanned source headers	b70f48f2b59576dd86507094d4f58ba2ec6311f1c983be890d3089249493f933	benchmark/tests/DLXSimulator.sml		LICENSE;benchmark/tests/Makefile:header;doc/license/README	benchmark/tests/Makefile	portable workload; retain algorithm and review driver, numeric assumptions, fixtures and notices before import
mlton	benchmark/tests/barnes-hut.sml	barnes-hut	barnes-hut	M2	import	numerical	mlkit:test/barnes-hut.mlb;smlnj:programs/barnes-hut	not stated in scanned source headers	375b7d056a53d215af4d8d6d956a49309471595cd13bb46aab5f774cb3587e2b	benchmark/tests/barnes-hut.sml		LICENSE;benchmark/tests/Makefile:header;doc/license/README	benchmark/tests/Makefile	portable workload; retain algorithm and review driver, numeric assumptions, fixtures and notices before import
mlton	benchmark/tests/boyer.sml	boyer	boyer	M2	import	symbolic-search	mlkit:test/boyer.sml;nofib:spectral/boyer;smlnj:programs/boyer	not stated in scanned source headers	a66cdeb1f81de1fa484dacc3241feda18699fa3757624bf8480308f3051d1c36	benchmark/tests/boyer.sml		LICENSE;benchmark/tests/Makefile:header;doc/license/README	benchmark/tests/Makefile	portable workload; retain algorithm and review driver, numeric assumptions, fixtures and notices before import
mlton	benchmark/tests/checksum.sml	checksum	checksum	M2	import	kernel	mlkit:test/checksum.sml;mlkit:test/checksum_smlnj.sml	sweeks@sweeks.com	0dd9f3eadc78e4dc4fd0c2ca43a4e3aaddf4add578022b212eacb8718263763e	benchmark/tests/checksum.sml		LICENSE;benchmark/tests/Makefile:header;benchmark/tests/checksum.sml:header;doc/license/README	benchmark/tests/Makefile	portable workload; retain algorithm and review driver, numeric assumptions, fixtures and notices before import
mlton	benchmark/tests/count-graphs.sml	count-graphs	count-graphs	M2	import	application	mlkit:test/count-graphs.sml;smlnj:programs/count-graphs	Henry Cejtin (henry@sourcelight.com).	5eadebab161a6838be1901862efcc288c05a8fb58e740236974d0eb75c4a58c3	benchmark/tests/count-graphs.sml		LICENSE;benchmark/tests/Makefile:header;benchmark/tests/count-graphs.sml:header;doc/license/README	benchmark/tests/Makefile	portable workload; retain algorithm and review driver, numeric assumptions, fixtures and notices before import
mlton	benchmark/tests/even-odd.sml	even-odd	even-odd	M2	import	kernel		not stated in scanned source headers	10d66c2faca1c4f4509bb124c44d6d3c54f704bb808e9f486af081126344f7ae	benchmark/tests/even-odd.sml		LICENSE;benchmark/tests/Makefile:header;doc/license/README	benchmark/tests/Makefile	portable workload; retain algorithm and review driver, numeric assumptions, fixtures and notices before import
mlton	benchmark/tests/fft.sml	fft	fft	M2	import	numerical	mlkit:test/fft.sml;mlkit:test_dev/fft_no_basislib.sml;nofib:parallel/OLD/NESL/fft.lhs;nofib:spectral/hartel/fft;sandmark:benchmarks/numerical-analysis/fft.exe;smlnj:programs/fft	not stated in scanned source headers	ed65438b42e51bd36872507e33c7ecb4d11513aa7d752d3f3c665cd675516343	benchmark/tests/fft.sml		LICENSE;benchmark/tests/Makefile:header;doc/license/README	benchmark/tests/Makefile	portable workload; retain algorithm and review driver, numeric assumptions, fixtures and notices before import
mlton	benchmark/tests/fib.sml	fib	fib	M2	import	calls-recursion	mlkit:test_dev/fib.sml	not stated in scanned source headers	f2046b4a2a2e86965fe0a4615009a1591d51e6c509647b801cf621f99ac640d2	benchmark/tests/fib.sml		LICENSE;benchmark/tests/Makefile:header;doc/license/README	benchmark/tests/Makefile	portable workload; retain algorithm and review driver, numeric assumptions, fixtures and notices before import
mlton	benchmark/tests/flat-array.sml	flat-array	flat-array	M2	import	numerical		not stated in scanned source headers	07e27d330d2fc00bd34a645cae2f3eecc32c44b7a9a7db3f3e836beebe07d907	benchmark/tests/flat-array.sml		LICENSE;benchmark/tests/Makefile:header;doc/license/README	benchmark/tests/Makefile	portable workload; retain algorithm and review driver, numeric assumptions, fixtures and notices before import
mlton	benchmark/tests/fxp.sml	fxp	fxp	M2	import	application	mlkit:test/fxp.sml	not stated in scanned source headers	e1f1df34fcfb2971d576e9839e75015e4be137e90e6cc58a840254a6e61d10e7	benchmark/tests/fxp.sml		LICENSE;benchmark/tests/Makefile:header;doc/license/README	benchmark/tests/Makefile	portable workload; retain algorithm and review driver, numeric assumptions, fixtures and notices before import
mlton	benchmark/tests/hamlet.sml	hamlet	hamlet	M2	import	compiler-application		Andreas Rossberg.	67d5707bde9cc6ea3203b58cd947c24c43c2a629342705dfcb0355eb923fc447	benchmark/tests/hamlet.sml	benchmark/tests/DATA/hamlet-input.sml	LICENSE;benchmark/tests/Makefile:header;benchmark/tests/hamlet.sml:header;doc/license/README	benchmark/tests/Makefile	portable workload; retain algorithm and review driver, numeric assumptions, fixtures and notices before import
mlton	benchmark/tests/imp-for.sml	imp-for	imp-for	M2	import	kernel		not stated in scanned source headers	c87e5672bff55301d584e4773e74ee2ab5c4276d60f025753b919922515760bd	benchmark/tests/imp-for.sml		LICENSE;benchmark/tests/Makefile:header;doc/license/README	benchmark/tests/Makefile	portable workload; retain algorithm and review driver, numeric assumptions, fixtures and notices before import
mlton	benchmark/tests/knuth-bendix.sml	knuth-bendix	knuth-bendix	M2	import	symbolic-search	sandmark:benchmarks/kb/kb.exe;smlnj:programs/knuth-bendix	not stated in scanned source headers	1937691a5db58545832c69a39fc8ac8691346e86298fa9ebda5ebf6674aeab4e	benchmark/tests/knuth-bendix.sml		LICENSE;benchmark/tests/Makefile:header;doc/license/README	benchmark/tests/Makefile	portable workload; retain algorithm and review driver, numeric assumptions, fixtures and notices before import
mlton	benchmark/tests/lexgen.sml	lexgen	lexgen	M2	import	compiler-application	smlnj:programs/lexgen	not stated in scanned source headers	7b131c0fd9b18cf0f47f21366c9b5ea75ec7f2e807b0dee92457b65eea5c46f8	benchmark/tests/lexgen.sml	benchmark/tests/DATA/ml.lex	LICENSE;benchmark/tests/Makefile:header;benchmark/tests/lexgen.sml:header;doc/license/README	benchmark/tests/Makefile	portable workload; retain algorithm and review driver, numeric assumptions, fixtures and notices before import
mlton	benchmark/tests/life.sml	life	life	M2	import	kernel	mlkit:test/life.sml;mlkit:test_dev/life.sml;nofib:spectral/life;smlnj:programs/life	not stated in scanned source headers	05aee67995c0a765e555057d13bf789665b9ce7e73a90bd134fea7943ee91300	benchmark/tests/life.sml		LICENSE;benchmark/tests/Makefile:header;doc/license/README	benchmark/tests/Makefile	portable workload; retain algorithm and review driver, numeric assumptions, fixtures and notices before import
mlton	benchmark/tests/logic.sml	logic	logic	M2	import	symbolic-search	mlkit:test/logic.mlb;smlnj:programs/logic	not stated in scanned source headers	cdbf0ff5e6e241ae772f80977ea82bbb2e64b609901934ea30a4e4b971995f14	benchmark/tests/logic.sml		LICENSE;benchmark/tests/Makefile:header;doc/license/README	benchmark/tests/Makefile	portable workload; retain algorithm and review driver, numeric assumptions, fixtures and notices before import
mlton	benchmark/tests/mandelbrot.sml	mandelbrot	mandelbrot	M2	import	numerical	smlnj:programs/mandelbrot	not stated in scanned source headers	9d36dfd45bf57f01e12be3b299ee56122842c30974fe44ed804a914c8e222ced	benchmark/tests/mandelbrot.sml		LICENSE;benchmark/tests/Makefile:header;doc/license/README	benchmark/tests/Makefile	portable workload; retain algorithm and review driver, numeric assumptions, fixtures and notices before import
mlton	benchmark/tests/matrix-multiply.sml	matrix-multiply	matrix-multiply	M2	import	numerical	mlkit:test/matrix-multiply.sml;mlkit:test/matrix-multiply_smlnj.sml	Stephen Weeks (sweeks@sweeks.com).	ec1ee2ac6efe972f6217b91d29961f2c61b2bf0967d6a45f1f8e01624a40743a	benchmark/tests/matrix-multiply.sml		LICENSE;benchmark/tests/Makefile:header;benchmark/tests/matrix-multiply.sml:header;doc/license/README	benchmark/tests/Makefile	portable workload; retain algorithm and review driver, numeric assumptions, fixtures and notices before import
mlton	benchmark/tests/md5.sml	md5	md5	M2	import	kernel		not stated in scanned source headers	7fa7a3fcb45c15b72bb4e16536719ae7af73e3e288815a7ef49e303f92eb71d6	benchmark/tests/md5.sml		LICENSE;benchmark/tests/Makefile:header;benchmark/tests/md5.sml:header;doc/license/README	benchmark/tests/Makefile	portable workload; retain algorithm and review driver, numeric assumptions, fixtures and notices before import
mlton	benchmark/tests/merge.sml	merge	merge	M2	import	lists-streams		Stephen Weeks (sweeks@sweeks.com).	aee4fa2b7d8eee4f24683ea4438d0efb95160a91720483fa6c7c64719699a1c8	benchmark/tests/merge.sml		LICENSE;benchmark/tests/Makefile:header;benchmark/tests/merge.sml:header;doc/license/README	benchmark/tests/Makefile	portable workload; retain algorithm and review driver, numeric assumptions, fixtures and notices before import
mlton	benchmark/tests/mlyacc.sml	mlyacc	mlyacc	M2	import	compiler-application	smlnj:programs/mlyacc	not stated in scanned source headers	469b7d38b2d1ef2ef2e7c6bf4303df2d4c2d79d9db8b036bd077962582652cb9	benchmark/tests/mlyacc.sml		LICENSE;benchmark/tests/Makefile:header;doc/license/README	benchmark/tests/Makefile	portable workload; retain algorithm and review driver, numeric assumptions, fixtures and notices before import
mlton	benchmark/tests/model-elimination.sml	model-elimination	model-elimination	M2	import	application		not stated in scanned source headers	0fd0a667aeeb5ab3019939ef928d4a7850dbaeb564bae1153ac694ab8dac8444	benchmark/tests/model-elimination.sml		LICENSE;benchmark/tests/Makefile:header;doc/license/README	benchmark/tests/Makefile	portable workload; retain algorithm and review driver, numeric assumptions, fixtures and notices before import
mlton	benchmark/tests/mpuz.sml	mpuz	mpuz	M2	import	kernel	mlkit:test/mpuz.sml;mlkit:test/mpuz_smlnj.sml	sweeks@sweeks.com on 1999-08-31.	5e4600f349112c807e97a17935a12c7520da3487a6044d8a112998eed4a6eea2	benchmark/tests/mpuz.sml		LICENSE;benchmark/tests/Makefile:header;benchmark/tests/mpuz.sml:header;doc/license/README	benchmark/tests/Makefile	portable workload; retain algorithm and review driver, numeric assumptions, fixtures and notices before import
mlton	benchmark/tests/nucleic.sml	nucleic	nucleic	M2	import	numerical	mlkit:test/nucleic.mlb;nofib:spectral/hartel/nucleic2;smlnj:programs/nucleic	not stated in scanned source headers	5b1a129eb37177dbfc8034320a6a698bd2f01de5720fa6e8bc7c6e2c2556b1f3	benchmark/tests/nucleic.sml	benchmark/tests/nucleic.sml	LICENSE;benchmark/tests/Makefile:header;doc/license/README	benchmark/tests/Makefile	portable workload; retain algorithm and review driver, numeric assumptions, fixtures and notices before import
mlton	benchmark/tests/output1.sml	output1	output1	M2	import	kernel		not stated in scanned source headers	ad78bb976fc59643d80952026a89b07727db8fc67ecde528875c0b29096b5b77	benchmark/tests/output1.sml		LICENSE;benchmark/tests/Makefile:header;doc/license/README	benchmark/tests/Makefile	portable workload; retain algorithm and review driver, numeric assumptions, fixtures and notices before import
mlton	benchmark/tests/peek.sml	peek	peek	M2	import	kernel	mlkit:test/peek.sml;mlkit:test/peek_smlnj.sml	Stephen Weeks (sweeks@sweeks.com).	0e735fb875f0304f8a7c96229ec381d97bb5caf52750094f06eeb281ac9f1b3e	benchmark/tests/peek.sml		LICENSE;benchmark/tests/Makefile:header;benchmark/tests/peek.sml:header;doc/license/README	benchmark/tests/Makefile	portable workload; retain algorithm and review driver, numeric assumptions, fixtures and notices before import
mlton	benchmark/tests/pidigits.sml	pidigits	pidigits	M2	import	integer-arithmetic	nofib:shootout/pidigits;smlnj:programs/pidigits	not stated in scanned source headers	ab1fed78706afd6ae8b89c286165c45684303e273b0a366681afd44a7c0f067e	benchmark/tests/pidigits.sml		LICENSE;benchmark/tests/Makefile:header;doc/license/README	benchmark/tests/Makefile	portable workload; retain algorithm and review driver, numeric assumptions, fixtures and notices before import
mlton	benchmark/tests/psdes-random.sml	psdes-random	psdes-random	M2	import	kernel	mlkit:test/psdes-random.sml;mlkit:test/psdes-random_smlnj.sml	Stephen Weeks (sweeks@sweeks.com).	e59779b43fe195e73751fee3ad33ba518c7b4d240edd7cc73278c1a20c5923ff	benchmark/tests/psdes-random.sml		LICENSE;benchmark/tests/Makefile:header;benchmark/tests/psdes-random.sml:header;doc/license/README	benchmark/tests/Makefile	portable workload; retain algorithm and review driver, numeric assumptions, fixtures and notices before import
mlton	benchmark/tests/ratio-regions.sml	ratio-regions	ratio-regions	M2	import	application	mlkit:test/ratio-regions.sml;mlkit:test/ratio-regions_smlnj.sml;mlkit:test/ratio-regions_tp.sml;smlnj:programs/ratio-regions	not stated in scanned source headers	76449f3dd0ffeac77844f856b953b6975618d32babcbfeb818b61a517937ca51	benchmark/tests/ratio-regions.sml		LICENSE;benchmark/tests/Makefile:header;benchmark/tests/ratio-regions.sml:header;doc/license/README	benchmark/tests/Makefile	portable workload; retain algorithm and review driver, numeric assumptions, fixtures and notices before import
mlton	benchmark/tests/ray.sml	ray	ray	M2	import	numerical	mlkit:test/ray.mlb;nofib:parallel/ray;smlnj:programs/ray	not stated in scanned source headers	3e03107b96ea5476e8bb81039d6bf79184283e8ad77b9e75a18bc8a12111ae0e	benchmark/tests/ray.sml	benchmark/tests/DATA/ray	LICENSE;benchmark/tests/Makefile:header;doc/license/README	benchmark/tests/Makefile	portable workload; retain algorithm and review driver, numeric assumptions, fixtures and notices before import
mlton	benchmark/tests/raytrace.sml	raytrace	raytrace	M2	import	numerical	mlkit:test/raytrace.sml;mlkit:test/raytrace_smlnj.sml	Stephen Weeks (sweeks@sweeks.com) 2000-10-11 from the	d82720ed3f3a7b8d1fccf8d63871f29a6d30638c8562c84cfde803eea2e54331	benchmark/tests/raytrace.sml	benchmark/tests/DATA/chess.gml	LICENSE;benchmark/tests/Makefile:header;benchmark/tests/raytrace.sml:header;doc/license/README	benchmark/tests/Makefile	portable workload; retain algorithm and review driver, numeric assumptions, fixtures and notices before import
mlton	benchmark/tests/simple.sml	simple	simple	M2	import	numerical	nofib:spectral/simple;smlnj:programs/simple	not stated in scanned source headers	0391a25180e18aa7048c2ed20036a4f4150c3f408922e85797b796d1d1184e21	benchmark/tests/simple.sml		LICENSE;benchmark/tests/Makefile:header;doc/license/README	benchmark/tests/Makefile	portable workload; retain algorithm and review driver, numeric assumptions, fixtures and notices before import
mlton	benchmark/tests/smith-normal-form.sml	smith-normal-form	smith-normal-form	M2	import	integer-arithmetic	mlkit:test/smith-normal-form.sml;mlkit:test/smith-normal-form_smlnj.sml;smlnj:programs/smith-nf	Henry Cejtin (henry@sourcelight.com).	55b19c17d86bd3c1c8502258a09b812d208a7aff4c110123d333e73b77b33db4	benchmark/tests/smith-normal-form.sml		LICENSE;benchmark/tests/Makefile:header;benchmark/tests/smith-normal-form.sml:header;doc/license/README	benchmark/tests/Makefile	portable workload; retain algorithm and review driver, numeric assumptions, fixtures and notices before import
mlton	benchmark/tests/string-concat.sml	string-concat	string-concat	M2	import	kernel		not stated in scanned source headers	99e0bc2aa8ba97d5b8f18df6c61b7f97ab7d964b2ac11e3cb039ae9056b9f223	benchmark/tests/string-concat.sml		LICENSE;benchmark/tests/Makefile:header;doc/license/README	benchmark/tests/Makefile	portable workload; retain algorithm and review driver, numeric assumptions, fixtures and notices before import
mlton	benchmark/tests/tailfib.sml	tailfib	tailfib	M2	import	calls-recursion	mlkit:test/tailfib.sml;mlkit:test/tailfib_smlnj.sml	not stated in scanned source headers	0777361abdcd06a3992c101d34b970b18d27d6fc76a4981609e82f0ccd415116	benchmark/tests/tailfib.sml		LICENSE;benchmark/tests/Makefile:header;doc/license/README	benchmark/tests/Makefile	portable workload; retain algorithm and review driver, numeric assumptions, fixtures and notices before import
mlton	benchmark/tests/tailmerge.sml	tailmerge	tailmerge	M2	import	lists-streams		Stephen Weeks (sweeks@sweeks.com).	4c411d1aca09fe6a0428b61d0dfeac1074ba9d3ff4797ce3a16261f1d757c123	benchmark/tests/tailmerge.sml		LICENSE;benchmark/tests/Makefile:header;benchmark/tests/tailmerge.sml:header;doc/license/README	benchmark/tests/Makefile	portable workload; retain algorithm and review driver, numeric assumptions, fixtures and notices before import
mlton	benchmark/tests/tak.sml	tak	tak	M1	import	calls-recursion	mlkit:test/tak.sml;mlkit:test/tak_smlnj.sml;nofib:imaginary/tak	not stated in scanned source headers	2ba651bda70bd98429f661c3cc33dcaa63ea62ad210f01fd52d0f50318687fae	benchmark/tests/tak.sml		LICENSE;benchmark/tests/Makefile:header;doc/license/README	benchmark/tests/Makefile	portable workload; retain algorithm and review driver, numeric assumptions, fixtures and notices before import
mlton	benchmark/tests/tensor.sml	tensor	tensor	M2	import	application		not stated in scanned source headers	c33a3c427c90e7e1bbe579b0e23d14bdfaecf18453797f4f9528232581b4c8c0	benchmark/tests/tensor.sml		LICENSE;benchmark/tests/Makefile:header;benchmark/tests/tensor.sml:header;doc/license/README	benchmark/tests/Makefile	portable workload; retain algorithm and review driver, numeric assumptions, fixtures and notices before import
mlton	benchmark/tests/tsp.sml	tsp	tsp	M2	import	symbolic-search	mlkit:test/tsp.sml;mlkit:test/tsp_smlnj.sml;mlkit:test/tsp_tp.sml;smlnj:programs/tsp	not stated in scanned source headers	ce3d909aa7789a611986db821636eb68d8d59b54b17fb8114a01f6a4bc590532	benchmark/tests/tsp.sml		LICENSE;benchmark/tests/Makefile:header;doc/license/README	benchmark/tests/Makefile	portable workload; retain algorithm and review driver, numeric assumptions, fixtures and notices before import
mlton	benchmark/tests/tyan.sml	tyan	tyan	M2	import	integer-arithmetic	mlkit:test/tyan.sml;mlkit:test/tyan_smlnj.sml;smlnj:programs/tyan	not stated in scanned source headers	06a55470f71eeed5918b2fd84ece5acc5544e277ab0d0484f5f5bb0dfea05dc5	benchmark/tests/tyan.sml		LICENSE;benchmark/tests/Makefile:header;doc/license/README	benchmark/tests/Makefile	portable workload; retain algorithm and review driver, numeric assumptions, fixtures and notices before import
mlton	benchmark/tests/vector-rev.sml	vector-rev	vector-rev	M2	import	lists-streams	mlkit:test/vector-rev.sml;mlkit:test/vector-rev_smlnj.sml	Stephen Weeks (sweeks@sweeks.com).	f9d47bab188ef3245e22d4a43f805b4a381d9c9d43de4d0dabcf0eb833c0b812	benchmark/tests/vector-rev.sml		LICENSE;benchmark/tests/Makefile:header;benchmark/tests/vector-rev.sml:header;doc/license/README	benchmark/tests/Makefile	portable workload; retain algorithm and review driver, numeric assumptions, fixtures and notices before import
mlton	benchmark/tests/vector32-concat.sml	vector32-concat	vector32-concat	M2	import	kernel		Stephen Weeks (sweeks@sweeks.com).	886af6f22cbb2f5fe3826e5283d3b46997fe032c4de37bac6ddcd455d2ffaaf4	benchmark/tests/vector32-concat.sml		LICENSE;benchmark/tests/Makefile:header;benchmark/tests/vector32-concat.sml:header;doc/license/README	benchmark/tests/Makefile	portable workload; retain algorithm and review driver, numeric assumptions, fixtures and notices before import
mlton	benchmark/tests/vector64-concat.sml	vector64-concat	vector64-concat	M2	import	kernel		Stephen Weeks (sweeks@sweeks.com).	b34db259125d6b011fabad77319be89ae8a17c93437cce13d9dfc388b135d546	benchmark/tests/vector64-concat.sml		LICENSE;benchmark/tests/Makefile:header;benchmark/tests/vector64-concat.sml:header;doc/license/README	benchmark/tests/Makefile	portable workload; retain algorithm and review driver, numeric assumptions, fixtures and notices before import
mlton	benchmark/tests/vliw.sml	vliw	vliw	M2	import	compiler-application	smlnj:programs/vliw	not stated in scanned source headers	b742be7864de7c1a7338d27eb41c91e69731e802c336d46f2e63eb2380dde97c	benchmark/tests/vliw.sml		LICENSE;benchmark/tests/Makefile:header;benchmark/tests/vliw.sml:header;doc/license/README	benchmark/tests/Makefile	portable workload; retain algorithm and review driver, numeric assumptions, fixtures and notices before import
mlton	benchmark/tests/wc-input1.sml	wc-input1	wc-input1	M2	import	kernel	mlkit:test/wc-input1.sml;mlkit:test/wc-input1_smlnj.sml	Stephen Weeks (sweeks@sweeks.com).	736118c7f76354a60dddab5db024a10f07cda963be94ad564ec209960c4db7e0	benchmark/tests/wc-input1.sml		LICENSE;benchmark/tests/Makefile:header;benchmark/tests/wc-input1.sml:header;doc/license/README	benchmark/tests/Makefile	portable workload; retain algorithm and review driver, numeric assumptions, fixtures and notices before import
mlton	benchmark/tests/wc-scanStream.sml	wc-scanStream	wc-scanStream	M2	import	kernel	mlkit:test/wc-scanStream.sml;mlkit:test/wc-scanStream_smlnj.sml	Stephen Weeks (sweeks@sweeks.com).	1a363721c7ee3e5f50eac54bd5361b1ac69e598398aba556cbff6c04575d0cc4	benchmark/tests/wc-scanStream.sml		LICENSE;benchmark/tests/Makefile:header;benchmark/tests/wc-scanStream.sml:header;doc/license/README	benchmark/tests/Makefile	portable workload; retain algorithm and review driver, numeric assumptions, fixtures and notices before import
mlton	benchmark/tests/zebra.sml	zebra	zebra	M2	import	kernel		not stated in scanned source headers	c608ac492581443f75debe5cdef16c380051013a943465209d52905f1a5155cc	benchmark/tests/zebra.sml		LICENSE;benchmark/tests/Makefile:header;benchmark/tests/zebra.sml:header;doc/license/README	benchmark/tests/Makefile	portable workload; retain algorithm and review driver, numeric assumptions, fixtures and notices before import
mlton	benchmark/tests/zern.sml	zern	zern	M2	import	numerical	mlkit:test/zern.sml;mlkit:test/zern_smlnj.sml	not stated in scanned source headers	fc47d72590a23ec4c8302a9c3686b1050542227307969657845cba66f7c8d481	benchmark/tests/zern.sml		LICENSE;benchmark/tests/Makefile:header;doc/license/README	benchmark/tests/Makefile	portable workload; retain algorithm and review driver, numeric assumptions, fixtures and notices before import
nofib	gc/cacheprof	cacheprof	cacheprof	M3	import	application	nofib:real/cacheprof	not stated in scanned source headers	1e1e127d7df8825152d824df1bc81fbbab21e0bce2704e2959f9e68d5a1c12c5	gc/cacheprof/Arch_x86.hs;gc/cacheprof/Generics.hs;gc/cacheprof/Main.hs	gc/cacheprof/cacheprof.stdin;gc/cacheprof/cacheprof.stdout;gc/cacheprof/cacheprof_hooks2_x86.s	gc/cacheprof/Arch_x86.hs:header;gc/cacheprof/Generics.hs:header;gc/cacheprof/Main.hs:header	gc/cacheprof/Makefile	portable workload; retain algorithm and review driver, numeric assumptions, fixtures and notices before import
nofib	gc/circsim	circsim	circsim	M3	import	application	nofib:spectral/circsim	not stated in scanned source headers	2748f133d1b183f1b70c405689f266291ae319d8c72cb1034a1c8e79d2641e2f	gc/circsim/Main.lhs			gc/circsim/Makefile	portable workload; retain algorithm and review driver, numeric assumptions, fixtures and notices before import
nofib	gc/constraints	constraints	constraints	M3	import	kernel	nofib:spectral/constraints	not stated in scanned source headers	c4b8aa369a0730e639866b628fab145ba965758fec94c2ae323be140ac14f18e	gc/constraints/Main.hs	gc/constraints/constraints.faststdout;gc/constraints/constraints.slowstdout;gc/constraints/constraints.stdout		gc/constraints/Makefile	portable workload; retain algorithm and review driver, numeric assumptions, fixtures and notices before import
nofib	gc/fibheaps	fibheaps	fibheaps	M3	import	calls-recursion	nofib:spectral/fibheaps	not stated in scanned source headers	c9726703b6fbc79e348073ff87935d23897aad73b0de7aa60930fbf6394c468f	gc/fibheaps/Main.lhs	gc/fibheaps/fibheaps.stdout	gc/fibheaps/Main.lhs:header	gc/fibheaps/Makefile	portable workload; retain algorithm and review driver, numeric assumptions, fixtures and notices before import
nofib	gc/fulsom/Bah.hs	Bah	Bah	-	exclude	application	nofib:real/fulsom/Bah.hs	not stated in scanned source headers	dee4d428691bbf65f391631a984dd56501e45e4483d7d052fde597d707bfca0a	gc/fulsom/Bah.hs;gc/fulsom/Csg.hs;gc/fulsom/Interval.hs;gc/fulsom/Kolor.hs;gc/fulsom/Matrix.hs;gc/fulsom/Oct.hs;gc/fulsom/Quad.hs;gc/fulsom/Raster.hs;gc/fulsom/Shapes.hs;gc/fulsom/Types.hs;gc/fulsom/Vector.hs	gc/fulsom/fulsom.faststdout;gc/fulsom/fulsom.stdout	gc/fulsom/Bah.hs:header;gc/fulsom/Csg.hs:header;gc/fulsom/Interval.hs:header;gc/fulsom/Kolor.hs:header;gc/fulsom/Matrix.hs:header;gc/fulsom/Oct.hs:header;gc/fulsom/Quad.hs:header;gc/fulsom/Raster.hs:header;gc/fulsom/Shapes.hs:header;gc/fulsom/Types.hs:header;gc/fulsom/Vector.hs:header	gc/fulsom/Makefile	auxiliary test or alternate entrypoint; the directory Makefile excludes it or selects the Main driver, not a separate benchmark invocation
nofib	gc/fulsom/Main.hs	fulsom	fulsom	M3	import	application	nofib:real/fulsom/Main.hs	not stated in scanned source headers	9a667934091ce6847985daac4192d7f34ffe20c37fd65388af47d5fd1c73d911	gc/fulsom/Csg.hs;gc/fulsom/Interval.hs;gc/fulsom/Kolor.hs;gc/fulsom/Main.hs;gc/fulsom/Matrix.hs;gc/fulsom/Oct.hs;gc/fulsom/Patchlevel.hs;gc/fulsom/Quad.hs;gc/fulsom/Raster.hs;gc/fulsom/Shapes.hs;gc/fulsom/Types.hs;gc/fulsom/Vector.hs	gc/fulsom/fulsom.faststdout;gc/fulsom/fulsom.stdout	gc/fulsom/Csg.hs:header;gc/fulsom/Interval.hs:header;gc/fulsom/Kolor.hs:header;gc/fulsom/Main.hs:header;gc/fulsom/Matrix.hs:header;gc/fulsom/Oct.hs:header;gc/fulsom/Patchlevel.hs:header;gc/fulsom/Quad.hs:header;gc/fulsom/Raster.hs:header;gc/fulsom/Shapes.hs:header;gc/fulsom/Types.hs:header;gc/fulsom/Vector.hs:header	gc/fulsom/Makefile	portable workload; retain algorithm and review driver, numeric assumptions, fixtures and notices before import
nofib	gc/gc_bench	gc_bench	gc_bench	M3	import	allocation-lifetimes		John Ellis and Pete Kovac	52ecba8fa77375be0b863d9854ef7fd9b3b112ffd0c675f7c0d129ebb4002e1a	gc/gc_bench/Main.hs		gc/gc_bench/Main.hs:header	gc/gc_bench/Makefile	portable workload; retain algorithm and review driver, numeric assumptions, fixtures and notices before import
nofib	gc/happy	happy	happy	M3	import	integer-arithmetic		not stated in scanned source headers	09e64ba7140a210f177de61d0916899dbea4b936d52cbee15aa3b6af11fb0de1	gc/happy/AbsSyn.lhs;gc/happy/AttrGrammar.lhs;gc/happy/AttrGrammarParser.hs;gc/happy/First.lhs;gc/happy/GenUtils.lhs;gc/happy/Grammar.lhs;gc/happy/Info.lhs;gc/happy/LALR.lhs;gc/happy/Lexer.lhs;gc/happy/Main.lhs;gc/happy/ParseMonad.lhs;gc/happy/Parser.hs;gc/happy/Paths_happy.hs;gc/happy/ProduceCode.lhs;gc/happy/ProduceGLRCode.lhs;gc/happy/Set.hs;gc/happy/Target.lhs	gc/happy/happy.expected	gc/happy/Main.lhs:header	gc/happy/Makefile	portable workload; retain algorithm and review driver, numeric assumptions, fixtures and notices before import
nofib	gc/hash	hash	hash	M3	import	integer-arithmetic		not stated in scanned source headers	3ec00ac7589a5899fff59badb575a2620e04aa862e974ea136d86ba0db7d9359	gc/hash/HashTable.hs;gc/hash/hash.hs	gc/hash/hash.stdout	gc/hash/HashTable.hs:header	gc/hash/Makefile	portable workload; retain algorithm and review driver, numeric assumptions, fixtures and notices before import
nofib	gc/lcss	lcss	lcss	M3	import	kernel	nofib:spectral/lcss	not stated in scanned source headers	b294267623dadeb3d1ae776b7a1603bc5f6e80b20b327c7669a17cf99ed754cc	gc/lcss/Main.hs	gc/lcss/lcss.faststdout;gc/lcss/lcss.slowstdout;gc/lcss/lcss.stdout		gc/lcss/Makefile	portable workload; retain algorithm and review driver, numeric assumptions, fixtures and notices before import
nofib	gc/linear	linear	linear	M3	import	application	nofib:real/linear	Brian D. Moe (Summer 1990;Brian D. Moe (Summer 1990).;Dan Vasicek and copied from his directory 6/22/90	26af39b55cb2c21d1ca09261ab267ddea3f7288cf6d2460a31bcf9886942dd47	gc/linear/AbsCg.lhs;gc/linear/AbsDensematrix.lhs;gc/linear/Absmatlib.lhs;gc/linear/Cg.lhs;gc/linear/Densematrix.lhs;gc/linear/Input.lhs;gc/linear/Main.lhs;gc/linear/Matlib.lhs;gc/linear/Matrix.lhs;gc/linear/Misc.lhs;gc/linear/Utils.lhs	gc/linear/linear.expected;gc/linear/linear.stdout	gc/linear/Input.lhs:header;gc/linear/Main.lhs:header;gc/linear/Matlib.lhs:header;gc/linear/Matrix.lhs:header;gc/linear/Misc.lhs:header	gc/linear/Makefile	portable workload; retain algorithm and review driver, numeric assumptions, fixtures and notices before import
nofib	gc/mutstore1	mutstore1	mutstore1	M3	import	allocation-lifetimes		not stated in scanned source headers	0f32ab98e4eec6a1e902d3837448b42c05a484233013754874a457f5ef78ecee	gc/mutstore1/Main.hs;gc/mutstore1/Store1.hs			gc/mutstore1/Makefile	portable workload; retain algorithm and review driver, numeric assumptions, fixtures and notices before import
nofib	gc/mutstore2	mutstore2	mutstore2	M3	import	allocation-lifetimes		not stated in scanned source headers	2f4e1603abd1d214105465278d695ae22a8fae202ebaab6a3edea8f9f3757438	gc/mutstore2/Main.hs;gc/mutstore2/Store2.hs			gc/mutstore2/Makefile	portable workload; retain algorithm and review driver, numeric assumptions, fixtures and notices before import
nofib	gc/power	power	power	M3	import	integer-arithmetic	nofib:spectral/power	not stated in scanned source headers	0f359c2d373a9d1e8361626fb4199adb36609786c8ebc2371d41ef2de8ce0fb0	gc/power/Main.hs	gc/power/power.faststdout;gc/power/power.slowstdout;gc/power/power.stdout		gc/power/Makefile	portable workload; retain algorithm and review driver, numeric assumptions, fixtures and notices before import
nofib	gc/spellcheck	spellcheck	spellcheck	M3	import	kernel		not stated in scanned source headers	c664b2b728b0678f008da22dfecd7c3af01404a54bea166918e93134a2233bbc	gc/spellcheck/spellcheck.hs	gc/spellcheck/spellcheck.stdout		gc/spellcheck/Makefile	portable workload; retain algorithm and review driver, numeric assumptions, fixtures and notices before import
nofib	gc/treejoin	treejoin	treejoin	M3	import	allocation-lifetimes	nofib:spectral/treejoin	not stated in scanned source headers	7d09f51f6384c8d2f9c55217277bb5e07c883131e060ecd312294bad48dc10c5	gc/treejoin/Main.hs	gc/treejoin/treejoin.stdout		gc/treejoin/Makefile	portable workload; retain algorithm and review driver, numeric assumptions, fixtures and notices before import
nofib	imaginary/bernouilli	bernouilli	bernouilli	M3	import	integer-arithmetic		not stated in scanned source headers	009c7cb1c10bfac6c957aea5313b4e1262e0e519f1aecb1ba80b1e3ccd82241f	imaginary/bernouilli/Main.hs;imaginary/bernouilli/NofibUtils.hs	imaginary/bernouilli/bernouilli.faststdout;imaginary/bernouilli/bernouilli.slowstdout;imaginary/bernouilli/bernouilli.stdout		imaginary/bernouilli/Makefile	portable workload; retain algorithm and review driver, numeric assumptions, fixtures and notices before import
nofib	imaginary/digits-of-e1	digits-of-e1	digits-of-e1	M3	import	integer-arithmetic		not stated in scanned source headers	bd3faa6db5ec842f1f179d86edf7dd1ec07b58bd44561b9a6ca8edc27531457d	imaginary/digits-of-e1/Main.lhs;imaginary/digits-of-e1/NofibUtils.hs	imaginary/digits-of-e1/digits-of-e1.faststdout;imaginary/digits-of-e1/digits-of-e1.slowstdout;imaginary/digits-of-e1/digits-of-e1.stdout		imaginary/digits-of-e1/Makefile	portable workload; retain algorithm and review driver, numeric assumptions, fixtures and notices before import
nofib	imaginary/digits-of-e2	digits-of-e2	digits-of-e2	M3	import	integer-arithmetic		not stated in scanned source headers	671ee576acb8c40b37ac93373c3abf675a191e33d46af8eff18dc13699f0f2e1	imaginary/digits-of-e2/Main.lhs;imaginary/digits-of-e2/NofibUtils.hs	imaginary/digits-of-e2/digits-of-e2.faststdout;imaginary/digits-of-e2/digits-of-e2.slowstdout;imaginary/digits-of-e2/digits-of-e2.stdout		imaginary/digits-of-e2/Makefile	portable workload; retain algorithm and review driver, numeric assumptions, fixtures and notices before import
nofib	imaginary/exp3_8	exp3_8	exp3_8	M3	import	kernel		not stated in scanned source headers	2fa2dbfce1dd2ceab90ab01773829ab20d8187f1e4db8bd01dd02635e9747ac1	imaginary/exp3_8/Main.hs	imaginary/exp3_8/exp3_8.faststdout;imaginary/exp3_8/exp3_8.stdout		imaginary/exp3_8/Makefile	portable workload; retain algorithm and review driver, numeric assumptions, fixtures and notices before import
nofib	imaginary/gen_regexps	gen_regexps	gen_regexps	M3	import	kernel		not stated in scanned source headers	62c8d7f6a79dd3f98a78d43255e4bd8fef65c37c04970129491c847ecabf6462	imaginary/gen_regexps/Main.hs;imaginary/gen_regexps/NofibUtils.hs	imaginary/gen_regexps/gen_regexps.faststdout;imaginary/gen_regexps/gen_regexps.slowstdout;imaginary/gen_regexps/gen_regexps.stdout		imaginary/gen_regexps/Makefile	portable workload; retain algorithm and review driver, numeric assumptions, fixtures and notices before import
nofib	imaginary/integrate	integrate	integrate	M3	import	kernel	nofib:parallel/OLD/NESL/integrate.lhs	not stated in scanned source headers	71e44bcc8a7e19f106d5d3844396238766a2dae641e5ec2a1aa165c082f21d22	imaginary/integrate/Main.hs	imaginary/integrate/integrate.stdout		imaginary/integrate/Makefile	portable workload; retain algorithm and review driver, numeric assumptions, fixtures and notices before import
nofib	imaginary/kahan	kahan	kahan	M3	import	kernel		not stated in scanned source headers	a002a50cbd722b3080194435614a18ada5249b5866fb613b282ddec13823459e	imaginary/kahan/Main.hs			imaginary/kahan/Makefile	portable workload; retain algorithm and review driver, numeric assumptions, fixtures and notices before import
nofib	imaginary/paraffins	paraffins	paraffins	M3	import	integer-arithmetic		Steve Heller	13a01dda37cac85a90bc9f52b3a5965679467fc24b8ecb24a92b347790f26766	imaginary/paraffins/Main.hs;imaginary/paraffins/paraffins.c	imaginary/paraffins/paraffins.faststdout;imaginary/paraffins/paraffins.slowstdout;imaginary/paraffins/paraffins.stdout	imaginary/paraffins/Main.hs:header	imaginary/paraffins/Makefile	portable workload; retain algorithm and review driver, numeric assumptions, fixtures and notices before import
nofib	imaginary/primes	primes	primes	M1	import	lists-streams	sandmark:benchmarks/mpl/primes.exe	not stated in scanned source headers	1715a97999b77cb08b06e96cff59fc78d03e3ecc795f5fa46be883a4f018eab3	imaginary/primes/Main.hs;imaginary/primes/csieve.c	imaginary/primes/primes.faststdout;imaginary/primes/primes.slowstdout;imaginary/primes/primes.stdout		imaginary/primes/Makefile	portable workload; retain algorithm and review driver, numeric assumptions, fixtures and notices before import
nofib	imaginary/queens	queens	queens	M3	import	symbolic-search	nofib:parallel/queens;sandmark:benchmarks/multicore-effects/queens.exe	not stated in scanned source headers	9456c1ed5f0de533130184263daca07f71f8452d1fb372c0e839d9b530d4d8f3	imaginary/queens/Main.hs	imaginary/queens/queens.faststdout;imaginary/queens/queens.slowstdout;imaginary/queens/queens.stdout		imaginary/queens/Makefile	portable workload; retain algorithm and review driver, numeric assumptions, fixtures and notices before import
nofib	imaginary/rfib	rfib	rfib	M3	import	calls-recursion		not stated in scanned source headers	1c5748dbb867f1c5ed6e475f0b7eae5536a0a8d585566127164edaba250f1e36	imaginary/rfib/Main.hs	imaginary/rfib/rfib.faststdout;imaginary/rfib/rfib.slowstdout;imaginary/rfib/rfib.stdout		imaginary/rfib/Makefile	portable workload; retain algorithm and review driver, numeric assumptions, fixtures and notices before import
nofib	imaginary/tak	tak	tak-nofib	M3	import	calls-recursion	mlkit:test/tak.sml;mlkit:test/tak_smlnj.sml;mlton:benchmark/tests/tak.sml	not stated in scanned source headers	e9f7b7bc86088b93bdebf28c094a9354d1546dc17dc62df5d893a39fca8d07fb	imaginary/tak/Main.hs	imaginary/tak/tak.faststdout;imaginary/tak/tak.slowstdout;imaginary/tak/tak.stdout		imaginary/tak/Makefile	portable workload; retain algorithm and review driver, numeric assumptions, fixtures and notices before import
nofib	imaginary/wheel-sieve1	wheel-sieve1	wheel-sieve1	M3	import	lists-streams		not stated in scanned source headers	cbada4198c7da1b40deeaf21c2e375af1624d3dda25da0cbab8996d3bdd93713	imaginary/wheel-sieve1/Main.hs	imaginary/wheel-sieve1/wheel-sieve1.faststdout;imaginary/wheel-sieve1/wheel-sieve1.slowstdout;imaginary/wheel-sieve1/wheel-sieve1.stdout		imaginary/wheel-sieve1/Makefile	portable workload; retain algorithm and review driver, numeric assumptions, fixtures and notices before import
nofib	imaginary/wheel-sieve2	wheel-sieve2	wheel-sieve2	M3	import	lists-streams		not stated in scanned source headers	4c0e1f6185b9f662edce6885ccedff1b65b4ec1cf8ee17450c1aa9ae1d0d189e	imaginary/wheel-sieve2/Main.hs	imaginary/wheel-sieve2/wheel-sieve2.faststdout;imaginary/wheel-sieve2/wheel-sieve2.slowstdout;imaginary/wheel-sieve2/wheel-sieve2.stdout		imaginary/wheel-sieve2/Makefile	portable workload; retain algorithm and review driver, numeric assumptions, fixtures and notices before import
nofib	imaginary/x2n1	x2n1	x2n1	M3	import	kernel		not stated in scanned source headers	e08267b901251da6113845773038d19d4d316a6f1da6c29bf3112c4b5416347b	imaginary/x2n1/Main.hs	imaginary/x2n1/x2n1.faststdout;imaginary/x2n1/x2n1.slowstdout;imaginary/x2n1/x2n1.stdout		imaginary/x2n1/Makefile	portable workload; retain algorithm and review driver, numeric assumptions, fixtures and notices before import
nofib	parallel/OLD/NESL/fft.lhs	fft	fft	M3	defer	numerical	mlkit:test/fft.sml;mlkit:test_dev/fft_no_basislib.sml;mlton:benchmark/tests/fft.sml;nofib:spectral/hartel/fft;sandmark:benchmarks/numerical-analysis/fft.exe;smlnj:programs/fft	not stated in scanned source headers	9db87527e409d5e4f88d8f639f636c963329516762c5bd4294e52db46dd15867	parallel/OLD/NESL/GranRandom.hs;parallel/OLD/NESL/Strategies.lhs;parallel/OLD/NESL/fft.lhs			parallel/OLD/NESL/Makefile	parallel/concurrent/STM collection; preserve its runtime model and reconsider with the corresponding Rune facilities
nofib	parallel/OLD/NESL/integrate.lhs	integrate	integrate	M3	defer	integer-arithmetic	nofib:imaginary/integrate	not stated in scanned source headers	c90751e27f96f072ab8e21bc1e1c101a166337a0bcbdb03a11af5ec1dca06596	parallel/OLD/NESL/Strategies.lhs;parallel/OLD/NESL/integrate.lhs			parallel/OLD/NESL/Makefile	parallel/concurrent/STM collection; preserve its runtime model and reconsider with the corresponding Rune facilities
nofib	parallel/OLD/NESL/matrix-inverse.lhs	matrix-inverse	matrix-inverse	M3	defer	numerical		not stated in scanned source headers	3bf98c1b6737d77652e101301b22126eba01d0f199bee8940cf96fdc18bf8cd5	parallel/OLD/NESL/Strategies.lhs;parallel/OLD/NESL/matrix-inverse.lhs			parallel/OLD/NESL/Makefile	parallel/concurrent/STM collection; preserve its runtime model and reconsider with the corresponding Rune facilities
nofib	parallel/OLD/NESL/quick_hull.lhs	quick_hull	quick_hull	M3	defer	integer-arithmetic		not stated in scanned source headers	cb759dbba86c60c1d51b283adcb1226ebfb48b6812fde53a89f0f3c3c46d505a	parallel/OLD/NESL/GranRandom.hs;parallel/OLD/NESL/Strategies.lhs;parallel/OLD/NESL/quick_hull.lhs			parallel/OLD/NESL/Makefile	parallel/concurrent/STM collection; preserve its runtime model and reconsider with the corresponding Rune facilities
nofib	parallel/OLD/NESL/sieve.lhs	sieve	sieve	M3	defer	lists-streams	nofib:smp/sieve	not stated in scanned source headers	fab7e3896fbcbec931378e499cc0991bc4222f23668ead1a9b85ea321ffd6299	parallel/OLD/NESL/Strategies.lhs;parallel/OLD/NESL/sieve.lhs			parallel/OLD/NESL/Makefile	parallel/concurrent/STM collection; preserve its runtime model and reconsider with the corresponding Rune facilities
nofib	parallel/OLD/bom/bom.hs	bom	bom	M3	defer	integer-arithmetic		not stated in scanned source headers	8b771f5fa28f1b1ddc4fb6683309b037f3718c7e3a3c6311eb372d97d2680b47	parallel/OLD/bom/GranRandom.hs;parallel/OLD/bom/Strategies.lhs;parallel/OLD/bom/bom.hs		parallel/OLD/bom/bom.hs:header	parallel/OLD/bom/Makefile	parallel/concurrent/STM collection; preserve its runtime model and reconsider with the corresponding Rune facilities
nofib	parallel/OLD/bom/dateNaiveAhead.hs	dateNaiveAhead	dateNaiveAhead	M3	defer	integer-arithmetic		not stated in scanned source headers	99e6a4eb2a994847032e79c5d76258c73e41666972cfaa5bc41d718a3b59daf4	parallel/OLD/bom/GranRandom.hs;parallel/OLD/bom/Strategies.lhs;parallel/OLD/bom/dateNaiveAhead.hs			parallel/OLD/bom/Makefile	parallel/concurrent/STM collection; preserve its runtime model and reconsider with the corresponding Rune facilities
nofib	parallel/OLD/bom/dateNaiveChunk.hs	dateNaiveChunk	dateNaiveChunk	M3	defer	integer-arithmetic		not stated in scanned source headers	d238c63862db4c74f4684d107f1f81cf5d9240af775b1983376d728ced40b7b2	parallel/OLD/bom/GranRandom.hs;parallel/OLD/bom/Strategies.lhs;parallel/OLD/bom/dateNaiveChunk.hs		parallel/OLD/bom/dateNaiveChunk.hs:header	parallel/OLD/bom/Makefile	parallel/concurrent/STM collection; preserve its runtime model and reconsider with the corresponding Rune facilities
nofib	parallel/OLD/par001	par001	par001	M3	defer	kernel		not stated in scanned source headers	c20c9c1e9914010626c92d92ca3b70192d57e2a43e186320c5442575910d4276	parallel/OLD/par001/Main.hs	parallel/OLD/par001/par001.stdout		parallel/OLD/par001/Makefile	parallel/concurrent/STM collection; preserve its runtime model and reconsider with the corresponding Rune facilities
nofib	parallel/OLD/parfact	parfact	parfact	M3	defer	integer-arithmetic		not stated in scanned source headers	10958a046238889a5b2614df82e5d1a6ccb78bb09c0ea03c504c0af5d0fd830a	parallel/OLD/parfact/parfact.hs	parallel/OLD/parfact/parfact.stdout		parallel/OLD/parfact/Makefile	parallel/concurrent/STM collection; preserve its runtime model and reconsider with the corresponding Rune facilities
nofib	parallel/OLD/soda	soda	soda	M3	defer	kernel		not stated in scanned source headers	4e2152bb2f57f14296ff52e52c2f4e08b9e8c58b39556677423c14fb942d026f	parallel/OLD/soda/Main.hs	parallel/OLD/soda/soda.stdout		parallel/OLD/soda/Makefile	parallel/concurrent/STM collection; preserve its runtime model and reconsider with the corresponding Rune facilities
nofib	parallel/OLD/soda7	soda7	soda7	M3	defer	kernel		not stated in scanned source headers	73ba5b6902bf6a9385fe2c9932dbbf1f61e0da34afde8cb50c26d35f5c648add	parallel/OLD/soda7/Main.hs	parallel/OLD/soda7/soda7.stdout		parallel/OLD/soda7/Makefile	parallel/concurrent/STM collection; preserve its runtime model and reconsider with the corresponding Rune facilities
nofib	parallel/blackscholes	blackscholes	blackscholes	M3	defer	calls-recursion		not stated in scanned source headers	652424b4ea039c866a8e0564d208161378c1b0edca9f56ba331d5193fd85d54a	parallel/blackscholes/Future.hs;parallel/blackscholes/blackscholes.hs	parallel/blackscholes/blackscholes.stdout;parallel/blackscholes/blackscholes_data.hs-inc	parallel/blackscholes/blackscholes.hs:header	parallel/blackscholes/Makefile	parallel/concurrent/STM collection; preserve its runtime model and reconsider with the corresponding Rune facilities
nofib	parallel/cfd	cfd	cfd	M3	defer	application		not stated in scanned source headers	7d16b3a1ae9bd7bcd6461168eebe9ae059a1627d2e411719bc4b750f5c090c50	parallel/cfd/C_matrix.hs;parallel/cfd/Chl_method_q.hs;parallel/cfd/Data8.hs;parallel/cfd/Defs.hs;parallel/cfd/Gen_net.hs;parallel/cfd/Jcb_method.hs;parallel/cfd/L_matrix.hs;parallel/cfd/Main.hs;parallel/cfd/Norm.hs;parallel/cfd/Quad_def.hs;parallel/cfd/S_Array.hs;parallel/cfd/S_matrix.hs;parallel/cfd/TG_iter.hs	parallel/cfd/cfd.stdout		parallel/cfd/Makefile	parallel/concurrent/STM collection; preserve its runtime model and reconsider with the corresponding Rune facilities
nofib	parallel/coins	coins	coins	M3	defer	kernel		not stated in scanned source headers	b661dbd639a0aedbf88ef2423d0dd2e818cc7814e968b3b4024c82ff2c4e642f	parallel/coins/coins.hs	parallel/coins/coins.stdout		parallel/coins/Makefile	parallel/concurrent/STM collection; preserve its runtime model and reconsider with the corresponding Rune facilities
nofib	parallel/dcbm	dcbm	dcbm	M3	defer	application		not stated in scanned source headers	2072cf516bf9a90b30c505207d9a70df33dcd3bfce12e09f0874f55049ece687	parallel/dcbm/DCBM.hs;parallel/dcbm/DbParallel.hs;parallel/dcbm/Delay.hs;parallel/dcbm/Fwif.hs;parallel/dcbm/Main.hs;parallel/dcbm/Types.hs			parallel/dcbm/Makefile	parallel/concurrent/STM collection; preserve its runtime model and reconsider with the corresponding Rune facilities
nofib	parallel/gray	gray	gray	M3	defer	numerical		not stated in scanned source headers	6e9b228642537ab85a286160c8eaf61be3f5c74524c90a620dcd4a232e61fe97	parallel/gray/CSG.hs;parallel/gray/Construct.hs;parallel/gray/Data.hs;parallel/gray/Eval.hs;parallel/gray/Geometry.hs;parallel/gray/Illumination.hs;parallel/gray/Intersections.hs;parallel/gray/Interval.hs;parallel/gray/Main.hs;parallel/gray/Misc.hs;parallel/gray/Parse.hs;parallel/gray/Primitives.hs;parallel/gray/RayTrace.hs;parallel/gray/Surface.hs	parallel/gray/galois.gml;parallel/gray/gray.stdout	parallel/gray/CSG.hs:header;parallel/gray/Construct.hs:header;parallel/gray/Data.hs:header;parallel/gray/Eval.hs:header;parallel/gray/Geometry.hs:header;parallel/gray/Illumination.hs:header;parallel/gray/Intersections.hs:header;parallel/gray/Interval.hs:header;parallel/gray/Main.hs:header;parallel/gray/Misc.hs:header;parallel/gray/Parse.hs:header;parallel/gray/Primitives.hs:header;parallel/gray/RayTrace.hs:header;parallel/gray/Surface.hs:header	parallel/gray/Makefile	parallel/concurrent/STM collection; preserve its runtime model and reconsider with the corresponding Rune facilities
nofib	parallel/linsolv	linsolv	linsolv	M3	defer	integer-arithmetic		not stated in scanned source headers	8955d33023bb49355b99e467a4c81aaec733ae92b4ff525e23daa9a8b77b6e60	parallel/linsolv/CRA.hs;parallel/linsolv/Main.hs;parallel/linsolv/Matrix.hs;parallel/linsolv/ModArithm.hs	parallel/linsolv/linsolv.stdout		parallel/linsolv/Makefile	parallel/concurrent/STM collection; preserve its runtime model and reconsider with the corresponding Rune facilities
nofib	parallel/mandel	mandel	mandel	M3	defer	numerical	nofib:spectral/mandel	not stated in scanned source headers	2c64a4e634c16e65c7572e17fee4855d5c977d46caeeb13bcd1507d4ef12d14e	parallel/mandel/Main.lhs;parallel/mandel/Mandel.lhs;parallel/mandel/PortablePixmap.lhs	parallel/mandel/mandel.stdout	parallel/mandel/PortablePixmap.lhs:header	parallel/mandel/Makefile	parallel/concurrent/STM collection; preserve its runtime model and reconsider with the corresponding Rune facilities
nofib	parallel/matmult	matmult	matmult	M3	defer	kernel		not stated in scanned source headers	0306ef18510465dd3fed366b0fee5b292172c57eb46186bd38e8d6e74fee4960	parallel/matmult/ListAux.hs;parallel/matmult/Main.hs	parallel/matmult/matmult.stdout		parallel/matmult/Makefile	parallel/concurrent/STM collection; preserve its runtime model and reconsider with the corresponding Rune facilities
nofib	parallel/minimax	minimax	minimax	M3	defer	symbolic-search	nofib:spectral/minimax;smlnj:programs/minimax	not stated in scanned source headers	f892eff66bcb0217a278413f8c35655385c8d4d8ff8fae742c30f215b4cdbd95	parallel/minimax/Board.hs;parallel/minimax/Game.hs;parallel/minimax/Main.hs;parallel/minimax/Prog.hs;parallel/minimax/Tree.hs;parallel/minimax/Wins.hs	parallel/minimax/minimax.stdout		parallel/minimax/Makefile	parallel/concurrent/STM collection; preserve its runtime model and reconsider with the corresponding Rune facilities
nofib	parallel/nbody	nbody	nbody	M3	defer	numerical	sandmark:benchmarks/benchmarksgame/nbody.exe;sandmark:benchmarks/multicore-numerical/nbody.exe;smlnj:programs/nbody	Chih-Ping Chen	72c8c7136796847346a1450269d8143aa8995a049cd18ba43abc4e604ebfcc74	parallel/nbody/Future.hs;parallel/nbody/nbody.hs	parallel/nbody/nbody.stdout	parallel/nbody/nbody.hs:header	parallel/nbody/Makefile	parallel/concurrent/STM collection; preserve its runtime model and reconsider with the corresponding Rune facilities
nofib	parallel/parfib	parfib	parfib	M3	defer	calls-recursion		not stated in scanned source headers	79ffbbcc1728e4d3c289e555fb5a1bc93c6c5cfbd635dde7ff3d71ff1d3cae90	parallel/parfib/Main.hs	parallel/parfib/parfib.stdout		parallel/parfib/Makefile	parallel/concurrent/STM collection; preserve its runtime model and reconsider with the corresponding Rune facilities
nofib	parallel/partak	partak	partak	M3	defer	calls-recursion		not stated in scanned source headers	758429a24d708c87fe6179e73b7064647f17581092fc01274f2ac19bb15f05dd	parallel/partak/Main.hs	parallel/partak/partak.stdout		parallel/partak/Makefile	parallel/concurrent/STM collection; preserve its runtime model and reconsider with the corresponding Rune facilities
nofib	parallel/partree	partree	partree	M3	defer	allocation-lifetimes		not stated in scanned source headers	ecae662ce7a4a8b8abc101a9047bda8172c1ed8cc8153a9969e7545c29d493a0	parallel/partree/Tree.hs;parallel/partree/partree.hs	parallel/partree/partree.stdout		parallel/partree/Makefile	parallel/concurrent/STM collection; preserve its runtime model and reconsider with the corresponding Rune facilities
nofib	parallel/prsa	prsa	prsa	M3	defer	integer-arithmetic		not stated in scanned source headers	48b737d6676b00387222c7444fcc232fece73d3463be9371e79dc5ad89e03da4	parallel/prsa/Main.hs;parallel/prsa/Rsa.hs	parallel/prsa/prsa.stdout		parallel/prsa/Makefile	parallel/concurrent/STM collection; preserve its runtime model and reconsider with the corresponding Rune facilities
nofib	parallel/queens	queens	queens	M3	defer	symbolic-search	nofib:imaginary/queens;sandmark:benchmarks/multicore-effects/queens.exe	not stated in scanned source headers	286f6a453fe63ff66fb833163d8af273483169dd682b766c8966e9768003c331	parallel/queens/Main.hs	parallel/queens/queens.stdout		parallel/queens/Makefile	parallel/concurrent/STM collection; preserve its runtime model and reconsider with the corresponding Rune facilities
nofib	parallel/ray	ray	ray	M3	defer	numerical	mlkit:test/ray.mlb;mlton:benchmark/tests/ray.sml;smlnj:programs/ray	not stated in scanned source headers	d129f9505f8e496bf549f365184fbc302bcdbe4ea991fe2f44c3dc878098bdcc	parallel/ray/Main.lhs	parallel/ray/ray.stdout		parallel/ray/Makefile	parallel/concurrent/STM collection; preserve its runtime model and reconsider with the corresponding Rune facilities
nofib	parallel/sumeuler	sumeuler	sumeuler	M3	defer	kernel		not stated in scanned source headers	023ae272f7c4fc6bba8a1a92d012fd3f1b3a95f29a0c70c15c40b49072855635	parallel/sumeuler/ListAux.hs;parallel/sumeuler/Main.hs;parallel/sumeuler/SumEulerPrimes.hs	parallel/sumeuler/sumeuler.stdout		parallel/sumeuler/Makefile	parallel/concurrent/STM collection; preserve its runtime model and reconsider with the corresponding Rune facilities
nofib	parallel/transclos	transclos	transclos	M3	defer	integer-arithmetic		not stated in scanned source headers	7d05a8e53c034acb06272f76de98563feb2ec130f61de15ece2ae520a24bd802	parallel/transclos/Main.hs;parallel/transclos/TransClos.hs	parallel/transclos/transclos.stdout		parallel/transclos/Makefile	parallel/concurrent/STM collection; preserve its runtime model and reconsider with the corresponding Rune facilities
nofib	parallel/warshall	warshall	warshall	M3	defer	kernel		Rita Loogen, Jost Berthold	6de07f11429f38bd646d9894130857f9ee0f668d262d815aa64618e94585ce98	parallel/warshall/warshall.hs		parallel/warshall/warshall.hs:header	parallel/warshall/Makefile	parallel/concurrent/STM collection; preserve its runtime model and reconsider with the corresponding Rune facilities
nofib	real/anna	anna	anna	M4	import	compiler-application		not stated in scanned source headers	1264ac8c05ca354a2c3b89ea58727eecbb14797c928f3b4d992fcab4229f35f7	real/anna/AbsConc3.hs;real/anna/AbstractEval2.hs;real/anna/AbstractMisc.hs;real/anna/AbstractVals2.hs;real/anna/Apply.hs;real/anna/BarakiConc3.hs;real/anna/BarakiMeet.hs;real/anna/BaseDefs.hs;real/anna/Constructors.hs;real/anna/Dependancy.hs;real/anna/DomainExpr.hs;real/anna/EtaAbstract.hs;real/anna/FrontierDATAFN2.hs;real/anna/FrontierGENERIC2.hs;real/anna/FrontierMisc2.hs;real/anna/Inverse.hs;real/anna/LambdaLift5.hs;real/anna/Main.hs;real/anna/MakeDomains.hs;real/anna/Monster.hs;real/anna/MyUtils.hs;real/anna/NofibUtils.hs;real/anna/Parser2.hs;real/anna/PrettyPrint.hs;real/anna/PrintResults.hs;real/anna/ReadTable.hs;real/anna/Simplify.hs;real/anna/SmallerLattice.hs;real/anna/StrictAn6.hs;real/anna/SuccsAndPreds2.hs;real/anna/TExpr2DExpr.hs;real/anna/TypeCheck5.hs;real/anna/Utils.hs	real/anna/anna.faststdin;real/anna/anna.faststdout;real/anna/anna.slowstdin;real/anna/anna.slowstdout;real/anna/anna.stdin;real/anna/anna.stdout;real/anna/big.sum.out;real/anna/runtime_files/anna_table	real/anna/Main.hs:header;real/anna/Monster.hs:header	real/anna/Makefile;real/anna/README	portable workload; retain algorithm and review driver, numeric assumptions, fixtures and notices before import
nofib	real/ben-raytrace	ben-raytrace	ben-raytrace	M4	defer	numerical		not stated in scanned source headers	92db379a722cd1efdeaa0dc35c4091c2b3d0584a7f5344db716400a6032b1383	real/ben-raytrace/BVH.hs;real/ben-raytrace/BoundingBox.hs;real/ben-raytrace/Colour.hs;real/ben-raytrace/Figure.hs;real/ben-raytrace/Image.hs;real/ben-raytrace/Interval.hs;real/ben-raytrace/Main.hs;real/ben-raytrace/Matrix.hs;real/ben-raytrace/Mesh.hs;real/ben-raytrace/Random/Lehmer64.hs;real/ben-raytrace/Random/Lehmer64Mut.hs;real/ben-raytrace/Random/Wyhash64.hs;real/ben-raytrace/Random.hs;real/ben-raytrace/RandomDist.hs;real/ben-raytrace/Ray.hs;real/ben-raytrace/STL.hs;real/ben-raytrace/Sampler.hs;real/ben-raytrace/SamplerMonad/Naive.hs;real/ben-raytrace/SamplerMonad/STRand.hs;real/ben-raytrace/SamplerMonad/Unboxed.hs;real/ben-raytrace/SamplerMonad.hs;real/ben-raytrace/Scene/Scene1.hs;real/ben-raytrace/Scene/Scene2.hs;real/ben-raytrace/Scene/Type.hs;real/ben-raytrace/UnboxedBVH.hs;real/ben-raytrace/Vector.hs	real/ben-raytrace/ben-raytrace.faststdout;real/ben-raytrace/ben-raytrace.slowstdout;real/ben-raytrace/ben-raytrace.stdout;real/ben-raytrace/monkey.stl		real/ben-raytrace/Makefile	source imports runtime-specific primitives, concurrency, or weak references; audit a faithful portable replacement before reconsideration
nofib	real/bspt	bspt	bspt	M4	import	integer-arithmetic		not stated in scanned source headers	3d5a23e34a3d831547562fce25f1c537123387be23758268c90cd3808b8bfa9d	real/bspt/BSPT.lhs;real/bspt/Euclid.lhs;real/bspt/EuclidGMS.lhs;real/bspt/GeomNum.lhs;real/bspt/Init.lhs;real/bspt/Input.lhs;real/bspt/Interface.lhs;real/bspt/Interpret.lhs;real/bspt/Libfuns.lhs;real/bspt/MGRlib.lhs;real/bspt/Main.hs;real/bspt/Merge.lhs;real/bspt/NofibUtils.hs;real/bspt/Params.lhs;real/bspt/Prog.hs;real/bspt/Rationals.lhs;real/bspt/Render.lhs;real/bspt/Stdlib.lhs	real/bspt/bspt.faststdout;real/bspt/bspt.slowstdout;real/bspt/bspt.stdin;real/bspt/bspt.stdout		real/bspt/Makefile	portable workload; retain algorithm and review driver, numeric assumptions, fixtures and notices before import
nofib	real/cacheprof	cacheprof	cacheprof-nofib	M4	import	application	nofib:gc/cacheprof	not stated in scanned source headers	c4908fe6e2f86facda2dacbc2c38fe53a0876f2a91196ff08fc91bc7acf33c80	real/cacheprof/Arch_x86.hs;real/cacheprof/Generics.hs;real/cacheprof/Main.hs	real/cacheprof/cacheprof.faststdin;real/cacheprof/cacheprof.slowstdin;real/cacheprof/cacheprof.stdin;real/cacheprof/runtime_files/cacheprof_hooks2_x86.s	real/cacheprof/Arch_x86.hs:header;real/cacheprof/Generics.hs:header;real/cacheprof/Main.hs:header	real/cacheprof/Makefile	portable workload; retain algorithm and review driver, numeric assumptions, fixtures and notices before import
nofib	real/compress/BinTest.hs	BinTest	BinTest	-	exclude	kernel		not stated in scanned source headers	1f77ea58aaac22538a6bb6c56ec621d1e7e341465c71664499913b0850d6188f	real/compress/BinTest.hs	real/compress/compress.faststdin;real/compress/compress.faststdout;real/compress/compress.slowstdin;real/compress/compress.slowstdout;real/compress/compress.stdin;real/compress/compress.stdout		real/compress/Makefile	auxiliary test or alternate entrypoint; the directory Makefile excludes it or selects the Main driver, not a separate benchmark invocation
nofib	real/compress/Lzw.hs	Lzw	Lzw	-	exclude	kernel		not stated in scanned source headers	8cead4d0b7df7e1e58c3913dfeaa1a7f8ae368ce7ddd3634dd86e74f0bc44500	real/compress/Lzw.hs	real/compress/compress.faststdin;real/compress/compress.faststdout;real/compress/compress.slowstdin;real/compress/compress.slowstdout;real/compress/compress.stdin;real/compress/compress.stdout		real/compress/Makefile	auxiliary test or alternate entrypoint; the directory Makefile excludes it or selects the Main driver, not a separate benchmark invocation
nofib	real/compress/Lzw2.hs	Lzw2	Lzw2	-	exclude	kernel		not stated in scanned source headers	6c07a77e9295c607fc3371d48f4c3068ea84ea83684d4a3e25b5165450080a97	real/compress/Lzw2.hs	real/compress/compress.faststdin;real/compress/compress.faststdout;real/compress/compress.slowstdin;real/compress/compress.slowstdout;real/compress/compress.stdin;real/compress/compress.stdout		real/compress/Makefile	auxiliary test or alternate entrypoint; the directory Makefile excludes it or selects the Main driver, not a separate benchmark invocation
nofib	real/compress/Main.hs	compress	compress	M4	import	kernel		not stated in scanned source headers	7761df7b0bc89c097c4d814e1367aeb84396bd2b76cd28796e42c70d263e6f44	real/compress/BinConv.hs;real/compress/Defaults.hs;real/compress/Encode.hs;real/compress/Main.hs;real/compress/NofibUtils.hs;real/compress/PTTrees.hs	real/compress/compress.faststdin;real/compress/compress.faststdout;real/compress/compress.slowstdin;real/compress/compress.slowstdout;real/compress/compress.stdin;real/compress/compress.stdout		real/compress/Makefile	portable workload; retain algorithm and review driver, numeric assumptions, fixtures and notices before import
nofib	real/compress/Uncompress.hs	Uncompress	Uncompress	-	exclude	kernel		not stated in scanned source headers	dbc94c09ca10fb137692dc7af295460379c8a01a58f68394f3d3b60ea4753e19	real/compress/BinConv.hs;real/compress/Decode.hs;real/compress/Defaults.hs;real/compress/Uncompress.hs	real/compress/compress.faststdin;real/compress/compress.faststdout;real/compress/compress.slowstdin;real/compress/compress.slowstdout;real/compress/compress.stdin;real/compress/compress.stdout		real/compress/Makefile	auxiliary test or alternate entrypoint; the directory Makefile excludes it or selects the Main driver, not a separate benchmark invocation
nofib	real/compress2	compress2	compress2	M4	import	kernel		not stated in scanned source headers	60d32bd88bd349a2719bb354b3a7176bba0222d828c7f3a6f4b29d840d5340b0	real/compress2/Encode.hs;real/compress2/Main.hs;real/compress2/NofibUtils.hs;real/compress2/WriteRoutines.hs;real/compress2/inC/bin_conv.c;real/compress2/inC/io_copy.c;real/compress2/inC/prefix_trees.c	real/compress2/compress2.faststdin;real/compress2/compress2.faststdout;real/compress2/compress2.slowstdin;real/compress2/compress2.slowstdout;real/compress2/compress2.stdin;real/compress2/compress2.stdout		real/compress2/Makefile	portable workload; retain algorithm and review driver, numeric assumptions, fixtures and notices before import
nofib	real/eff	eff	eff	-	exclude	kernel		not stated in scanned source headers	0c6fcef1ce6df44dc639d22834f1970c6a98dc286740292fb55b811881755426	real/eff/CS/EffBench.hs;real/eff/CS/Main.hs;real/eff/CSD/EffBench.hs;real/eff/CSD/Main.hs;real/eff/FS/EffBench.hs;real/eff/FS/Main.hs;real/eff/S/Main.hs;real/eff/VS/EffBench.hs;real/eff/VS/Main.hs;real/eff/VSD/EffBench.hs;real/eff/VSD/Main.hs;real/eff/VSM/EffBench.hs;real/eff/VSM/Main.hs	real/eff/CS/CS.stdout;real/eff/CSD/CSD.stdout;real/eff/FS/FS.stdout;real/eff/S/S.stdout;real/eff/VS/VS.stdout;real/eff/VSD/VSD.stdout;real/eff/VSM/VSM.stdout	real/eff/VSM/EffBench.hs:header	real/eff/Makefile	aggregate, support directory, or old source fragment without a standalone Main entrypoint
nofib	real/eff/CS	CS	CS	M4	import	kernel		not stated in scanned source headers	e5057c3962b36e98b20016c008898247327f6f33e43a236cc0e5b24fd1c8c656	real/eff/CS/EffBench.hs;real/eff/CS/Main.hs	real/eff/CS/CS.stdout		real/eff/CS/Makefile	portable workload; retain algorithm and review driver, numeric assumptions, fixtures and notices before import
nofib	real/eff/CSD	CSD	CSD	M4	import	kernel		not stated in scanned source headers	6d1b3db556b7c076be2ee119d267bbb001ec7c6b259499f1279ca9a10007a50d	real/eff/CSD/EffBench.hs;real/eff/CSD/Main.hs	real/eff/CSD/CSD.stdout		real/eff/CSD/Makefile	portable workload; retain algorithm and review driver, numeric assumptions, fixtures and notices before import
nofib	real/eff/FS	FS	FS	M4	import	kernel		not stated in scanned source headers	8bff104f599c32de14733088d2cab533eadcb03f36b6a5a6cc29849295610fe0	real/eff/FS/EffBench.hs;real/eff/FS/Main.hs	real/eff/FS/FS.stdout		real/eff/FS/Makefile	portable workload; retain algorithm and review driver, numeric assumptions, fixtures and notices before import
nofib	real/eff/S	S	S	M4	import	kernel		not stated in scanned source headers	1353db2bd1acfbfdf820f2cfd6a5a54f24838c2bc01c0c505dd72de4b71e4b10	real/eff/S/Main.hs	real/eff/S/S.stdout		real/eff/S/Makefile	portable workload; retain algorithm and review driver, numeric assumptions, fixtures and notices before import
nofib	real/eff/VS	VS	VS	M4	import	kernel		not stated in scanned source headers	bc743c83cc6dce0ae1838a1d7a95ba838b2b61ffd986e843887e636d085cd4ab	real/eff/VS/EffBench.hs;real/eff/VS/Main.hs	real/eff/VS/VS.stdout		real/eff/VS/Makefile	portable workload; retain algorithm and review driver, numeric assumptions, fixtures and notices before import
nofib	real/eff/VSD	VSD	VSD	M4	import	kernel		not stated in scanned source headers	189bf8f73247270cc9714b13a9783f2321f911ee44718559f9b25a8265d9c0b9	real/eff/VSD/EffBench.hs;real/eff/VSD/Main.hs	real/eff/VSD/VSD.stdout		real/eff/VSD/Makefile	portable workload; retain algorithm and review driver, numeric assumptions, fixtures and notices before import
nofib	real/eff/VSM	VSM	VSM	M4	import	kernel		not stated in scanned source headers	3187d3683f07f58d29ed5f73325d0d7b81f5593a01a41fd8e2f29d39e5c280a2	real/eff/VSM/EffBench.hs;real/eff/VSM/Main.hs	real/eff/VSM/VSM.stdout	real/eff/VSM/EffBench.hs:header	real/eff/VSM/Makefile	portable workload; retain algorithm and review driver, numeric assumptions, fixtures and notices before import
nofib	real/fem	fem	fem	M4	import	numerical		not stated in scanned source headers	1f8cae363bfe0e3e4e5bc41900566f99dd5feeab928873669925a8b4b7a6aaf5	real/fem/Assemble_loadvec.hs;real/fem/Assemble_stiffness.hs;real/fem/Basics.hs;real/fem/DB_interface.hs;real/fem/Database.hs;real/fem/Degrees.hs;real/fem/Displacement.hs;real/fem/Elemforce.hs;real/fem/Elemstif.hs;real/fem/Main.hs;real/fem/Matrix.hs;real/fem/NofibUtils.hs;real/fem/Pre_assemble.hs;real/fem/PrintSource.hs;real/fem/Printuvwforce.hs;real/fem/VBlldecomp.hs;real/fem/VBmatrix.hs;real/fem/Vector.hs;real/fem/inC/assemble_loadvec.c;real/fem/inC/assemble_stiffness.c;real/fem/inC/bar_2d.c;real/fem/inC/displacement.c;real/fem/inC/fem.c;real/fem/inC/internalforce.c;real/fem/inC/pre_assemble.c;real/fem/inC/read_data.c;real/fem/inC/vblldecomp.c	real/fem/fem.stdin	real/fem/README:header	real/fem/Makefile;real/fem/README	portable workload; retain algorithm and review driver, numeric assumptions, fixtures and notices before import
nofib	real/fluid	fluid	fluid	M4	import	numerical		not stated in scanned source headers	b19f1d5811ff52215d0b18f2761bb697464a539e9a54f38a00bd8e1fb52d0a50	real/fluid/Asb_routs.hs;real/fluid/C_matrix.hs;real/fluid/Chl_decomp.hs;real/fluid/Chl_method.hs;real/fluid/Chl_routs.hs;real/fluid/Defs.hs;real/fluid/Elefac.hs;real/fluid/Input_proc.hs;real/fluid/Jcb_method.hs;real/fluid/L_matrix.hs;real/fluid/Main.hs;real/fluid/Min_degree.hs;real/fluid/NofibUtils.hs;real/fluid/Norm.hs;real/fluid/Rhs_Asb_routs.hs;real/fluid/S_Array.hs;real/fluid/S_matrix.hs;real/fluid/TG_iter.hs;real/fluid/Tol_cal.hs	real/fluid/fluid.stdin		real/fluid/Makefile;real/fluid/README	portable workload; retain algorithm and review driver, numeric assumptions, fixtures and notices before import
nofib	real/fulsom/Bah.hs	Bah	Bah	-	exclude	application	nofib:gc/fulsom/Bah.hs	not stated in scanned source headers	09bfd257e0a8c5886cdc5de12fef19f0a67a6f0bc68b00f93eb7d4c2489f4dc3	real/fulsom/Bah.hs;real/fulsom/Csg.hs;real/fulsom/Interval.hs;real/fulsom/Kolor.hs;real/fulsom/Matrix.hs;real/fulsom/Oct.hs;real/fulsom/Quad.hs;real/fulsom/Raster.hs;real/fulsom/Shapes.hs;real/fulsom/Types.hs;real/fulsom/Vector.hs	real/fulsom/fulsom.faststdout;real/fulsom/fulsom.slowstdout;real/fulsom/fulsom.stdout	real/fulsom/Bah.hs:header;real/fulsom/Csg.hs:header;real/fulsom/Interval.hs:header;real/fulsom/Kolor.hs:header;real/fulsom/Matrix.hs:header;real/fulsom/Oct.hs:header;real/fulsom/Quad.hs:header;real/fulsom/Raster.hs:header;real/fulsom/Shapes.hs:header;real/fulsom/Types.hs:header;real/fulsom/Vector.hs:header	real/fulsom/Makefile	auxiliary test or alternate entrypoint; the directory Makefile excludes it or selects the Main driver, not a separate benchmark invocation
nofib	real/fulsom/Main.hs	fulsom	fulsom-nofib	M4	import	application	nofib:gc/fulsom/Main.hs	not stated in scanned source headers	ba2d312f27a9fe76c2daaf885309207f2702902e4cb4d73669575f4068774443	real/fulsom/Csg.hs;real/fulsom/Interval.hs;real/fulsom/Kolor.hs;real/fulsom/Main.hs;real/fulsom/Matrix.hs;real/fulsom/NofibUtils.hs;real/fulsom/Oct.hs;real/fulsom/Patchlevel.hs;real/fulsom/Quad.hs;real/fulsom/Raster.hs;real/fulsom/Shapes.hs;real/fulsom/Types.hs;real/fulsom/Vector.hs	real/fulsom/fulsom.faststdout;real/fulsom/fulsom.slowstdout;real/fulsom/fulsom.stdout	real/fulsom/Csg.hs:header;real/fulsom/Interval.hs:header;real/fulsom/Kolor.hs:header;real/fulsom/Main.hs:header;real/fulsom/Matrix.hs:header;real/fulsom/Oct.hs:header;real/fulsom/Patchlevel.hs:header;real/fulsom/Quad.hs:header;real/fulsom/Raster.hs:header;real/fulsom/Shapes.hs:header;real/fulsom/Types.hs:header;real/fulsom/Vector.hs:header	real/fulsom/Makefile	portable workload; retain algorithm and review driver, numeric assumptions, fixtures and notices before import
nofib	real/gamteb	gamteb	gamteb	M4	import	application		not stated in scanned source headers	59954bb60ebde5c8b56c62aacdb4f252c9647f5d2689bec1147933efce5f5d19	real/gamteb/Compton.hs;real/gamteb/Consts.hs;real/gamteb/Distance.hs;real/gamteb/GamtebMain.hs;real/gamteb/GamtebType.hs;real/gamteb/InitTable.hs;real/gamteb/Main.hs;real/gamteb/NofibUtils.hs;real/gamteb/Output.hs;real/gamteb/Pair.hs;real/gamteb/PhotoElec.hs;real/gamteb/RoulSplit.hs;real/gamteb/TransPort.hs;real/gamteb/Utils.hs	real/gamteb/gamteb.faststdout;real/gamteb/gamteb.slowstdout;real/gamteb/gamteb.stdout	real/gamteb/GamtebMain.hs:header	real/gamteb/Makefile	portable workload; retain algorithm and review driver, numeric assumptions, fixtures and notices before import
nofib	real/gg	gg	gg	M4	import	application		not stated in scanned source headers	e670c250f14ce0d26a61f15ab0286d106b24059fb7421b811c658e7fbfc2b434	real/gg/Activity.hs;real/gg/GRIP.hs;real/gg/Graph.hs;real/gg/Main.hs;real/gg/NofibUtils.hs;real/gg/PSlib.hs;real/gg/Parse.hs;real/gg/Pool.hs;real/gg/Spark.hs;real/gg/StdLib.hs	real/gg/gg.faststdin;real/gg/gg.faststdout;real/gg/gg.slowstdin;real/gg/gg.slowstdout;real/gg/gg.stdin;real/gg/gg.stdout		real/gg/Makefile	portable workload; retain algorithm and review driver, numeric assumptions, fixtures and notices before import
nofib	real/grep	grep	grep	M4	import	kernel		not stated in scanned source headers	d9dadbddd22cc3db52c300d393d12485206db6731c78dcc12a5c0b846d08e4db	real/grep/Main.lhs;real/grep/NofibUtils.hs;real/grep/Parsers.hs;real/grep/StringMatch.hs	real/grep/grep.faststdin;real/grep/grep.faststdout;real/grep/grep.slowstdin;real/grep/grep.slowstdout;real/grep/grep.stdin;real/grep/grep.stdout		real/grep/Makefile	portable workload; retain algorithm and review driver, numeric assumptions, fixtures and notices before import
nofib	real/hidden	hidden	hidden	M4	import	application		not stated in scanned source headers	0e1040d3cc5da5880e37c19df57a31156894a845c07a936466cabf56384bafd1	real/hidden/Comparing.hs;real/hidden/Cross.hs;real/hidden/EdgePlate.hs;real/hidden/Geometric.hs;real/hidden/Hide.hs;real/hidden/Main.hs;real/hidden/Matrices.hs;real/hidden/Memo.hs;real/hidden/MyIO.hs;real/hidden/NofibUtils.hs;real/hidden/Numbers.hs;real/hidden/Postscript.hs;real/hidden/Preds.hs;real/hidden/Rotate.lhs;real/hidden/Solve.hs;real/hidden/Vectors.hs;real/hidden/etc/nbpip.c	real/hidden/hidden.stdin		real/hidden/Makefile	portable workload; retain algorithm and review driver, numeric assumptions, fixtures and notices before import
nofib	real/hpg	hpg	hpg	M4	import	integer-arithmetic		not stated in scanned source headers	b241e65bac3ced5d134bcb5be065c2b815957a9122949c6ef7f8cd80d007a309	real/hpg/Config.lhs;real/hpg/Env.lhs;real/hpg/GenExp.lhs;real/hpg/GenType.lhs;real/hpg/GenVal.lhs;real/hpg/Main.lhs;real/hpg/NofibUtils.hs;real/hpg/Types.lhs;real/hpg/Utils.lhs	real/hpg/hpg.faststdout;real/hpg/hpg.slowstdout;real/hpg/hpg.stdout	real/hpg/Config.lhs:header;real/hpg/Env.lhs:header;real/hpg/GenExp.lhs:header;real/hpg/GenType.lhs:header;real/hpg/GenVal.lhs:header;real/hpg/Main.lhs:header;real/hpg/Types.lhs:header;real/hpg/Utils.lhs:header	real/hpg/Makefile	portable workload; retain algorithm and review driver, numeric assumptions, fixtures and notices before import
nofib	real/infer/Main.hs	infer	infer	M4	import	compiler-application		not stated in scanned source headers	179e72dcd88a32dd9e85e0faaa4e66d7224c54335b1efa8289f55febef3f73f3	real/infer/Environment.hs;real/infer/FiniteMap.hs;real/infer/Infer.hs;real/infer/InferMonad.hs;real/infer/Main.hs;real/infer/MaybeM.hs;real/infer/MyList.hs;real/infer/NofibUtils.hs;real/infer/Parse.hs;real/infer/Shows.hs;real/infer/StateX.hs;real/infer/Substitution.hs;real/infer/Term.hs;real/infer/Type.hs	real/infer/infer.faststdin;real/infer/infer.faststdout;real/infer/infer.slowstdin;real/infer/infer.slowstdout;real/infer/infer.stdin;real/infer/infer.stdout		real/infer/Makefile	portable workload; retain algorithm and review driver, numeric assumptions, fixtures and notices before import
nofib	real/infer/TestTerm.hs	TestTerm	TestTerm	-	exclude	kernel		not stated in scanned source headers	1bdc4828944541815460444338a91aded693be41368b6a5dde569746a0dd9d35	real/infer/Parse.hs;real/infer/Shows.hs;real/infer/Term.hs;real/infer/TestTerm.hs	real/infer/infer.faststdin;real/infer/infer.faststdout;real/infer/infer.slowstdin;real/infer/infer.slowstdout;real/infer/infer.stdin;real/infer/infer.stdout		real/infer/Makefile	auxiliary test or alternate entrypoint; the directory Makefile excludes it or selects the Main driver, not a separate benchmark invocation
nofib	real/infer/TestType.hs	TestType	TestType	-	exclude	kernel		not stated in scanned source headers	3b39d28013aeb14d9b53c76c7abde081ed63b26c93027803f0fdc578355799ab	real/infer/MyList.hs;real/infer/Parse.hs;real/infer/Shows.hs;real/infer/TestType.hs;real/infer/Type.hs	real/infer/infer.faststdin;real/infer/infer.faststdout;real/infer/infer.slowstdin;real/infer/infer.slowstdout;real/infer/infer.stdin;real/infer/infer.stdout		real/infer/Makefile	auxiliary test or alternate entrypoint; the directory Makefile excludes it or selects the Main driver, not a separate benchmark invocation
nofib	real/lift	lift	lift	M4	import	integer-arithmetic		not stated in scanned source headers	5176c15e4bd7d44ca446cc7419363b4cd49b4e4681ab7ec0df7124627263472c	real/lift/LambdaLift.lhs;real/lift/Main.lhs;real/lift/NofibUtils.hs;real/lift/Print.lhs;real/lift/Test.hs;real/lift/Utilities.lhs	real/lift/lift.faststdout;real/lift/lift.slowstdout;real/lift/lift.stdout	real/lift/LambdaLift.lhs:header	real/lift/Makefile	portable workload; retain algorithm and review driver, numeric assumptions, fixtures and notices before import
nofib	real/linear	linear	linear-nofib	M4	import	application	nofib:gc/linear	Brian D. Moe (Summer 1990;Brian D. Moe (Summer 1990).;Dan Vasicek and copied from his directory 6/22/90	b02998feda15476d5e6651e2ad3edbd2bffbc842d864228034c83d017e984c8e	real/linear/AbsCg.lhs;real/linear/AbsDensematrix.lhs;real/linear/Absmatlib.lhs;real/linear/Cg.lhs;real/linear/Densematrix.lhs;real/linear/Input.lhs;real/linear/Main.lhs;real/linear/Matlib.lhs;real/linear/Matrix.lhs;real/linear/Misc.lhs;real/linear/NofibUtils.hs;real/linear/Utils.lhs	real/linear/linear.faststdout;real/linear/linear.slowstdout;real/linear/linear.stdout	real/linear/Input.lhs:header;real/linear/Main.lhs:header;real/linear/Matlib.lhs:header;real/linear/Matrix.lhs:header;real/linear/Misc.lhs:header	real/linear/Makefile	portable workload; retain algorithm and review driver, numeric assumptions, fixtures and notices before import
nofib	real/maillist	maillist	maillist	M4	import	lists-streams		Paul Hudak, January 1992.	7cad251590cd5d44d2e4d14d4236dd93e7f6d4b2967984397455e251167d6aa7	real/maillist/Main.hs	real/maillist/maillist.faststdout;real/maillist/maillist.slowstdout;real/maillist/maillist.stdout	real/maillist/Main.hs:header	real/maillist/Makefile	portable workload; retain algorithm and review driver, numeric assumptions, fixtures and notices before import
nofib	real/mkhprog	mkhprog	mkhprog	M4	import	application		not stated in scanned source headers	05613206770d88d6334b1092b1a5fc49271a78438212f4b743d4607183c71c1b	real/mkhprog/Main.lhs;real/mkhprog/NofibUtils.hs	real/mkhprog/mkhprog.stdin	real/mkhprog/Main.lhs:header	real/mkhprog/Makefile	portable workload; retain algorithm and review driver, numeric assumptions, fixtures and notices before import
nofib	real/parser	parser	parser	M4	import	compiler-application		not stated in scanned source headers	3a279f462707dcc0de97c1b91955e8727a0d7c54c4cbcb324085975ab745cae4	real/parser/Main.hs;real/parser/NofibUtils.hs	real/parser/parser.faststdin;real/parser/parser.faststdout;real/parser/parser.slowstdin;real/parser/parser.slowstdout;real/parser/parser.stdin;real/parser/parser.stdout		real/parser/Makefile	portable workload; retain algorithm and review driver, numeric assumptions, fixtures and notices before import
nofib	real/pic	pic	pic	M4	import	application		not stated in scanned source headers	069f386c15bd6861b79abcb5ee53410fdbf47b4146513b5d1295f901dcf75bd6	real/pic/ChargeDensity.hs;real/pic/Consts.hs;real/pic/ElecField.hs;real/pic/Main.hs;real/pic/NofibUtils.hs;real/pic/Pic.hs;real/pic/PicType.hs;real/pic/Potential.hs;real/pic/PushParticle.hs;real/pic/Utils.hs		real/pic/Pic.hs:header	real/pic/Makefile	portable workload; retain algorithm and review driver, numeric assumptions, fixtures and notices before import
nofib	real/prolog	prolog	prolog	M4	import	compiler-application		not stated in scanned source headers	3dae5175920f5e6454159ecb599db318521277610e66ac2efba7f1df3fe61c7c	real/prolog/Engine.hs;real/prolog/Interact.hs;real/prolog/Main.hs;real/prolog/NofibUtils.hs;real/prolog/Parse.hs;real/prolog/PrologData.hs;real/prolog/PureEngine.hs;real/prolog/StackEngine.hs;real/prolog/Subst.hs;real/prolog/Version.hs	real/prolog/prolog.faststdin;real/prolog/prolog.faststdout;real/prolog/prolog.slowstdin;real/prolog/prolog.slowstdout;real/prolog/prolog.stdin;real/prolog/prolog.stdout;real/prolog/runtime_files/stdlib		real/prolog/Makefile	portable workload; retain algorithm and review driver, numeric assumptions, fixtures and notices before import
nofib	real/reptile	reptile	reptile	M4	import	application		not stated in scanned source headers	c7a45764e8dead72e150a92c1566d92134217196e56ec0a78a479ecd040975c1	real/reptile/Auxprogfuns.hs;real/reptile/Diff.hs;real/reptile/Drawfuns.hs;real/reptile/Geomfuns.hs;real/reptile/Help.hs;real/reptile/Interstate.hs;real/reptile/Layout.hs;real/reptile/Main.hs;real/reptile/Mgrfuns.hs;real/reptile/NofibUtils.hs;real/reptile/Progfuns.hs;real/reptile/Psfuns.hs;real/reptile/Rational.hs;real/reptile/Tilefuns.hs	real/reptile/reptile.faststdin;real/reptile/reptile.faststdout;real/reptile/reptile.slowstdin;real/reptile/reptile.slowstdout;real/reptile/reptile.stdin;real/reptile/reptile.stdout		real/reptile/Makefile	portable workload; retain algorithm and review driver, numeric assumptions, fixtures and notices before import
nofib	real/rsa	rsa	rsa	M4	import	integer-arithmetic		not stated in scanned source headers	410238f11772b54d24b09e09e9680d0bed98a563f3d56b183af27a25493f47f0	real/rsa/Main.hs;real/rsa/NofibUtils.hs;real/rsa/Rsa.hs	real/rsa/rsa.faststdin;real/rsa/rsa.faststdout;real/rsa/rsa.slowstdin;real/rsa/rsa.slowstdout;real/rsa/rsa.stdin;real/rsa/rsa.stdout		real/rsa/Makefile	portable workload; retain algorithm and review driver, numeric assumptions, fixtures and notices before import
nofib	real/scs	scs	scs	M4	import	integer-arithmetic		not stated in scanned source headers	9c74063e460b2d762d4a2aa7b1482e6688144d744b75e8cd69060e83a75de212	real/scs/LinearAlgebra.hs;real/scs/Main.hs;real/scs/Parse.hs;real/scs/ParseLib.hs;real/scs/RandomFix.hs;real/scs/Simulate.hs;real/scs/Types.hs	real/scs/scs.stdout		real/scs/Makefile	portable workload; retain algorithm and review driver, numeric assumptions, fixtures and notices before import
nofib	real/smallpt	smallpt	smallpt	M4	import	kernel		not stated in scanned source headers	aa2351ab8694eac36c0490eb824333b18c99d3b1649f63f7126a08a4556a660b	real/smallpt/smallpt.hs	real/smallpt/smallpt.slowstdout;real/smallpt/smallpt.stdout		real/smallpt/Makefile	portable workload; retain algorithm and review driver, numeric assumptions, fixtures and notices before import
nofib	real/symalg	symalg	symalg	M4	import	integer-arithmetic		not stated in scanned source headers	0ad3ccf4ee0ebf57b5a2834a420402e15a08d23d801e90cedd0d518eac16a21c	real/symalg/Ast.hs;real/symalg/BasicNumber.hs;real/symalg/BasicNumberApprox.hs;real/symalg/Env.hs;real/symalg/Eval.hs;real/symalg/Lexer.hs;real/symalg/Main.hs;real/symalg/NofibUtils.hs;real/symalg/Op.hs;real/symalg/Parser.hs;real/symalg/Print.hs;real/symalg/RealM.hs	real/symalg/symalg.faststdin;real/symalg/symalg.faststdout;real/symalg/symalg.slowstdin;real/symalg/symalg.slowstdout;real/symalg/symalg.stdin;real/symalg/symalg.stdout		real/symalg/Makefile	portable workload; retain algorithm and review driver, numeric assumptions, fixtures and notices before import
nofib	real/veritas	veritas	veritas	M4	import	compiler-application		not stated in scanned source headers	16ab71165dc3d12841514c143b4b52b0ae3a7f0bab0c95b3fbc8ad2be187143f	real/veritas/Attributes.lhs;real/veritas/Auto.hs;real/veritas/Build_Tm.lhs;real/veritas/Build_itrm.lhs;real/veritas/Core_database.hs;real/veritas/Core_datatype.hs;real/veritas/Dcore.hs;real/veritas/DerivedRules.hs;real/veritas/Display.hs;real/veritas/Editor.hs;real/veritas/Edlib.lhs;real/veritas/Getops.hs;real/veritas/Globals.hs;real/veritas/Goals.hs;real/veritas/Kernel.hs;real/veritas/Lookup.hs;real/veritas/Main.hs;real/veritas/NofibUtils.hs;real/veritas/Parse.lhs;real/veritas/Sub_Core1.hs;real/veritas/Sub_Core2.hs;real/veritas/Sub_Core3.hs;real/veritas/Sub_Core4.hs;real/veritas/Tacticals.hs;real/veritas/Tactics.hs;real/veritas/Tags.hs;real/veritas/ThmTactics.hs;real/veritas/Token.lhs;real/veritas/Tree.hs;real/veritas/Type_defs.lhs;real/veritas/Unparse.lhs;real/veritas/Vtslib.hs;real/veritas/X_interface.hs	real/veritas/veritas.faststdout;real/veritas/veritas.slowstdout;real/veritas/veritas.stdin;real/veritas/veritas.stdout		real/veritas/Makefile;real/veritas/README	portable workload; retain algorithm and review driver, numeric assumptions, fixtures and notices before import
nofib	shootout/binary-trees	binary-trees	binary-trees	M3	defer	allocation-lifetimes	smlnj:programs/binary-trees	Don Stewart	aa556fab1d7f900c0cd3f0765f7e0dcfce31298994b25eed2c54a962e585306c	shootout/binary-trees/Main.hs	shootout/binary-trees/binary-trees.faststdout;shootout/binary-trees/binary-trees.slowstdout;shootout/binary-trees/binary-trees.stdout		shootout/binary-trees/Makefile	source imports runtime-specific primitives, concurrency, or weak references; audit a faithful portable replacement before reconsideration
nofib	shootout/fannkuch-redux	fannkuch-redux	fannkuch-redux	M3	defer	kernel		Louis Wasserman	bbd66047465bbc42107fc508bcca852d74327d8db8f56309174e9295372f9655	shootout/fannkuch-redux/Main.hs	shootout/fannkuch-redux/fannkuch-redux.faststdout;shootout/fannkuch-redux/fannkuch-redux.stdout		shootout/fannkuch-redux/Makefile	source imports runtime-specific primitives, concurrency, or weak references; audit a faithful portable replacement before reconsideration
nofib	shootout/fasta	fasta	fasta	M3	import	kernel		Bryan O'Sullivan;Mr Ledrug	fa898a8b2cdcc135619b3335887b79a40588389ed5a81b3ec3fe3149f27eb6a6	shootout/fasta/Main.hs;shootout/fasta/fasta-c.c			shootout/fasta/Makefile	portable workload; retain algorithm and review driver, numeric assumptions, fixtures and notices before import
nofib	shootout/k-nucleotide	k-nucleotide	k-nucleotide	M3	defer	kernel		Stephen Blackheath (with some bits taken from Don Stewart's	b7e241b66ffffd99732cc2e82879149a7d7581816c00b0759a657fa66bbf2255	shootout/k-nucleotide/Main.hs	shootout/k-nucleotide/k-nucleotide.faststdout;shootout/k-nucleotide/k-nucleotide.slowstdout;shootout/k-nucleotide/k-nucleotide.stdout		shootout/k-nucleotide/Makefile	source imports runtime-specific primitives, concurrency, or weak references; audit a faithful portable replacement before reconsideration
nofib	shootout/n-body	n-body	n-body	M3	import	numerical		Olof Kraigher and Don Stewart.	77e44ceffb8d0e1403a186b9e4934982eb9f3a515c0b192061df55b73316f3cf	shootout/n-body/Main.hs	shootout/n-body/n-body.faststdout;shootout/n-body/n-body.slowstdout;shootout/n-body/n-body.stdout		shootout/n-body/Makefile	portable workload; retain algorithm and review driver, numeric assumptions, fixtures and notices before import
nofib	shootout/pidigits	pidigits	pidigits-nofib	M3	import	integer-arithmetic	mlton:benchmark/tests/pidigits.sml;smlnj:programs/pidigits	Bryan O'Sullivan	873d259cad1d686c5e9f218a8fcc21d73e3f677e8d48aaa48e83513cf77ac39a	shootout/pidigits/Main.hs	shootout/pidigits/pidigits.faststdout;shootout/pidigits/pidigits.slowstdout;shootout/pidigits/pidigits.stdout		shootout/pidigits/Makefile	portable workload; retain algorithm and review driver, numeric assumptions, fixtures and notices before import
nofib	shootout/reverse-complement	reverse-complement	reverse-complement	M3	import	lists-streams		Louis Wasserman;Mr Ledrug	6d1daea7df9ceb6f1fc3fa8430117236df1fe68feeb3e67c9f96de46285efc6a	shootout/reverse-complement/Main.hs;shootout/reverse-complement/revcomp-c.c			shootout/reverse-complement/Makefile	portable workload; retain algorithm and review driver, numeric assumptions, fixtures and notices before import
nofib	shootout/spectral-norm	spectral-norm	spectral-norm	M3	defer	kernel		not stated in scanned source headers	9e53c76917afd8249ab20ac2f7dd6d588bede3801828d85c7aed7ff95cf2ffa3	shootout/spectral-norm/Main.hs	shootout/spectral-norm/spectral-norm.faststdout;shootout/spectral-norm/spectral-norm.stdout		shootout/spectral-norm/Makefile	source imports runtime-specific primitives, concurrency, or weak references; audit a faithful portable replacement before reconsideration
nofib	smp/callback001	callback001	callback001	M3	defer	calls-recursion		not stated in scanned source headers	061f4964da637a0f09a367bbb7c878d61cdab0f9e0611b455ea7b40b8ae4304f	smp/callback001/Main.hs;smp/callback001/cbits.c;smp/callback001/cbits.h	smp/callback001/callback001.faststdout;smp/callback001/callback001.slowstdout;smp/callback001/callback001.stdout;smp/callback001/cbits.h		smp/callback001/Makefile	parallel/concurrent/STM collection; preserve its runtime model and reconsider with the corresponding Rune facilities
nofib	smp/callback002	callback002	callback002	M3	defer	calls-recursion		not stated in scanned source headers	8ca12635a4c77aaa592e6626f19ea8077991031b2878f0a344b852427116f736	smp/callback002/Main.hs;smp/callback002/cbits.c;smp/callback002/cbits.h	smp/callback002/cbits.h		smp/callback002/Makefile	parallel/concurrent/STM collection; preserve its runtime model and reconsider with the corresponding Rune facilities
nofib	smp/chan	chan	chan	M3	defer	kernel		not stated in scanned source headers	57a188a40abb965c16cc916cb0b6d7dab56b80e24381a4c7f5feaf891b0ebc96	smp/chan/chan.hs			smp/chan/Makefile	parallel/concurrent/STM collection; preserve its runtime model and reconsider with the corresponding Rune facilities
nofib	smp/sieve	sieve	sieve	M3	defer	lists-streams	nofib:parallel/OLD/NESL/sieve.lhs	not stated in scanned source headers	430bed68298e2a11482e7b680586af07078d9f157e588b1370d099594d677a5a	smp/sieve/sieve.hs			smp/sieve/Makefile;smp/sieve/README	parallel/concurrent/STM collection; preserve its runtime model and reconsider with the corresponding Rune facilities
nofib	smp/stm001	stm001	stm001	M3	defer	kernel		not stated in scanned source headers	0df6fb6e579b099a6ffc9729cefb3315733b97b7db2604e36e43022bba6b7397	smp/stm001/StmTest.hs			smp/stm001/Makefile	parallel/concurrent/STM collection; preserve its runtime model and reconsider with the corresponding Rune facilities
nofib	smp/tchan	tchan	tchan	M3	defer	kernel		not stated in scanned source headers	dc98307cb3b76640a6ff81855ad731e498fabb2c0dadce980b3ccc16427cdd4d	smp/tchan/tchan.hs			smp/tchan/Makefile	parallel/concurrent/STM collection; preserve its runtime model and reconsider with the corresponding Rune facilities
nofib	smp/threads001	threads001	threads001	M3	defer	kernel		not stated in scanned source headers	50717a0f4edba71c9b954bd0bc156baa93256e8908177428a6afe19796719839	smp/threads001/Main.hs	smp/threads001/threads001.stdout		smp/threads001/Makefile	parallel/concurrent/STM collection; preserve its runtime model and reconsider with the corresponding Rune facilities
nofib	smp/threads002	threads002	threads002	M3	defer	kernel		not stated in scanned source headers	3510f3ff9aa8af2b443edf54777890de7f9a98dfd7d68c709cb1047669c1dd28	smp/threads002/Main.hs			smp/threads002/Makefile	parallel/concurrent/STM collection; preserve its runtime model and reconsider with the corresponding Rune facilities
nofib	smp/threads003	threads003	threads003	M3	defer	kernel		Einar Karttunen	9596dc0000ace8475ffff7f1365c9611dababb2ca4d3c9a45d04da6d6143e74b	smp/threads003/Main.hs			smp/threads003/Makefile	parallel/concurrent/STM collection; preserve its runtime model and reconsider with the corresponding Rune facilities
nofib	smp/threads004	threads004	threads004	M3	defer	kernel		Einar Karttunen	1eedb44a8fe066e77ca600d1d1b050e83a82abd95bb62987ab70c55fa66aaf75	smp/threads004/Main.hs			smp/threads004/Makefile	parallel/concurrent/STM collection; preserve its runtime model and reconsider with the corresponding Rune facilities
nofib	smp/threads006	threads006	threads006	M3	defer	kernel		not stated in scanned source headers	e68ff4636b60a7c26b3ed1d9cc7988d7ff9f00c580f2a4ca5de69a879f4c0521	smp/threads006/Main.hs			smp/threads006/Makefile	parallel/concurrent/STM collection; preserve its runtime model and reconsider with the corresponding Rune facilities
nofib	smp/threads007	threads007	threads007	M3	defer	kernel		not stated in scanned source headers	653fb4f59496d46c54bc64d8924f3ccf759c6abbff2e75c1fb8aeed9c6e08b66	smp/threads007/Control/Concurrent/CML.hs;smp/threads007/Main.hs		smp/threads007/Control/Concurrent/CML.hs:header	smp/threads007/Makefile	parallel/concurrent/STM collection; preserve its runtime model and reconsider with the corresponding Rune facilities
nofib	spectral/ansi	ansi	ansi	M3	import	kernel		not stated in scanned source headers	2fbe6f2e7fbd3c1bfa398c3c1c18ce0168d744ead943d8e3202c5a9a123a39e2	spectral/ansi/Main.hs	spectral/ansi/ansi.faststdout;spectral/ansi/ansi.slowstdout;spectral/ansi/ansi.stdout		spectral/ansi/Makefile	portable workload; retain algorithm and review driver, numeric assumptions, fixtures and notices before import
nofib	spectral/atom	atom	atom	M3	import	kernel		not stated in scanned source headers	ccd2c6c131ef6e9ab359fdb5c68da7d1642e83c71bcddf92e8153d3fe2e27ae3	spectral/atom/Main.hs	spectral/atom/atom.faststdout;spectral/atom/atom.slowstdout;spectral/atom/atom.stdout	spectral/atom/Main.hs:header	spectral/atom/Makefile	portable workload; retain algorithm and review driver, numeric assumptions, fixtures and notices before import
nofib	spectral/awards	awards	awards	M3	import	kernel		Lennart Augustsson	eb3e4617570fa08bbdc529c3be1dc1a1acfbc5999b134ec7ca4855de97dfbc61	spectral/awards/Main.hs;spectral/awards/QSort.hs		spectral/awards/QSort.hs:header	spectral/awards/Makefile	portable workload; retain algorithm and review driver, numeric assumptions, fixtures and notices before import
nofib	spectral/banner	banner	banner	M3	import	kernel		not stated in scanned source headers	8a6843b42b72b2329bd5b091e46739cee5e89bc7e6e9fd89ff74f53c7952fdff	spectral/banner/Main.hs			spectral/banner/Makefile	portable workload; retain algorithm and review driver, numeric assumptions, fixtures and notices before import
nofib	spectral/boyer	boyer	boyer-nofib	M3	import	symbolic-search	mlkit:test/boyer.sml;mlton:benchmark/tests/boyer.sml;smlnj:programs/boyer	Bob Boyer	21102e3bba50dee3725f8bb353b08668c0bc852c458c61fbf72f878aaf4beda1	spectral/boyer/Main.lhs	spectral/boyer/boyer.faststdout;spectral/boyer/boyer.slowstdout;spectral/boyer/boyer.stdout	spectral/boyer/Main.lhs:header	spectral/boyer/Makefile	portable workload; retain algorithm and review driver, numeric assumptions, fixtures and notices before import
nofib	spectral/boyer2	boyer2	boyer2	M3	import	symbolic-search		not stated in scanned source headers	b52a2418c326df0c6d8663a13384c52919387800ec36a1c6040ef43a59de9ab6	spectral/boyer2/Checker.hs;spectral/boyer2/Lisplikefns.hs;spectral/boyer2/Main.hs;spectral/boyer2/Rewritefns.hs;spectral/boyer2/Rulebasetext.hs	spectral/boyer2/boyer2.faststdout;spectral/boyer2/boyer2.slowstdout;spectral/boyer2/boyer2.stdout		spectral/boyer2/Makefile;spectral/boyer2/README	portable workload; retain algorithm and review driver, numeric assumptions, fixtures and notices before import
nofib	spectral/calendar	calendar	calendar	M3	import	kernel		not stated in scanned source headers	e13ea93f3bc91777465f5942a74f0fb52169132fd10ca4af7e66c18844912279	spectral/calendar/Main.hs	spectral/calendar/calendar.faststdout;spectral/calendar/calendar.slowstdout;spectral/calendar/calendar.stdout		spectral/calendar/Makefile	portable workload; retain algorithm and review driver, numeric assumptions, fixtures and notices before import
nofib	spectral/cichelli	cichelli	cichelli	M3	import	kernel		not stated in scanned source headers	b46684525631dc3566f0f0486c68928ffb453e1d5cc3d1ac0c4bf55811f72efb	spectral/cichelli/Auxil.hs;spectral/cichelli/Interval.hs;spectral/cichelli/Key.lhs;spectral/cichelli/Main.hs;spectral/cichelli/Prog.hs	spectral/cichelli/cichelli.faststdout;spectral/cichelli/cichelli.slowstdout;spectral/cichelli/cichelli.stdout		spectral/cichelli/Makefile	portable workload; retain algorithm and review driver, numeric assumptions, fixtures and notices before import
nofib	spectral/circsim	circsim	circsim-nofib	M3	import	application	nofib:gc/circsim	not stated in scanned source headers	1679aaeba0e0baf11467c22d9f42ba58341acd24325c72a52c2a3c41b724b593	spectral/circsim/Main.lhs	spectral/circsim/circsim.faststdout;spectral/circsim/circsim.slowstdout;spectral/circsim/circsim.stdout		spectral/circsim/Makefile	portable workload; retain algorithm and review driver, numeric assumptions, fixtures and notices before import
nofib	spectral/clausify	clausify	clausify	M3	import	symbolic-search		Colin Runciman in various functional languages over the years,	241a689ebd84f2132e751309087fdae9cd25fc463c5eb00ae43247443484d567	spectral/clausify/Main.hs	spectral/clausify/clausify.faststdout;spectral/clausify/clausify.slowstdout;spectral/clausify/clausify.stdout	spectral/clausify/Main.hs:header	spectral/clausify/Makefile	portable workload; retain algorithm and review driver, numeric assumptions, fixtures and notices before import
nofib	spectral/constraints	constraints	constraints-nofib	M3	import	kernel	nofib:gc/constraints	not stated in scanned source headers	22160e0759a528b140d39241c9f80f67bb21743ecec1b097dbb545a28d5f9629	spectral/constraints/Main.hs	spectral/constraints/constraints.faststdout;spectral/constraints/constraints.slowstdout;spectral/constraints/constraints.stdout		spectral/constraints/Makefile	portable workload; retain algorithm and review driver, numeric assumptions, fixtures and notices before import
nofib	spectral/cryptarithm1	cryptarithm1	cryptarithm1	M3	import	numerical		not stated in scanned source headers	7897c95d4ade2db8d498cb07de42fd2398642e9205f1c40bec8c87feb5934944	spectral/cryptarithm1/Main.hs	spectral/cryptarithm1/cryptarithm1.faststdout;spectral/cryptarithm1/cryptarithm1.slowstdout;spectral/cryptarithm1/cryptarithm1.stdout		spectral/cryptarithm1/Makefile	portable workload; retain algorithm and review driver, numeric assumptions, fixtures and notices before import
nofib	spectral/cryptarithm2	cryptarithm2	cryptarithm2	M3	import	numerical		not stated in scanned source headers	2cfc9c8bbe6ab5d416cfe6e4237ad1f5cdf1e23bbff5cb8dc02c3f9b1a40e49a	spectral/cryptarithm2/Main.hs	spectral/cryptarithm2/cryptarithm2.faststdout;spectral/cryptarithm2/cryptarithm2.slowstdout;spectral/cryptarithm2/cryptarithm2.stdout		spectral/cryptarithm2/Makefile	portable workload; retain algorithm and review driver, numeric assumptions, fixtures and notices before import
nofib	spectral/cse	cse	cse	M3	import	kernel		not stated in scanned source headers	d1c93725a5c775cbe0c52a4e78bf193e38ca0c86dba7e1ce38ab8060ac98a006	spectral/cse/Main.hs;spectral/cse/StateMonad.hs	spectral/cse/cse.faststdout;spectral/cse/cse.slowstdout;spectral/cse/cse.stdout		spectral/cse/Makefile	portable workload; retain algorithm and review driver, numeric assumptions, fixtures and notices before import
nofib	spectral/dom-lt	dom-lt	dom-lt	M3	import	application		not stated in scanned source headers	a57dfb8d506ec26451ee4fbc400a65baa6b4ca57e9929a0b10da1f0859385de0	spectral/dom-lt/Dom.hs;spectral/dom-lt/Main.hs	spectral/dom-lt/dom-lt.faststdout;spectral/dom-lt/dom-lt.slowstdout;spectral/dom-lt/dom-lt.stdout	spectral/dom-lt/Dom.hs:header	spectral/dom-lt/Makefile	portable workload; retain algorithm and review driver, numeric assumptions, fixtures and notices before import
nofib	spectral/eliza	eliza	eliza	M3	import	kernel		not stated in scanned source headers	371aff2ffa2e38b65ad6340b9994b1c8e7615ce1b5985e9e9a757f5922a21309	spectral/eliza/Main.hs	spectral/eliza/eliza.faststdout;spectral/eliza/eliza.slowstdout;spectral/eliza/eliza.stdin;spectral/eliza/eliza.stdout		spectral/eliza/Makefile	portable workload; retain algorithm and review driver, numeric assumptions, fixtures and notices before import
nofib	spectral/exact-reals	exact-reals	exact-reals	M3	import	integer-arithmetic		not stated in scanned source headers	e0adfd0a7cbe5beb68562bfd5396f5ac886968481c69d7c6540957772bf1a1c3	spectral/exact-reals/Main.hs	spectral/exact-reals/exact-reals.stdout		spectral/exact-reals/Makefile	portable workload; retain algorithm and review driver, numeric assumptions, fixtures and notices before import
nofib	spectral/expert	expert	expert	M3	import	application		not stated in scanned source headers	7980aaeaf37783fb72671dc2be4ac2bc1019cc696d7020ddfdd70dec6ec599bb	spectral/expert/Knowledge.hs;spectral/expert/Main.hs;spectral/expert/Match.hs;spectral/expert/Result.hs;spectral/expert/Search.hs;spectral/expert/Table.hs	spectral/expert/expert.faststdout;spectral/expert/expert.slowstdout;spectral/expert/expert.stdin;spectral/expert/expert.stdout;spectral/expert/runtime_files/animals	spectral/expert/README:header	spectral/expert/Makefile;spectral/expert/README	portable workload; retain algorithm and review driver, numeric assumptions, fixtures and notices before import
nofib	spectral/fft2	fft2	fft2	M3	import	numerical		not stated in scanned source headers	06a7d5f0e9b649234a3ef2ab749138d15e7b537c72d4fc75791e8202aa410c65	spectral/fft2/Complex_Vectors.lhs;spectral/fft2/Fourier.lhs;spectral/fft2/Main.lhs;spectral/fft2/fft.c	spectral/fft2/fft2.stdout;spectral/fft2/old/fft2.slowstdout;spectral/fft2/old/fft2.stdout		spectral/fft2/Makefile	portable workload; retain algorithm and review driver, numeric assumptions, fixtures and notices before import
nofib	spectral/fft2/old	old	old	-	exclude	kernel		not stated in scanned source headers	e3b0c44298fc1c149afbf4c8996fb92427ae41e4649b934ca495991b7852b855				spectral/fft2/old/Makefile	aggregate, support directory, or old source fragment without a standalone Main entrypoint
nofib	spectral/fibheaps	fibheaps	fibheaps-nofib	M3	import	calls-recursion	nofib:gc/fibheaps	not stated in scanned source headers	03e81472c734a535c08620bfd9923e951b25afad278f8df40a099d8c3bd87a28	spectral/fibheaps/Main.lhs		spectral/fibheaps/Main.lhs:header	spectral/fibheaps/Makefile	portable workload; retain algorithm and review driver, numeric assumptions, fixtures and notices before import
nofib	spectral/fish	fish	fish	M3	import	kernel		not stated in scanned source headers	93f41032710c5119ce7dca30341e62ed8520d5789cca762de8b538ae92168993	spectral/fish/Main.hs			spectral/fish/Makefile	portable workload; retain algorithm and review driver, numeric assumptions, fixtures and notices before import
nofib	spectral/gcd	gcd	gcd	M3	import	allocation-lifetimes		not stated in scanned source headers	1f8eb9649ac5c16892102d5876d2efb87e49e2723a3b430ed1a3edf5a59038de	spectral/gcd/Main.hs	spectral/gcd/gcd.faststdout;spectral/gcd/gcd.slowstdout;spectral/gcd/gcd.stdout		spectral/gcd/Makefile	portable workload; retain algorithm and review driver, numeric assumptions, fixtures and notices before import
nofib	spectral/hartel	hartel	hartel	-	exclude	application		Marc Feeley (feeley@iro.umontreal.ca	9ff0c787e433488523b26a51a05b99ea9d0c77d99617a75538d1ee7d155f1ad1	spectral/hartel/Fast2haskell.hs;spectral/hartel/Fast2haskell2.hs;spectral/hartel/comp_lab_zift/Main.hs;spectral/hartel/event/Main.hs;spectral/hartel/fft/Main.hs;spectral/hartel/genfft/Main.hs;spectral/hartel/ida/Main.hs;spectral/hartel/listcompr/Main.hs;spectral/hartel/listcopy/Main.hs;spectral/hartel/nucleic2/Main.hs;spectral/hartel/nucleic2/RA.hs;spectral/hartel/nucleic2/RC.hs;spectral/hartel/nucleic2/RG.hs;spectral/hartel/nucleic2/RU.hs;spectral/hartel/nucleic2/Types.hs;spectral/hartel/nucleic2/unboxery.h;spectral/hartel/parstof/Main.hs;spectral/hartel/sched/Main.hs;spectral/hartel/solid/Main.hs;spectral/hartel/transform/Main.hs;spectral/hartel/typecheck/Main.hs;spectral/hartel/wang/Main.hs;spectral/hartel/wave4main/Main.hs	spectral/hartel/comp_lab_zift/comp_lab_zift.faststdout;spectral/hartel/comp_lab_zift/comp_lab_zift.slowstdout;spectral/hartel/comp_lab_zift/comp_lab_zift.stdout;spectral/hartel/event/event.faststdout;spectral/hartel/event/event.slowstdout;spectral/hartel/event/event.stdout;spectral/hartel/fft/fft.faststdout;spectral/hartel/fft/fft.slowstdout;spectral/hartel/fft/fft.stdout;spectral/hartel/genfft/genfft.faststdout;spectral/hartel/genfft/genfft.slowstdout;spectral/hartel/genfft/genfft.stdout;spectral/hartel/ida/ida.faststdout;spectral/hartel/ida/ida.slowstdout;spectral/hartel/ida/ida.stdout;spectral/hartel/listcompr/listcompr.faststdout;spectral/hartel/listcompr/listcompr.slowstdout;spectral/hartel/listcompr/listcompr.stdout;spectral/hartel/listcopy/listcopy.faststdout;spectral/hartel/listcopy/listcopy.slowstdout;spectral/hartel/listcopy/listcopy.stdout;spectral/hartel/parstof/parstof.faststdout;spectral/hartel/parstof/parstof.slowstdout;spectral/hartel/parstof/parstof.stdout;spectral/hartel/sched/sched.faststdout;spectral/hartel/sched/sched.slowstdout;spectral/hartel/sched/sched.stdout;spectral/hartel/solid/solid.faststdout;spectral/hartel/solid/solid.slowstdout;spectral/hartel/solid/solid.stdout;spectral/hartel/transform/transform.faststdout;spectral/hartel/transform/transform.slowstdout;spectral/hartel/transform/transform.stdout;spectral/hartel/typecheck/typecheck.faststdout;spectral/hartel/typecheck/typecheck.slowstdout;spectral/hartel/typecheck/typecheck.stdout;spectral/hartel/wang/wang.faststdout;spectral/hartel/wang/wang.slowstdout;spectral/hartel/wang/wang.stdout;spectral/hartel/wave4main/wave4main.faststdout;spectral/hartel/wave4main/wave4main.slowstdout;spectral/hartel/wave4main/wave4main.stdout	spectral/hartel/nucleic2/Main.hs:header	spectral/hartel/Makefile	aggregate, support directory, or old source fragment without a standalone Main entrypoint
nofib	spectral/hartel/comp_lab_zift	comp_lab_zift	comp_lab_zift	M3	import	application		not stated in scanned source headers	2286e789779b8ca52c3478fd55d8d4764a7c9d6837dce1c7db3e7eabe7dc2d1e	spectral/hartel/comp_lab_zift/Main.hs	spectral/hartel/Fast2haskell.hs;spectral/hartel/comp_lab_zift/comp_lab_zift.faststdout;spectral/hartel/comp_lab_zift/comp_lab_zift.slowstdout;spectral/hartel/comp_lab_zift/comp_lab_zift.stdout		spectral/hartel/comp_lab_zift/Makefile	portable workload; retain algorithm and review driver, numeric assumptions, fixtures and notices before import
nofib	spectral/hartel/event	event	event	M3	import	application		not stated in scanned source headers	3cfc96a6183b83f8c03b1fee4924433e824a43131060927ec838d61f32a72bd1	spectral/hartel/event/Main.hs	spectral/hartel/Fast2haskell.hs;spectral/hartel/event/event.faststdout;spectral/hartel/event/event.slowstdout;spectral/hartel/event/event.stdout		spectral/hartel/event/Makefile	portable workload; retain algorithm and review driver, numeric assumptions, fixtures and notices before import
nofib	spectral/hartel/fft	fft	fft-nofib	M3	import	numerical	mlkit:test/fft.sml;mlkit:test_dev/fft_no_basislib.sml;mlton:benchmark/tests/fft.sml;nofib:parallel/OLD/NESL/fft.lhs;sandmark:benchmarks/numerical-analysis/fft.exe;smlnj:programs/fft	not stated in scanned source headers	c23129c4afe140bc9f101454bbe9f2f2fa5174c80ab2a49e624c4507ba9d837c	spectral/hartel/fft/Main.hs	spectral/hartel/Fast2haskell.hs;spectral/hartel/fft/fft.faststdout;spectral/hartel/fft/fft.slowstdout;spectral/hartel/fft/fft.stdout		spectral/hartel/fft/Makefile	portable workload; retain algorithm and review driver, numeric assumptions, fixtures and notices before import
nofib	spectral/hartel/genfft	genfft	genfft	M3	import	numerical		not stated in scanned source headers	d92d7997345f11ccc11e0b05dc6762fa8e9a0ef87681d9bafdcffaf602913d29	spectral/hartel/genfft/Main.hs	spectral/hartel/Fast2haskell.hs;spectral/hartel/genfft/genfft.faststdout;spectral/hartel/genfft/genfft.slowstdout;spectral/hartel/genfft/genfft.stdout		spectral/hartel/genfft/Makefile	portable workload; retain algorithm and review driver, numeric assumptions, fixtures and notices before import
nofib	spectral/hartel/ida	ida	ida	M3	import	application		not stated in scanned source headers	b12ab16011430efaf3cfac823577fabc3500f46683c2e65512a018ce5a27d29e	spectral/hartel/ida/Main.hs	spectral/hartel/Fast2haskell.hs;spectral/hartel/ida/ida.faststdout;spectral/hartel/ida/ida.slowstdout;spectral/hartel/ida/ida.stdout		spectral/hartel/ida/Makefile	portable workload; retain algorithm and review driver, numeric assumptions, fixtures and notices before import
nofib	spectral/hartel/listcompr	listcompr	listcompr	M3	import	lists-streams		not stated in scanned source headers	62ee50e5a282d42030ccfba7a5e29748c4fb12ef3622eea22551d7f305a0516c	spectral/hartel/listcompr/Main.hs	spectral/hartel/Fast2haskell.hs;spectral/hartel/listcompr/listcompr.faststdout;spectral/hartel/listcompr/listcompr.slowstdout;spectral/hartel/listcompr/listcompr.stdout		spectral/hartel/listcompr/Makefile	portable workload; retain algorithm and review driver, numeric assumptions, fixtures and notices before import
nofib	spectral/hartel/listcopy	listcopy	listcopy	M3	import	lists-streams		not stated in scanned source headers	ed385e8cca5337ad7f1d6356ae820f3fe675eb3f511e676159d83f15f7b852e0	spectral/hartel/listcopy/Main.hs	spectral/hartel/Fast2haskell.hs;spectral/hartel/listcopy/listcopy.faststdout;spectral/hartel/listcopy/listcopy.slowstdout;spectral/hartel/listcopy/listcopy.stdout		spectral/hartel/listcopy/Makefile	portable workload; retain algorithm and review driver, numeric assumptions, fixtures and notices before import
nofib	spectral/hartel/nucleic2	nucleic2	nucleic2	M3	import	numerical	mlkit:test/nucleic.mlb;mlton:benchmark/tests/nucleic.sml;smlnj:programs/nucleic	Marc Feeley (feeley@iro.umontreal.ca	0a07093d23e93931ec744787df42beb65927a432a5840ac07a83416d4079f3f0	spectral/hartel/nucleic2/Main.hs;spectral/hartel/nucleic2/RA.hs;spectral/hartel/nucleic2/RC.hs;spectral/hartel/nucleic2/RG.hs;spectral/hartel/nucleic2/RU.hs;spectral/hartel/nucleic2/Types.hs;spectral/hartel/nucleic2/unboxery.h	spectral/hartel/nucleic2/unboxery.h	spectral/hartel/nucleic2/Main.hs:header	spectral/hartel/nucleic2/Makefile;spectral/hartel/nucleic2/README	portable workload; retain algorithm and review driver, numeric assumptions, fixtures and notices before import
nofib	spectral/hartel/parstof	parstof	parstof	M3	import	application		not stated in scanned source headers	ce4dce59fb4ecc6b9d7d6dcc66b2ee90e3afaa981c0f95d3896ca45c7b0ef87c	spectral/hartel/parstof/Main.hs	spectral/hartel/Fast2haskell.hs;spectral/hartel/parstof/parstof.faststdout;spectral/hartel/parstof/parstof.slowstdout;spectral/hartel/parstof/parstof.stdout		spectral/hartel/parstof/Makefile	portable workload; retain algorithm and review driver, numeric assumptions, fixtures and notices before import
nofib	spectral/hartel/sched	sched	sched	M3	import	application		not stated in scanned source headers	8496fc3330f5f01b0a42f5c619317881d2d1f1e6589acba8c90164cd1137f216	spectral/hartel/sched/Main.hs	spectral/hartel/Fast2haskell.hs;spectral/hartel/sched/sched.faststdout;spectral/hartel/sched/sched.slowstdout;spectral/hartel/sched/sched.stdout		spectral/hartel/sched/Makefile	portable workload; retain algorithm and review driver, numeric assumptions, fixtures and notices before import
nofib	spectral/hartel/solid	solid	solid	M3	import	application		not stated in scanned source headers	f495a8d7afb9286c334b8c92af10065cbd89b78e8564157653b74cf109893a62	spectral/hartel/solid/Main.hs	spectral/hartel/Fast2haskell.hs;spectral/hartel/solid/solid.faststdout;spectral/hartel/solid/solid.slowstdout;spectral/hartel/solid/solid.stdout		spectral/hartel/solid/Makefile	portable workload; retain algorithm and review driver, numeric assumptions, fixtures and notices before import
nofib	spectral/hartel/transform	transform	transform	M3	import	application		not stated in scanned source headers	95ea2b9b6c821a1bb8a975d90933f47702b3d650f47714b0654d3f1ff316b707	spectral/hartel/transform/Main.hs	spectral/hartel/Fast2haskell.hs;spectral/hartel/transform/transform.faststdout;spectral/hartel/transform/transform.slowstdout;spectral/hartel/transform/transform.stdout		spectral/hartel/transform/Makefile	portable workload; retain algorithm and review driver, numeric assumptions, fixtures and notices before import
nofib	spectral/hartel/typecheck	typecheck	typecheck	M3	import	compiler-application		not stated in scanned source headers	86bef1f613822d923db8ed8d1899fe710ea1b036736fc716973c3e66113a9281	spectral/hartel/typecheck/Main.hs	spectral/hartel/Fast2haskell.hs;spectral/hartel/typecheck/typecheck.faststdout;spectral/hartel/typecheck/typecheck.slowstdout;spectral/hartel/typecheck/typecheck.stdout		spectral/hartel/typecheck/Makefile	portable workload; retain algorithm and review driver, numeric assumptions, fixtures and notices before import
nofib	spectral/hartel/wang	wang	wang	M3	import	application		not stated in scanned source headers	0a17a45b8ef6c71f9e5f440e1cf84a83281258e6f11562b5d287b298b95753bb	spectral/hartel/wang/Main.hs	spectral/hartel/Fast2haskell.hs;spectral/hartel/wang/wang.faststdout;spectral/hartel/wang/wang.slowstdout;spectral/hartel/wang/wang.stdout		spectral/hartel/wang/Makefile	portable workload; retain algorithm and review driver, numeric assumptions, fixtures and notices before import
nofib	spectral/hartel/wave4main	wave4main	wave4main	M3	import	application		not stated in scanned source headers	ba2389a9ed05b9e1b79b9fd4335f803ae2e5fd00ecaa3daa840c97b705396220	spectral/hartel/wave4main/Main.hs	spectral/hartel/Fast2haskell.hs;spectral/hartel/wave4main/wave4main.faststdout;spectral/hartel/wave4main/wave4main.slowstdout;spectral/hartel/wave4main/wave4main.stdout		spectral/hartel/wave4main/Makefile	portable workload; retain algorithm and review driver, numeric assumptions, fixtures and notices before import
nofib	spectral/integer	integer	integer	M3	import	integer-arithmetic		not stated in scanned source headers	d162e967535db76216b423c7777645c0f101702960a6f21d3f1f41b74ebe717b	spectral/integer/Main.hs			spectral/integer/Makefile	portable workload; retain algorithm and review driver, numeric assumptions, fixtures and notices before import
nofib	spectral/knights	knights	knights	M3	import	application		not stated in scanned source headers	c8b5322132f1a050c11c71e4d99c0b2db73e5b4a73edfe7cf1c78ec38afb1450	spectral/knights/ChessSetArray.lhs;spectral/knights/ChessSetList.lhs;spectral/knights/KnightHeuristic.lhs;spectral/knights/Main.lhs;spectral/knights/Queue.lhs;spectral/knights/Sort.lhs	spectral/knights/knights.faststdout;spectral/knights/knights.slowstdout;spectral/knights/knights.stdout		spectral/knights/Makefile;spectral/knights/README	portable workload; retain algorithm and review driver, numeric assumptions, fixtures and notices before import
nofib	spectral/lambda	lambda	lambda	M3	import	kernel		not stated in scanned source headers	aa31f12344bd29737784641b929e2d35239e1be47b088b2f4721322a22faa6e5	spectral/lambda/Main.hs	spectral/lambda/lambda.faststdout;spectral/lambda/lambda.slowstdout;spectral/lambda/lambda.stdout		spectral/lambda/Makefile	portable workload; retain algorithm and review driver, numeric assumptions, fixtures and notices before import
nofib	spectral/last-piece	last-piece	last-piece	M3	import	kernel		not stated in scanned source headers	0cd30e18a417fcd286bc281b5529129ee1629e4edff8f7ee992d0d6e2a056ffa	spectral/last-piece/Main.hs	spectral/last-piece/last-piece.stdout		spectral/last-piece/Makefile	portable workload; retain algorithm and review driver, numeric assumptions, fixtures and notices before import
nofib	spectral/lcss	lcss	lcss-nofib	M3	import	kernel	nofib:gc/lcss	not stated in scanned source headers	3740b10ded1e92dad2371cdb3cdc890c09286285570d87d0b1894d2040e73839	spectral/lcss/Main.hs	spectral/lcss/lcss.faststdout;spectral/lcss/lcss.slowstdout;spectral/lcss/lcss.stdout		spectral/lcss/Makefile	portable workload; retain algorithm and review driver, numeric assumptions, fixtures and notices before import
nofib	spectral/life	life	life-nofib	M3	import	kernel	mlkit:test/life.sml;mlkit:test_dev/life.sml;mlton:benchmark/tests/life.sml;smlnj:programs/life	not stated in scanned source headers	86a8e72f36e2fc3014879c55d8af7a1b862bd99c3099fbc2e040d359c4b5c476	spectral/life/Main.hs	spectral/life/life.faststdout;spectral/life/life.slowstdout;spectral/life/life.stdout		spectral/life/Makefile	portable workload; retain algorithm and review driver, numeric assumptions, fixtures and notices before import
nofib	spectral/mandel	mandel	mandel	M3	import	numerical	nofib:parallel/mandel	not stated in scanned source headers	9e0e3aa00d20ee1d96009e3bbc35b48f50056db76b212272f2cadaac89a8be05	spectral/mandel/Main.hs;spectral/mandel/Mandel.lhs;spectral/mandel/MandelOld.lhs;spectral/mandel/PortablePixmap.lhs		spectral/mandel/PortablePixmap.lhs:header	spectral/mandel/Makefile	portable workload; retain algorithm and review driver, numeric assumptions, fixtures and notices before import
nofib	spectral/mandel2	mandel2	mandel2	M3	import	numerical		not stated in scanned source headers	cb73824f8e275065462d30d4084c246bfebb21f9b1661c23c311b9c8ceabc6d1	spectral/mandel2/Main.hs;spectral/mandel2/NofibUtils.hs			spectral/mandel2/Makefile	portable workload; retain algorithm and review driver, numeric assumptions, fixtures and notices before import
nofib	spectral/mate	mate	mate	M3	import	kernel		not stated in scanned source headers	82375c77c35542a2eea499bef40b963614253068f0a12823ad0ecc4b46217857	spectral/mate/Board.hs;spectral/mate/Main.hs;spectral/mate/Move.hs;spectral/mate/Problem.hs;spectral/mate/Solution.hs	spectral/mate/mate.faststdout;spectral/mate/mate.slowstdout;spectral/mate/mate.stdout		spectral/mate/Makefile;spectral/mate/README	portable workload; retain algorithm and review driver, numeric assumptions, fixtures and notices before import
nofib	spectral/minimax	minimax	minimax-nofib	M3	import	symbolic-search	nofib:parallel/minimax;smlnj:programs/minimax	not stated in scanned source headers	efe234c33e6eab0b9d6e5273dc8abc96c55f6367e2bb3ca7fa688ee4c815e0e6	spectral/minimax/Board.hs;spectral/minimax/Game.hs;spectral/minimax/Main.hs;spectral/minimax/Prog.hs;spectral/minimax/Tree.hs;spectral/minimax/Wins.hs			spectral/minimax/Makefile	portable workload; retain algorithm and review driver, numeric assumptions, fixtures and notices before import
nofib	spectral/multiplier	multiplier	multiplier	M3	import	kernel		not stated in scanned source headers	90e874aa93dd491d263367d8edc31f7209b0993a9e31c156a672bba7b1b6e9a1	spectral/multiplier/Main.hs	spectral/multiplier/multiplier.faststdout;spectral/multiplier/multiplier.slowstdout;spectral/multiplier/multiplier.stdout	spectral/multiplier/Main.hs:header	spectral/multiplier/Makefile	portable workload; retain algorithm and review driver, numeric assumptions, fixtures and notices before import
nofib	spectral/para	para	para	M3	import	application		not stated in scanned source headers	2c9525a59278dfae1c4f7df3d2fad20797ff29427db7d347fbca187d64a4ab17	spectral/para/Main.lhs;spectral/para/c++/Para.h;spectral/para/c++/Queue.h;spectral/para/c++/Thin.h			spectral/para/Makefile	portable workload; retain algorithm and review driver, numeric assumptions, fixtures and notices before import
nofib	spectral/power	power	power-nofib	M3	import	integer-arithmetic	nofib:gc/power	not stated in scanned source headers	f1843f7270f6850c2830355484fe4b6a064174fdfa4e9b3732f19e6daaad1a8c	spectral/power/Main.hs			spectral/power/Makefile	portable workload; retain algorithm and review driver, numeric assumptions, fixtures and notices before import
nofib	spectral/pretty	pretty	pretty	M3	import	integer-arithmetic		not stated in scanned source headers	0b3e89f295c950d26e0c23e197b9c22f04515939fd5549a74e29e12febdea1f0	spectral/pretty/CharSeq.hs;spectral/pretty/Main.hs;spectral/pretty/Pretty.hs	spectral/pretty/pretty.stdout		spectral/pretty/Makefile	portable workload; retain algorithm and review driver, numeric assumptions, fixtures and notices before import
nofib	spectral/primetest	primetest	primetest	M3	import	integer-arithmetic		simonmar $	91ad428340db8f6cb126455dfe55a33e2f8c9acf8043beac98cc79b6a8415a81	spectral/primetest/IntLib.lhs;spectral/primetest/Main.lhs;spectral/primetest/MyRandom.lhs;spectral/primetest/Prime.lhs	spectral/primetest/primetest.faststdin;spectral/primetest/primetest.faststdout;spectral/primetest/primetest.slowstdin;spectral/primetest/primetest.slowstdout;spectral/primetest/primetest.stdin;spectral/primetest/primetest.stdout	spectral/primetest/Main.lhs:header	spectral/primetest/Makefile	portable workload; retain algorithm and review driver, numeric assumptions, fixtures and notices before import
nofib	spectral/puzzle	puzzle	puzzle	M3	import	kernel		not stated in scanned source headers	2dd87d351911efbdcd72f6ba5eb7164c137f7921a0084e12766dcf3f120c0f2c	spectral/puzzle/Main.hs			spectral/puzzle/Makefile	portable workload; retain algorithm and review driver, numeric assumptions, fixtures and notices before import
nofib	spectral/rewrite	rewrite	rewrite	M3	import	symbolic-search		not stated in scanned source headers	43803650d3e4505fcd238a981ede8821ef4912bad06cab96c382b8abd47715c4	spectral/rewrite/Main.lhs	spectral/rewrite/rewrite.stdout		spectral/rewrite/Makefile	portable workload; retain algorithm and review driver, numeric assumptions, fixtures and notices before import
nofib	spectral/scc	scc	scc	M3	import	kernel		not stated in scanned source headers	bb6373dc6cb21d9771bb06885f561545d13094a8fb79b0681bf33929b96cf794	spectral/scc/Digraph.hs;spectral/scc/Main.hs	spectral/scc/scc.stdout		spectral/scc/Makefile	portable workload; retain algorithm and review driver, numeric assumptions, fixtures and notices before import
nofib	spectral/secretary	secretary	secretary	M3	import	integer-arithmetic		not stated in scanned source headers	97d86d7e6fc123947cd0a0b22c7713f787ae543b9ad47aed052adf47a36a8344	spectral/secretary/Main.lhs	spectral/secretary/secretary.stdout		spectral/secretary/Makefile	portable workload; retain algorithm and review driver, numeric assumptions, fixtures and notices before import
nofib	spectral/simple	simple	simple-nofib	M3	import	numerical	mlton:benchmark/tests/simple.sml;smlnj:programs/simple	Kattamuri Ekanadham <EKNATH@ibm.com>;an id to ph translator, hand annotated for toplevel	df027b488c7bd727c92459ffdfc789b86ebc1102b8100a7358e8d0c52980fcba	spectral/simple/Main.hs;spectral/simple/simple.c		spectral/simple/Main.hs:header	spectral/simple/Makefile	portable workload; retain algorithm and review driver, numeric assumptions, fixtures and notices before import
nofib	spectral/sorting	sorting	sorting	M3	import	lists-streams		not stated in scanned source headers	19a835d1f78c10d38550aab6fb5915e61c3b7e43114550d4b634977a51c79775	spectral/sorting/Main.hs;spectral/sorting/NofibUtils.hs;spectral/sorting/Sort.hs	spectral/sorting/sorting.faststdout;spectral/sorting/sorting.slowstdout;spectral/sorting/sorting.stdout		spectral/sorting/Makefile	portable workload; retain algorithm and review driver, numeric assumptions, fixtures and notices before import
nofib	spectral/sphere	sphere	sphere	M3	import	numerical		not stated in scanned source headers	39c099a56b5f89044393bc3266dbffb1e1722412dde89ba1b9dc28e0aec2bdb8	spectral/sphere/Main.lhs	spectral/sphere/sphere.faststdout;spectral/sphere/sphere.slowstdout;spectral/sphere/sphere.stdout		spectral/sphere/Makefile	portable workload; retain algorithm and review driver, numeric assumptions, fixtures and notices before import
nofib	spectral/treejoin	treejoin	treejoin-nofib	M3	import	allocation-lifetimes	nofib:gc/treejoin	not stated in scanned source headers	3ef1a47569e2ad9dcf617e9253a4e03bf0e3fa30c83a8dab805a793e21ade1c7	spectral/treejoin/Main.hs	spectral/treejoin/treejoin.stdout		spectral/treejoin/Makefile	portable workload; retain algorithm and review driver, numeric assumptions, fixtures and notices before import
sandmark	alt-ergo	alt-ergo	alt-ergo	M5	defer	kernel		not stated in scanned source headers	e3b0c44298fc1c149afbf4c8996fb92427ae41e4649b934ca495991b7852b855			dependencies/template/*.opam (package sources and notices)	run_config.json	requires the upstream application/package dependency graph (external); reconsider with a portable implementation of those dependencies
sandmark	benchmarks/almabench/almabench.exe	almabench	almabench	M5	import	numerical		Shawn Wagner, from Scott Robert Ladd's versions for	2ee5d01a6ddca80da145e4fc9bb45a82719da1c3d40883bc831ff600206a5d78	benchmarks/almabench/almabench.ml;benchmarks/almabench/dune		LICENSE.md;benchmarks/almabench/almabench.ml:header	benchmarks/almabench/dune	portable workload; retain algorithm and review driver, numeric assumptions, fixtures and notices before import
sandmark	benchmarks/bdd/bdd.exe	bdd	bdd	M1	import	symbolic-search		Xavier Leroy	540ddfc36ea16f435908e2b9fb18c24f64738396f335ea248b2439ff58a3d0c2	benchmarks/bdd/bdd.ml;benchmarks/bdd/dune		LICENSE.md;benchmarks/bdd/bdd.ml:header	benchmarks/bdd/dune;run_config.json;run_config_byte.json	portable workload; retain algorithm and review driver, numeric assumptions, fixtures and notices before import
sandmark	benchmarks/benchmarksgame/binarytrees5.exe	binarytrees5	binarytrees5	M5	import	allocation-lifetimes		Troestler Christophe	4710e406f2cc74914910b8d1043f250a4af4c3e08f4fef193a9fa219ba628312	benchmarks/benchmarksgame/binarytrees5.ml;benchmarks/benchmarksgame/dune		LICENSE.md;benchmarks/benchmarksgame/LICENSE	benchmarks/benchmarksgame/README.md;benchmarks/benchmarksgame/dune;multicore_parallel_navajo_run_config.json;multicore_parallel_run_config.json;run_config.json;run_config_byte.json	portable workload; retain algorithm and review driver, numeric assumptions, fixtures and notices before import
sandmark	benchmarks/benchmarksgame/fannkuchredux.exe	fannkuchredux	fannkuchredux	M5	import	kernel		Paolo Ribeca, August 2011	5298bd5bcb6a358fae1cbdaae8b3b5f3c5867979d8f4f81fb4c3bd2f2453aa00	benchmarks/benchmarksgame/dune;benchmarks/benchmarksgame/fannkuchredux.ml		LICENSE.md;benchmarks/benchmarksgame/LICENSE	benchmarks/benchmarksgame/README.md;benchmarks/benchmarksgame/dune;multicore_parallel_navajo_run_config.json;multicore_parallel_run_config.json;run_config.json;run_config_byte.json	portable workload; retain algorithm and review driver, numeric assumptions, fixtures and notices before import
sandmark	benchmarks/benchmarksgame/fasta3.exe	fasta3	fasta3	M5	import	kernel		Troestler Christophe	35564dabc484f326adef2ab175e2016e9f7d3154b9452138a0c9a69aca38f9b1	benchmarks/benchmarksgame/dune;benchmarks/benchmarksgame/fasta3.ml		LICENSE.md;benchmarks/benchmarksgame/LICENSE	benchmarks/benchmarksgame/README.md;benchmarks/benchmarksgame/dune;run_config.json;run_config_byte.json	portable workload; retain algorithm and review driver, numeric assumptions, fixtures and notices before import
sandmark	benchmarks/benchmarksgame/fasta6.exe	fasta6	fasta6	M5	import	kernel		Troestler Christophe	24b33fd41102d65928e60e8f62a8f401f5fc3539fee8d6f5b59b9b372be0c1a9	benchmarks/benchmarksgame/dune;benchmarks/benchmarksgame/fasta6.ml		LICENSE.md;benchmarks/benchmarksgame/LICENSE	benchmarks/benchmarksgame/README.md;benchmarks/benchmarksgame/dune;run_config.json;run_config_byte.json	portable workload; retain algorithm and review driver, numeric assumptions, fixtures and notices before import
sandmark	benchmarks/benchmarksgame/knucleotide.exe	knucleotide	knucleotide	M5	import	kernel		Troestler Christophe	90d014d143a9a8594cacc9acfe1145921b923e0bf051372f009ad96dea8d1c50	benchmarks/benchmarksgame/dune;benchmarks/benchmarksgame/knucleotide.ml		LICENSE.md;benchmarks/benchmarksgame/LICENSE	benchmarks/benchmarksgame/README.md;benchmarks/benchmarksgame/dune;run_config.json;run_config_byte.json	portable workload; retain algorithm and review driver, numeric assumptions, fixtures and notices before import
sandmark	benchmarks/benchmarksgame/knucleotide3.exe	knucleotide3	knucleotide3	M5	import	kernel		Troestler Christophe	b143a3b6c0ce08e6c383e630686c34e5a30381e413585b9e59e82f53dbfdc02a	benchmarks/benchmarksgame/dune;benchmarks/benchmarksgame/knucleotide3.ml		LICENSE.md;benchmarks/benchmarksgame/LICENSE	benchmarks/benchmarksgame/README.md;benchmarks/benchmarksgame/dune;run_config.json;run_config_byte.json	portable workload; retain algorithm and review driver, numeric assumptions, fixtures and notices before import
sandmark	benchmarks/benchmarksgame/mandelbrot6.exe	mandelbrot6	mandelbrot6	M5	import	numerical		Paolo Ribeca	2ea12e3b55c654ad840c03717569ea7ef7580549e85df2b6acc495857aadd2ca	benchmarks/benchmarksgame/dune;benchmarks/benchmarksgame/mandelbrot6.ml		LICENSE.md;benchmarks/benchmarksgame/LICENSE	benchmarks/benchmarksgame/README.md;benchmarks/benchmarksgame/dune;multicore_parallel_navajo_run_config.json;multicore_parallel_run_config.json;run_config.json	portable workload; retain algorithm and review driver, numeric assumptions, fixtures and notices before import
sandmark	benchmarks/benchmarksgame/nbody.exe	nbody	nbody-sandmark	M5	import	numerical	nofib:parallel/nbody;sandmark:benchmarks/multicore-numerical/nbody.exe;smlnj:programs/nbody	Troestler Christophe	4c19f9c87a9f6c69660351a1990ac943ec26624592d8c13c73d57c989f0ffd94	benchmarks/benchmarksgame/dune;benchmarks/benchmarksgame/nbody.ml		LICENSE.md;benchmarks/benchmarksgame/LICENSE	benchmarks/benchmarksgame/README.md;benchmarks/benchmarksgame/dune;run_config.json;run_config_byte.json	portable workload; retain algorithm and review driver, numeric assumptions, fixtures and notices before import
sandmark	benchmarks/benchmarksgame/pidigits5.exe	pidigits5	pidigits5	M5	import	integer-arithmetic		Christophe TROESTLER	a34b0b5d75e09fd63178e496937ebfcd31d387d20a76bb7218b88c0aa5ae6a71	benchmarks/benchmarksgame/dune;benchmarks/benchmarksgame/pidigits5.ml		LICENSE.md;benchmarks/benchmarksgame/LICENSE	benchmarks/benchmarksgame/README.md;benchmarks/benchmarksgame/dune;run_config.json;run_config_byte.json	portable workload; retain algorithm and review driver, numeric assumptions, fixtures and notices before import
sandmark	benchmarks/benchmarksgame/regexredux2.exe	regexredux2	regexredux2	M5	import	kernel		Christophe TROESTLER	4f208c23bf92edc987781c3e5b2ee86956dbf24cdc636ad1b79f017163b19a04	benchmarks/benchmarksgame/dune;benchmarks/benchmarksgame/regexredux2.ml		LICENSE.md;benchmarks/benchmarksgame/LICENSE	benchmarks/benchmarksgame/README.md;benchmarks/benchmarksgame/dune;run_config.json	portable workload; retain algorithm and review driver, numeric assumptions, fixtures and notices before import
sandmark	benchmarks/benchmarksgame/revcomp2.exe	revcomp2	revcomp2	M5	import	lists-streams		Ingo Bormuth <ibormuth@efil.de>	aebd479838d2d5fc33222d7f7a0c56243139bd516c20c9d210d12eb7337d665b	benchmarks/benchmarksgame/dune;benchmarks/benchmarksgame/revcomp2.ml		LICENSE.md;benchmarks/benchmarksgame/LICENSE	benchmarks/benchmarksgame/README.md;benchmarks/benchmarksgame/dune;run_config.json;run_config_byte.json	portable workload; retain algorithm and review driver, numeric assumptions, fixtures and notices before import
sandmark	benchmarks/benchmarksgame/spectralnorm2.exe	spectralnorm2	spectralnorm2	M5	import	kernel		Sebastien Loisel	ed75de47336eb039e418fb30c21978228da8c4cb842d1a568ccd3e32699a84a7	benchmarks/benchmarksgame/dune;benchmarks/benchmarksgame/spectralnorm2.ml		LICENSE.md;benchmarks/benchmarksgame/LICENSE	benchmarks/benchmarksgame/README.md;benchmarks/benchmarksgame/dune;multicore_parallel_navajo_run_config.json;multicore_parallel_run_config.json;run_config.json;run_config_byte.json	portable workload; retain algorithm and review driver, numeric assumptions, fixtures and notices before import
sandmark	benchmarks/chameneos/chameneos_redux_lwt.exe	chameneos_redux_lwt	chameneos_redux_lwt	M5	defer	kernel		Milan Stanojevic, Jul 12 2009	e103b26c2ad0873000493ee6afedce0bc6a9c8b41c0ed34c3568259183a0f685	benchmarks/chameneos/chameneos_redux_lwt.ml;benchmarks/chameneos/dune		LICENSE.md	benchmarks/chameneos/dune;run_config.json;run_config_byte.json	source uses OCaml-specific effects, concurrency, GC/weak-reference introspection, unsafe objects or C bindings; reconsider with equivalent runtime facilities
sandmark	benchmarks/decompress/test_decompress.exe	test_decompress	test_decompress	M5	defer	kernel		not stated in scanned source headers	7ee29184658a62ae7de681affa4e8fa93eb716116160ac3540775f88bb7d965a	benchmarks/decompress/dune;benchmarks/decompress/test_decompress.ml		LICENSE.md;benchmarks/decompress/LICENSE	benchmarks/decompress/dune;multicore_parallel_navajo_run_config.json;multicore_parallel_run_config.json;run_config.json;run_config_byte.json	requires the upstream application/package dependency graph (decompress); reconsider with a portable implementation of those dependencies
sandmark	benchmarks/decompress/test_decompress_multicore.exe	test_decompress_multicore	test_decompress_multicore	M5	defer	kernel		not stated in scanned source headers	4976869cc881922baf2e66ee517aa6a8672cdf2bd11a22056ebcdba8b3853fff	benchmarks/decompress/dune;benchmarks/decompress/test_decompress_multicore.ml		LICENSE.md;benchmarks/decompress/LICENSE	benchmarks/decompress/dune;multicore_parallel_navajo_run_config.json;multicore_parallel_run_config.json	requires the upstream application/package dependency graph (decompress); reconsider with a portable implementation of those dependencies
sandmark	benchmarks/graph500par/gen.exe	gen	gen	M5	defer	kernel	sandmark:benchmarks/graph500seq/gen.exe	not stated in scanned source headers	6d13f3317d8f8871059e00b72d017ff7dbf61a66e0ea1c1e52d7811c8c858fe7	benchmarks/graph500par/dune;benchmarks/graph500par/gen.ml		LICENSE.md	benchmarks/graph500par/dune;multicore_parallel_navajo_run_config.json;multicore_parallel_run_config.json	source uses OCaml-specific effects, concurrency, GC/weak-reference introspection, unsafe objects or C bindings; reconsider with equivalent runtime facilities
sandmark	benchmarks/graph500par/kernel1_run_multicore.exe	kernel1_run_multicore	kernel1_run_multicore	M5	defer	kernel		not stated in scanned source headers	03e2b58ed1d31aa38bd0304fc1bf6879f0c7558431c6a852444994fd60351ca6	benchmarks/graph500par/dune;benchmarks/graph500par/kernel1_run_multicore.ml		LICENSE.md	benchmarks/graph500par/dune;multicore_parallel_navajo_run_config.json;multicore_parallel_run_config.json	source uses OCaml-specific effects, concurrency, GC/weak-reference introspection, unsafe objects or C bindings; reconsider with equivalent runtime facilities
sandmark	benchmarks/graph500seq/gen.exe	gen	gen	M5	import	kernel	sandmark:benchmarks/graph500par/gen.exe	not stated in scanned source headers	3cf4c7c5f69d5af71caac280fd00c65d3363150b50f71b88c03f561dbb56ca8d	benchmarks/graph500seq/dune;benchmarks/graph500seq/gen.ml		LICENSE.md	benchmarks/graph500seq/dune;multicore_parallel_navajo_run_config.json;multicore_parallel_run_config.json	portable workload; retain algorithm and review driver, numeric assumptions, fixtures and notices before import
sandmark	benchmarks/graph500seq/kernel1_run.exe	graph500_seq_kernel1	graph500_seq_kernel1	M5	import	kernel		not stated in scanned source headers	39270741790450d10bd09b48e6db592ce2ce4186c7691a4fc9a168677268ba30	benchmarks/graph500seq/dune;benchmarks/graph500seq/kernel1_run.ml		LICENSE.md	benchmarks/graph500seq/dune;multicore_parallel_navajo_run_config.json;multicore_parallel_run_config.json;run_config.json	portable workload; retain algorithm and review driver, numeric assumptions, fixtures and notices before import
sandmark	benchmarks/graph500seq/kronecker.exe	kronecker	kronecker	M5	import	kernel		support of PRISM Lab, IIT Madras and OCaml Labs	b3f49bfec5d5a46fd884b03453fe6ea9d5b5fe7fc6201dbf6bcad1e751ffb929	benchmarks/graph500seq/dune;benchmarks/graph500seq/kronecker.ml		LICENSE.md;benchmarks/graph500seq/kronecker.ml:header	benchmarks/graph500seq/dune;run_config.json	portable workload; retain algorithm and review driver, numeric assumptions, fixtures and notices before import
sandmark	benchmarks/hamming/hamming.exe	hamming	hamming	M5	import	lists-streams		not stated in scanned source headers	6cc2f5f2c1e8e0cc1fbf1128e654306191e6b69a545b3bc3b4fc6bfe4c997ee4	benchmarks/hamming/dune;benchmarks/hamming/hamming.ml		LICENSE.md	benchmarks/hamming/dune;run_config.json;run_config_byte.json	portable workload; retain algorithm and review driver, numeric assumptions, fixtures and notices before import
sandmark	benchmarks/irmin/irmin_mem_rw.exe	irmin_mem_rw	irmin_mem_rw	M5	defer	kernel		not stated in scanned source headers	69c291e21cedd536692c6cef2b6290ad6c0bec1e01b7981b55de0dff2ce97921	benchmarks/irmin/dune;benchmarks/irmin/irmin_mem_rw.ml		LICENSE.md	run_config.json	requires the upstream application/package dependency graph (irmin); reconsider with a portable implementation of those dependencies
sandmark	benchmarks/irmin/replay.exe	irmin_replay	irmin_replay	M5	defer	kernel		not stated in scanned source headers	bef62dbeaf6f85f49d53992f8cfac27c79df97388a15e9abdf45748cbc0845ba	benchmarks/irmin/dune;benchmarks/irmin/replay.ml		LICENSE.md	benchmarks/irmin/dune;run_config.json	requires the upstream application/package dependency graph (irmin); reconsider with a portable implementation of those dependencies
sandmark	benchmarks/kb/kb.exe	kb	kb	M5	import	symbolic-search	mlton:benchmark/tests/knuth-bendix.sml;smlnj:programs/knuth-bendix	not stated in scanned source headers	5586100691aed5c8938a8906dff22b2b94d458100135c582127f623a2fb5c564	benchmarks/kb/dune;benchmarks/kb/kb.ml		LICENSE.md;benchmarks/kb/kb.ml:header	benchmarks/kb/dune;run_config.json;run_config_byte.json	portable workload; retain algorithm and review driver, numeric assumptions, fixtures and notices before import
sandmark	benchmarks/kb/kb_no_exc.exe	kb_no_exc	kb_no_exc	M5	import	symbolic-search		not stated in scanned source headers	71d37abb66243f33904e129878c826e1fde2004672d21f9968bc9a9c3beb592b	benchmarks/kb/dune;benchmarks/kb/kb_no_exc.ml		LICENSE.md;benchmarks/kb/kb_no_exc.ml:header	benchmarks/kb/dune;run_config.json;run_config_byte.json	portable workload; retain algorithm and review driver, numeric assumptions, fixtures and notices before import
sandmark	benchmarks/lexifi-g2pp/main.exe	lexifi-g2pp	lexifi-g2pp	M5	import	compiler-application		not stated in scanned source headers	37906b89fc4563e95733e6d5dcd58896bf07c5fcddeac5b41610a93e2b5429a0	benchmarks/lexifi-g2pp/dune;benchmarks/lexifi-g2pp/main.ml		LICENSE.md;benchmarks/lexifi-g2pp/COPYING;benchmarks/lexifi-g2pp/main.ml:header	benchmarks/lexifi-g2pp/dune;run_config.json;run_config_byte.json	portable workload; retain algorithm and review driver, numeric assumptions, fixtures and notices before import
sandmark	benchmarks/markbench/markbench.exe	markbench	markbench	M5	defer	symbolic-search		not stated in scanned source headers	c971917e08f5296fce615c35c3180dffdf710e8d762413e72cab3ff1fbff605b	benchmarks/markbench/dune;benchmarks/markbench/markbench.ml		LICENSE.md	benchmarks/markbench/dune;run_config.json	source uses OCaml-specific effects, concurrency, GC/weak-reference introspection, unsafe objects or C bindings; reconsider with equivalent runtime facilities
sandmark	benchmarks/mpl/msort_ints.exe	msort_ints	msort_ints	M5	defer	lists-streams		The 210 Team	0a3d0b0e3bb68423e8e623ccaab505b71636cf6abedce77868e18af9e35e1201	benchmarks/mpl/bench/msort_ints/msort_ints.ml;benchmarks/mpl/bench/msort_strings/msort_strings.ml;benchmarks/mpl/bench/primes/primes.ml;benchmarks/mpl/bench/raytracer/raytracer.ml;benchmarks/mpl/bench/tokens/tokens.ml;benchmarks/mpl/dune;benchmarks/mpl/lib/Benchmark.ml;benchmarks/mpl/lib/Benchmark.mli;benchmarks/mpl/lib/Binarysearch.ml;benchmarks/mpl/lib/Binarysearch.mli;benchmarks/mpl/lib/Cla.ml;benchmarks/mpl/lib/Cla.mli;benchmarks/mpl/lib/Forkjoin.ml;benchmarks/mpl/lib/Forkjoin.mli;benchmarks/mpl/lib/Hashset.ml;benchmarks/mpl/lib/Hashset.mli;benchmarks/mpl/lib/Merge.ml;benchmarks/mpl/lib/Merge.mli;benchmarks/mpl/lib/Quicksort.ml;benchmarks/mpl/lib/Quicksort.mli;benchmarks/mpl/lib/Readfile.ml;benchmarks/mpl/lib/Readfile.mli;benchmarks/mpl/lib/Seq.ml;benchmarks/mpl/lib/Seq.mli;benchmarks/mpl/lib/Seqbasis.ml;benchmarks/mpl/lib/Seqbasis.mli;benchmarks/mpl/lib/Tokenize.ml;benchmarks/mpl/lib/Tokenize.mli;benchmarks/mpl/lib/Util.ml;benchmarks/mpl/lib/Util.mli		LICENSE.md;benchmarks/mpl/LICENSE;benchmarks/mpl/lib/Quicksort.ml:header	benchmarks/mpl/dune;multicore_parallel_navajo_run_config.json;multicore_parallel_run_config.json	source uses OCaml-specific effects, concurrency, GC/weak-reference introspection, unsafe objects or C bindings; reconsider with equivalent runtime facilities
sandmark	benchmarks/mpl/msort_strings.exe	msort_strings	msort_strings	M5	defer	lists-streams		The 210 Team	0a3d0b0e3bb68423e8e623ccaab505b71636cf6abedce77868e18af9e35e1201	benchmarks/mpl/bench/msort_ints/msort_ints.ml;benchmarks/mpl/bench/msort_strings/msort_strings.ml;benchmarks/mpl/bench/primes/primes.ml;benchmarks/mpl/bench/raytracer/raytracer.ml;benchmarks/mpl/bench/tokens/tokens.ml;benchmarks/mpl/dune;benchmarks/mpl/lib/Benchmark.ml;benchmarks/mpl/lib/Benchmark.mli;benchmarks/mpl/lib/Binarysearch.ml;benchmarks/mpl/lib/Binarysearch.mli;benchmarks/mpl/lib/Cla.ml;benchmarks/mpl/lib/Cla.mli;benchmarks/mpl/lib/Forkjoin.ml;benchmarks/mpl/lib/Forkjoin.mli;benchmarks/mpl/lib/Hashset.ml;benchmarks/mpl/lib/Hashset.mli;benchmarks/mpl/lib/Merge.ml;benchmarks/mpl/lib/Merge.mli;benchmarks/mpl/lib/Quicksort.ml;benchmarks/mpl/lib/Quicksort.mli;benchmarks/mpl/lib/Readfile.ml;benchmarks/mpl/lib/Readfile.mli;benchmarks/mpl/lib/Seq.ml;benchmarks/mpl/lib/Seq.mli;benchmarks/mpl/lib/Seqbasis.ml;benchmarks/mpl/lib/Seqbasis.mli;benchmarks/mpl/lib/Tokenize.ml;benchmarks/mpl/lib/Tokenize.mli;benchmarks/mpl/lib/Util.ml;benchmarks/mpl/lib/Util.mli		LICENSE.md;benchmarks/mpl/LICENSE;benchmarks/mpl/lib/Quicksort.ml:header	benchmarks/mpl/dune;multicore_parallel_navajo_run_config.json;multicore_parallel_run_config.json	source uses OCaml-specific effects, concurrency, GC/weak-reference introspection, unsafe objects or C bindings; reconsider with equivalent runtime facilities
sandmark	benchmarks/mpl/primes.exe	primes	primes	M5	defer	lists-streams	nofib:imaginary/primes	The 210 Team	0a3d0b0e3bb68423e8e623ccaab505b71636cf6abedce77868e18af9e35e1201	benchmarks/mpl/bench/msort_ints/msort_ints.ml;benchmarks/mpl/bench/msort_strings/msort_strings.ml;benchmarks/mpl/bench/primes/primes.ml;benchmarks/mpl/bench/raytracer/raytracer.ml;benchmarks/mpl/bench/tokens/tokens.ml;benchmarks/mpl/dune;benchmarks/mpl/lib/Benchmark.ml;benchmarks/mpl/lib/Benchmark.mli;benchmarks/mpl/lib/Binarysearch.ml;benchmarks/mpl/lib/Binarysearch.mli;benchmarks/mpl/lib/Cla.ml;benchmarks/mpl/lib/Cla.mli;benchmarks/mpl/lib/Forkjoin.ml;benchmarks/mpl/lib/Forkjoin.mli;benchmarks/mpl/lib/Hashset.ml;benchmarks/mpl/lib/Hashset.mli;benchmarks/mpl/lib/Merge.ml;benchmarks/mpl/lib/Merge.mli;benchmarks/mpl/lib/Quicksort.ml;benchmarks/mpl/lib/Quicksort.mli;benchmarks/mpl/lib/Readfile.ml;benchmarks/mpl/lib/Readfile.mli;benchmarks/mpl/lib/Seq.ml;benchmarks/mpl/lib/Seq.mli;benchmarks/mpl/lib/Seqbasis.ml;benchmarks/mpl/lib/Seqbasis.mli;benchmarks/mpl/lib/Tokenize.ml;benchmarks/mpl/lib/Tokenize.mli;benchmarks/mpl/lib/Util.ml;benchmarks/mpl/lib/Util.mli		LICENSE.md;benchmarks/mpl/LICENSE;benchmarks/mpl/lib/Quicksort.ml:header	benchmarks/mpl/dune;multicore_parallel_navajo_run_config.json;multicore_parallel_run_config.json	source uses OCaml-specific effects, concurrency, GC/weak-reference introspection, unsafe objects or C bindings; reconsider with equivalent runtime facilities
sandmark	benchmarks/mpl/raytracer.exe	raytracer	raytracer	M5	defer	numerical		The 210 Team	0a3d0b0e3bb68423e8e623ccaab505b71636cf6abedce77868e18af9e35e1201	benchmarks/mpl/bench/msort_ints/msort_ints.ml;benchmarks/mpl/bench/msort_strings/msort_strings.ml;benchmarks/mpl/bench/primes/primes.ml;benchmarks/mpl/bench/raytracer/raytracer.ml;benchmarks/mpl/bench/tokens/tokens.ml;benchmarks/mpl/dune;benchmarks/mpl/lib/Benchmark.ml;benchmarks/mpl/lib/Benchmark.mli;benchmarks/mpl/lib/Binarysearch.ml;benchmarks/mpl/lib/Binarysearch.mli;benchmarks/mpl/lib/Cla.ml;benchmarks/mpl/lib/Cla.mli;benchmarks/mpl/lib/Forkjoin.ml;benchmarks/mpl/lib/Forkjoin.mli;benchmarks/mpl/lib/Hashset.ml;benchmarks/mpl/lib/Hashset.mli;benchmarks/mpl/lib/Merge.ml;benchmarks/mpl/lib/Merge.mli;benchmarks/mpl/lib/Quicksort.ml;benchmarks/mpl/lib/Quicksort.mli;benchmarks/mpl/lib/Readfile.ml;benchmarks/mpl/lib/Readfile.mli;benchmarks/mpl/lib/Seq.ml;benchmarks/mpl/lib/Seq.mli;benchmarks/mpl/lib/Seqbasis.ml;benchmarks/mpl/lib/Seqbasis.mli;benchmarks/mpl/lib/Tokenize.ml;benchmarks/mpl/lib/Tokenize.mli;benchmarks/mpl/lib/Util.ml;benchmarks/mpl/lib/Util.mli		LICENSE.md;benchmarks/mpl/LICENSE;benchmarks/mpl/lib/Quicksort.ml:header	benchmarks/mpl/dune;multicore_parallel_navajo_run_config.json;multicore_parallel_run_config.json	source uses OCaml-specific effects, concurrency, GC/weak-reference introspection, unsafe objects or C bindings; reconsider with equivalent runtime facilities
sandmark	benchmarks/mpl/tokens.exe	tokens	tokens	M5	defer	application		The 210 Team	0a3d0b0e3bb68423e8e623ccaab505b71636cf6abedce77868e18af9e35e1201	benchmarks/mpl/bench/msort_ints/msort_ints.ml;benchmarks/mpl/bench/msort_strings/msort_strings.ml;benchmarks/mpl/bench/primes/primes.ml;benchmarks/mpl/bench/raytracer/raytracer.ml;benchmarks/mpl/bench/tokens/tokens.ml;benchmarks/mpl/dune;benchmarks/mpl/lib/Benchmark.ml;benchmarks/mpl/lib/Benchmark.mli;benchmarks/mpl/lib/Binarysearch.ml;benchmarks/mpl/lib/Binarysearch.mli;benchmarks/mpl/lib/Cla.ml;benchmarks/mpl/lib/Cla.mli;benchmarks/mpl/lib/Forkjoin.ml;benchmarks/mpl/lib/Forkjoin.mli;benchmarks/mpl/lib/Hashset.ml;benchmarks/mpl/lib/Hashset.mli;benchmarks/mpl/lib/Merge.ml;benchmarks/mpl/lib/Merge.mli;benchmarks/mpl/lib/Quicksort.ml;benchmarks/mpl/lib/Quicksort.mli;benchmarks/mpl/lib/Readfile.ml;benchmarks/mpl/lib/Readfile.mli;benchmarks/mpl/lib/Seq.ml;benchmarks/mpl/lib/Seq.mli;benchmarks/mpl/lib/Seqbasis.ml;benchmarks/mpl/lib/Seqbasis.mli;benchmarks/mpl/lib/Tokenize.ml;benchmarks/mpl/lib/Tokenize.mli;benchmarks/mpl/lib/Util.ml;benchmarks/mpl/lib/Util.mli		LICENSE.md;benchmarks/mpl/LICENSE;benchmarks/mpl/lib/Quicksort.ml:header	benchmarks/mpl/dune;multicore_parallel_navajo_run_config.json;multicore_parallel_run_config.json	source uses OCaml-specific effects, concurrency, GC/weak-reference introspection, unsafe objects or C bindings; reconsider with equivalent runtime facilities
sandmark	benchmarks/multicore-effects/algorithmic_differentiation.exe	algorithmic_differentiation	algorithmic_differentiation	M5	defer	kernel		not stated in scanned source headers	d66c380c4893cc8eb06a829535927a42e79efafc3fd37575c50ce29fc66d854b	benchmarks/multicore-effects/algorithmic_differentiation.ml;benchmarks/multicore-effects/dune		LICENSE.md	benchmarks/multicore-effects/dune	source uses OCaml-specific effects, concurrency, GC/weak-reference introspection, unsafe objects or C bindings; reconsider with equivalent runtime facilities
sandmark	benchmarks/multicore-effects/effect_throughput_clone.exe	effect_throughput_clone	effect_throughput_clone	M5	defer	kernel		not stated in scanned source headers	62093d46ae185ecff534e2035079b2c94f2e01ffaa567436b4c462fdb599ed8b	benchmarks/multicore-effects/dune;benchmarks/multicore-effects/effect_throughput_clone.ml		LICENSE.md	benchmarks/multicore-effects/dune	source uses OCaml-specific effects, concurrency, GC/weak-reference introspection, unsafe objects or C bindings; reconsider with equivalent runtime facilities
sandmark	benchmarks/multicore-effects/effect_throughput_perform.exe	effect_throughput_perform	effect_throughput_perform	M5	defer	kernel		not stated in scanned source headers	4d2a565639f3fbe2684927f8e0b668da343b73aa0697ee0f8538d677aa208bec	benchmarks/multicore-effects/dune;benchmarks/multicore-effects/effect_throughput_perform.ml		LICENSE.md	benchmarks/multicore-effects/dune	source uses OCaml-specific effects, concurrency, GC/weak-reference introspection, unsafe objects or C bindings; reconsider with equivalent runtime facilities
sandmark	benchmarks/multicore-effects/effect_throughput_perform_drop.exe	effect_throughput_perform_drop	effect_throughput_perform_drop	M5	defer	kernel		not stated in scanned source headers	c9c7bc5aef95088bc3bf61633fa51f2c611df9f33666241e63244d1ea44ac9d5	benchmarks/multicore-effects/dune;benchmarks/multicore-effects/effect_throughput_perform_drop.ml		LICENSE.md	benchmarks/multicore-effects/dune	source uses OCaml-specific effects, concurrency, GC/weak-reference introspection, unsafe objects or C bindings; reconsider with equivalent runtime facilities
sandmark	benchmarks/multicore-effects/effect_throughput_val.exe	effect_throughput_val	effect_throughput_val	M5	defer	kernel		not stated in scanned source headers	6912889191dc2102c3b8e403798ac70df30857ff972b2a08002159db8df9dfd5	benchmarks/multicore-effects/dune;benchmarks/multicore-effects/effect_throughput_val.ml		LICENSE.md	benchmarks/multicore-effects/dune	source uses OCaml-specific effects, concurrency, GC/weak-reference introspection, unsafe objects or C bindings; reconsider with equivalent runtime facilities
sandmark	benchmarks/multicore-effects/eratosthenes.exe	eratosthenes	eratosthenes	M5	defer	kernel		not stated in scanned source headers	59f758294896ca1c64913d88333fb1ad7533ad728f38ca29b490faa34243a5f4	benchmarks/multicore-effects/dune;benchmarks/multicore-effects/eratosthenes.ml		LICENSE.md	benchmarks/multicore-effects/dune	source uses OCaml-specific effects, concurrency, GC/weak-reference introspection, unsafe objects or C bindings; reconsider with equivalent runtime facilities
sandmark	benchmarks/multicore-effects/queens.exe	queens	queens	M5	defer	symbolic-search	nofib:imaginary/queens;nofib:parallel/queens	not stated in scanned source headers	c1509dbdd0bcbf677c82e8f24aaf84b701e8e5604a227083f4961dcd342b9654	benchmarks/multicore-effects/dune;benchmarks/multicore-effects/queens.ml		LICENSE.md	benchmarks/multicore-effects/dune	source uses OCaml-specific effects, concurrency, GC/weak-reference introspection, unsafe objects or C bindings; reconsider with equivalent runtime facilities
sandmark	benchmarks/multicore-effects/rec_eff_ack.exe	rec_eff_ack	rec_eff_ack	M5	defer	calls-recursion		not stated in scanned source headers	2627ca7ef829230b76691f7a43ec0c3996b76479eab557355648206c43926d6d	benchmarks/multicore-effects/dune;benchmarks/multicore-effects/rec_eff_ack.ml		LICENSE.md	benchmarks/multicore-effects/dune	source uses OCaml-specific effects, concurrency, GC/weak-reference introspection, unsafe objects or C bindings; reconsider with equivalent runtime facilities
sandmark	benchmarks/multicore-effects/rec_eff_evenodd.exe	rec_eff_evenodd	rec_eff_evenodd	M5	defer	calls-recursion		not stated in scanned source headers	c2987c72ecff705ea0a513c8d14bc12546778da428613d0ea99eb31586d8d9b2	benchmarks/multicore-effects/dune;benchmarks/multicore-effects/rec_eff_evenodd.ml		LICENSE.md	benchmarks/multicore-effects/dune	source uses OCaml-specific effects, concurrency, GC/weak-reference introspection, unsafe objects or C bindings; reconsider with equivalent runtime facilities
sandmark	benchmarks/multicore-effects/rec_eff_fib.exe	rec_eff_fib	rec_eff_fib	M5	defer	calls-recursion		not stated in scanned source headers	2874f02896d481636497f9160d8eb63683a233a52d6e857b6651d2a2e73e7a2c	benchmarks/multicore-effects/dune;benchmarks/multicore-effects/rec_eff_fib.ml		LICENSE.md	benchmarks/multicore-effects/dune	source uses OCaml-specific effects, concurrency, GC/weak-reference introspection, unsafe objects or C bindings; reconsider with equivalent runtime facilities
sandmark	benchmarks/multicore-effects/rec_eff_motzkin.exe	rec_eff_motzkin	rec_eff_motzkin	M5	defer	calls-recursion		not stated in scanned source headers	06ecdfaa3127e84a141d2aaf82769cb7dd48a119ce16681e0361ae856842e83d	benchmarks/multicore-effects/dune;benchmarks/multicore-effects/rec_eff_motzkin.ml		LICENSE.md	benchmarks/multicore-effects/dune	source uses OCaml-specific effects, concurrency, GC/weak-reference introspection, unsafe objects or C bindings; reconsider with equivalent runtime facilities
sandmark	benchmarks/multicore-effects/rec_eff_sudan.exe	rec_eff_sudan	rec_eff_sudan	M5	defer	calls-recursion		not stated in scanned source headers	8fd43c6d4a6b69de85b7b7fb51bd85894573e863914b68e7a06478595036c97e	benchmarks/multicore-effects/dune;benchmarks/multicore-effects/rec_eff_sudan.ml		LICENSE.md	benchmarks/multicore-effects/dune	source uses OCaml-specific effects, concurrency, GC/weak-reference introspection, unsafe objects or C bindings; reconsider with equivalent runtime facilities
sandmark	benchmarks/multicore-effects/rec_eff_tak.exe	rec_eff_tak	rec_eff_tak	M5	defer	calls-recursion		not stated in scanned source headers	930680fbc3ab125ec57eb7427ee0e3c00d0918489c91b42309379fe96bcd2727	benchmarks/multicore-effects/dune;benchmarks/multicore-effects/rec_eff_tak.ml		LICENSE.md	benchmarks/multicore-effects/dune	source uses OCaml-specific effects, concurrency, GC/weak-reference introspection, unsafe objects or C bindings; reconsider with equivalent runtime facilities
sandmark	benchmarks/multicore-effects/rec_seq_ack.exe	rec_seq_ack	rec_seq_ack	M5	import	calls-recursion		not stated in scanned source headers	e68ea9d85c9f8e6eefabd1faf8dee8f46e3527a49b35bbe3dafd2fd362404ffc	benchmarks/multicore-effects/dune;benchmarks/multicore-effects/rec_seq_ack.ml		LICENSE.md	benchmarks/multicore-effects/dune	portable workload; retain algorithm and review driver, numeric assumptions, fixtures and notices before import
sandmark	benchmarks/multicore-effects/rec_seq_evenodd.exe	rec_seq_evenodd	rec_seq_evenodd	M5	import	calls-recursion		not stated in scanned source headers	f9755ae3e5677f3279895174e718dfe68f6eef92454baccbc171f6ee06202e3a	benchmarks/multicore-effects/dune;benchmarks/multicore-effects/rec_seq_evenodd.ml		LICENSE.md	benchmarks/multicore-effects/dune	portable workload; retain algorithm and review driver, numeric assumptions, fixtures and notices before import
sandmark	benchmarks/multicore-effects/rec_seq_fib.exe	rec_seq_fib	rec_seq_fib	M5	import	calls-recursion		not stated in scanned source headers	370a27d34c53a0790e79725da9ee50d13bc410b265c9e5fd053e800b986a6960	benchmarks/multicore-effects/dune;benchmarks/multicore-effects/rec_seq_fib.ml		LICENSE.md	benchmarks/multicore-effects/dune	portable workload; retain algorithm and review driver, numeric assumptions, fixtures and notices before import
sandmark	benchmarks/multicore-effects/rec_seq_motzkin.exe	rec_seq_motzkin	rec_seq_motzkin	M5	import	calls-recursion		not stated in scanned source headers	d8165457e7c6293d3ed99c2c7d9c11864796245c69e180f72155123699eadadc	benchmarks/multicore-effects/dune;benchmarks/multicore-effects/rec_seq_motzkin.ml		LICENSE.md	benchmarks/multicore-effects/dune	portable workload; retain algorithm and review driver, numeric assumptions, fixtures and notices before import
sandmark	benchmarks/multicore-effects/rec_seq_sudan.exe	rec_seq_sudan	rec_seq_sudan	M5	import	calls-recursion		not stated in scanned source headers	009ed616af8c7860447ad6268b190a47af63bbbe1af7585483ebee009f858b4a	benchmarks/multicore-effects/dune;benchmarks/multicore-effects/rec_seq_sudan.ml		LICENSE.md	benchmarks/multicore-effects/dune	portable workload; retain algorithm and review driver, numeric assumptions, fixtures and notices before import
sandmark	benchmarks/multicore-effects/rec_seq_tak.exe	rec_seq_tak	rec_seq_tak	M5	import	calls-recursion		not stated in scanned source headers	ee1e2dc15c6bac400ac0391aebeadded1621051804ea671835a9c1b8bb1753f3	benchmarks/multicore-effects/dune;benchmarks/multicore-effects/rec_seq_tak.ml		LICENSE.md	benchmarks/multicore-effects/dune	portable workload; retain algorithm and review driver, numeric assumptions, fixtures and notices before import
sandmark	benchmarks/multicore-effects/test_sched.exe	test_sched	test_sched	M5	defer	kernel		not stated in scanned source headers	22ab5329212cb0708bebb472d417727ee13a2b6715a8d38cfeebc391bebf4c06	benchmarks/multicore-effects/dune;benchmarks/multicore-effects/ms_sched.ml;benchmarks/multicore-effects/test_sched.ml		LICENSE.md	benchmarks/multicore-effects/dune	source uses OCaml-specific effects, concurrency, GC/weak-reference introspection, unsafe objects or C bindings; reconsider with equivalent runtime facilities
sandmark	benchmarks/multicore-gcroots/globroots_mp.exe	globroots_mp	globroots_mp	M5	defer	allocation-lifetimes		not stated in scanned source headers	17cdc4920a9615eb2c55b9ac272badd08863bdf46e6de636e8d7c779a93f641c	benchmarks/multicore-gcroots/dune;benchmarks/multicore-gcroots/globroots_mp.ml		LICENSE.md	benchmarks/multicore-gcroots/dune;micro_multicore.json	source uses OCaml-specific effects, concurrency, GC/weak-reference introspection, unsafe objects or C bindings; reconsider with equivalent runtime facilities
sandmark	benchmarks/multicore-gcroots/globroots_seq.exe	globroots_seq	globroots_seq	M5	defer	allocation-lifetimes		not stated in scanned source headers	85f8e254ba1ebb75e9d19ce27bbf03635940862fc79bb49508a9b6bab7f50128	benchmarks/multicore-gcroots/dune;benchmarks/multicore-gcroots/globroots_seq.ml		LICENSE.md	benchmarks/multicore-gcroots/dune;micro_multicore.json	source uses OCaml-specific effects, concurrency, GC/weak-reference introspection, unsafe objects or C bindings; reconsider with equivalent runtime facilities
sandmark	benchmarks/multicore-gcroots/globroots_sp.exe	globroots_sp	globroots_sp	M5	defer	allocation-lifetimes		not stated in scanned source headers	8347bb8474cbb6458dd9f32d18109214e9210bc151d887bf4e8cfb7d5cbd296c	benchmarks/multicore-gcroots/dune;benchmarks/multicore-gcroots/globroots_sp.ml		LICENSE.md	benchmarks/multicore-gcroots/dune;micro_multicore.json	source uses OCaml-specific effects, concurrency, GC/weak-reference introspection, unsafe objects or C bindings; reconsider with equivalent runtime facilities
sandmark	benchmarks/multicore-grammatrix/grammatrix.exe	grammatrix	grammatrix	M5	defer	numerical		not stated in scanned source headers	d5f74b4a8775041934c81fd981041431f23d884057999b43ea5e3453fcea96ec	benchmarks/multicore-grammatrix/dune;benchmarks/multicore-grammatrix/grammatrix.ml	benchmarks/multicore-grammatrix/data/tox21_nrar_ligands_std_rand_01.csv	LICENSE.md;benchmarks/multicore-grammatrix/grammatrix.ml:header	benchmarks/multicore-grammatrix/dune;multicore_parallel_navajo_run_config.json;multicore_parallel_run_config.json;run_config.json;run_config_byte.json	parallel/runtime-specific executable; retain its original execution model
sandmark	benchmarks/multicore-grammatrix/grammatrix_multicore.exe	grammatrix_multicore	grammatrix_multicore	M5	defer	numerical		not stated in scanned source headers	736809a9a292c8814a283c9aca3d64f827dd8ec8e58fa8c0ae8ddd58a7baf47d	benchmarks/multicore-grammatrix/dune;benchmarks/multicore-grammatrix/grammatrix_multicore.ml	benchmarks/multicore-grammatrix/data/tox21_nrar_ligands_std_rand_01.csv	LICENSE.md;benchmarks/multicore-grammatrix/grammatrix_multicore.ml:header	benchmarks/multicore-grammatrix/dune;multicore_parallel_navajo_run_config.json;multicore_parallel_run_config.json	source uses OCaml-specific effects, concurrency, GC/weak-reference introspection, unsafe objects or C bindings; reconsider with equivalent runtime facilities
sandmark	benchmarks/multicore-minilight/parallel/minilight_multicore.exe	minilight_multicore	minilight_multicore	M5	defer	numerical		not stated in scanned source headers	6f5fc7b452d93831c6825381a6ac7f8d6dfdbf0878770806af607015bec59a36	benchmarks/multicore-minilight/parallel/camera.ml;benchmarks/multicore-minilight/parallel/dune;benchmarks/multicore-minilight/parallel/image.ml;benchmarks/multicore-minilight/parallel/minilight_multicore.ml;benchmarks/multicore-minilight/parallel/rayTracer.ml;benchmarks/multicore-minilight/parallel/scene.ml;benchmarks/multicore-minilight/parallel/spatialIndex.ml;benchmarks/multicore-minilight/parallel/surfacePoint.ml;benchmarks/multicore-minilight/parallel/triangle.ml;benchmarks/multicore-minilight/parallel/vector3f.ml		LICENSE.md;benchmarks/multicore-minilight/parallel/LICENSE.txt;benchmarks/multicore-minilight/parallel/camera.ml:header;benchmarks/multicore-minilight/parallel/image.ml:header;benchmarks/multicore-minilight/parallel/minilight_multicore.ml:header;benchmarks/multicore-minilight/parallel/rayTracer.ml:header;benchmarks/multicore-minilight/parallel/scene.ml:header;benchmarks/multicore-minilight/parallel/spatialIndex.ml:header;benchmarks/multicore-minilight/parallel/surfacePoint.ml:header;benchmarks/multicore-minilight/parallel/triangle.ml:header;benchmarks/multicore-minilight/parallel/vector3f.ml:header	benchmarks/multicore-minilight/parallel/dune;multicore_parallel_navajo_run_config.json;multicore_parallel_run_config.json	source uses OCaml-specific effects, concurrency, GC/weak-reference introspection, unsafe objects or C bindings; reconsider with equivalent runtime facilities
sandmark	benchmarks/multicore-minilight/sequential/minilight.exe	minilight	minilight	M5	import	numerical	sandmark:minilight-ocaml	not stated in scanned source headers	31554f6f678d965245ba3a736f14fc64ba8c0cc863ac5c0b47bbc1c9babeae09	benchmarks/multicore-minilight/sequential/camera.ml;benchmarks/multicore-minilight/sequential/dune;benchmarks/multicore-minilight/sequential/image.ml;benchmarks/multicore-minilight/sequential/minilight.ml;benchmarks/multicore-minilight/sequential/rayTracer.ml;benchmarks/multicore-minilight/sequential/scene.ml;benchmarks/multicore-minilight/sequential/spatialIndex.ml;benchmarks/multicore-minilight/sequential/surfacePoint.ml;benchmarks/multicore-minilight/sequential/triangle.ml;benchmarks/multicore-minilight/sequential/vector3f.ml		LICENSE.md;benchmarks/multicore-minilight/sequential/LICENSE.txt;benchmarks/multicore-minilight/sequential/camera.ml:header;benchmarks/multicore-minilight/sequential/image.ml:header;benchmarks/multicore-minilight/sequential/minilight.ml:header;benchmarks/multicore-minilight/sequential/rayTracer.ml:header;benchmarks/multicore-minilight/sequential/scene.ml:header;benchmarks/multicore-minilight/sequential/spatialIndex.ml:header;benchmarks/multicore-minilight/sequential/surfacePoint.ml:header;benchmarks/multicore-minilight/sequential/triangle.ml:header;benchmarks/multicore-minilight/sequential/vector3f.ml:header	benchmarks/multicore-minilight/sequential/dune;multicore_parallel_navajo_run_config.json;multicore_parallel_run_config.json	portable workload; retain algorithm and review driver, numeric assumptions, fixtures and notices before import
sandmark	benchmarks/multicore-numerical/LU_decomposition.exe	LU_decomposition	LU_decomposition	M5	import	numerical		not stated in scanned source headers	0e3b476e1a77b649dbec06ff55d1d229f4ca1266b51ff5663c9b85b4f727409c	benchmarks/multicore-numerical/LU_decomposition.ml;benchmarks/multicore-numerical/dune		LICENSE.md;benchmarks/multicore-numerical/LICENSE	benchmarks/multicore-numerical/dune;multicore_parallel_navajo_run_config.json;multicore_parallel_run_config.json;run_config.json	portable workload; retain algorithm and review driver, numeric assumptions, fixtures and notices before import
sandmark	benchmarks/multicore-numerical/LU_decomposition_multicore.exe	LU_decomposition_multicore	LU_decomposition_multicore	M5	defer	numerical		not stated in scanned source headers	3a63b57b6ffe4f0676b82df9ca9a4668cb7204a147229e139a464b0abd7b7199	benchmarks/multicore-numerical/LU_decomposition_multicore.ml;benchmarks/multicore-numerical/dune		LICENSE.md;benchmarks/multicore-numerical/LICENSE	benchmarks/multicore-numerical/dune;multicore_parallel_navajo_run_config.json;multicore_parallel_run_config.json	source uses OCaml-specific effects, concurrency, GC/weak-reference introspection, unsafe objects or C bindings; reconsider with equivalent runtime facilities
sandmark	benchmarks/multicore-numerical/binarytrees5_multicore.exe	binarytrees5_multicore	binarytrees5_multicore	M5	defer	allocation-lifetimes		not stated in scanned source headers	044d2134d92a986b6b3789c1b92b72d07976c6d107ffd8f5a43bebf4bc9f9c37	benchmarks/multicore-numerical/binarytrees5_multicore.ml;benchmarks/multicore-numerical/dune		LICENSE.md;benchmarks/multicore-numerical/LICENSE	benchmarks/multicore-numerical/dune;multicore_parallel_navajo_run_config.json;multicore_parallel_run_config.json	source uses OCaml-specific effects, concurrency, GC/weak-reference introspection, unsafe objects or C bindings; reconsider with equivalent runtime facilities
sandmark	benchmarks/multicore-numerical/evolutionary_algorithm.exe	evolutionary_algorithm	evolutionary_algorithm	M5	import	kernel		not stated in scanned source headers	1a7aba536218d9808f5dfbe470e8720495c7cc2f2a61339e331676767c4e96be	benchmarks/multicore-numerical/dune;benchmarks/multicore-numerical/evolutionary_algorithm.ml		LICENSE.md;benchmarks/multicore-numerical/LICENSE	benchmarks/multicore-numerical/dune;multicore_parallel_navajo_run_config.json;multicore_parallel_run_config.json;run_config.json	portable workload; retain algorithm and review driver, numeric assumptions, fixtures and notices before import
sandmark	benchmarks/multicore-numerical/evolutionary_algorithm_multicore.exe	evolutionary_algorithm_multicore	evolutionary_algorithm_multicore	M5	defer	kernel		not stated in scanned source headers	1815d0513615e303f5cdacd32062bc7e97ca62ce8995ffac7e1b24145781e5ef	benchmarks/multicore-numerical/dune;benchmarks/multicore-numerical/evolutionary_algorithm_multicore.ml		LICENSE.md;benchmarks/multicore-numerical/LICENSE	benchmarks/multicore-numerical/dune;multicore_parallel_navajo_run_config.json;multicore_parallel_run_config.json	source uses OCaml-specific effects, concurrency, GC/weak-reference introspection, unsafe objects or C bindings; reconsider with equivalent runtime facilities
sandmark	benchmarks/multicore-numerical/fannkuchredux_multicore.exe	fannkuchredux_multicore	fannkuchredux_multicore	M5	defer	kernel		Paolo Ribeca, August 2011	bd3f195f6f13bd179ce09713cfa86c1acbb11f7fbefb332eb4b55f08f66ebfad	benchmarks/multicore-numerical/dune;benchmarks/multicore-numerical/fannkuchredux_multicore.ml		LICENSE.md;benchmarks/multicore-numerical/LICENSE	benchmarks/multicore-numerical/dune;multicore_parallel_navajo_run_config.json;multicore_parallel_run_config.json	source uses OCaml-specific effects, concurrency, GC/weak-reference introspection, unsafe objects or C bindings; reconsider with equivalent runtime facilities
sandmark	benchmarks/multicore-numerical/floyd_warshall.exe	floyd_warshall	floyd_warshall	M5	import	kernel		not stated in scanned source headers	f9e05b9c6a9a20872d0e60b69ee05202f2c73f96762948e1451a2b908c15dc51	benchmarks/multicore-numerical/dune;benchmarks/multicore-numerical/floyd_warshall.ml		LICENSE.md;benchmarks/multicore-numerical/LICENSE	benchmarks/multicore-numerical/dune;multicore_parallel_navajo_run_config.json;multicore_parallel_run_config.json;run_config.json	portable workload; retain algorithm and review driver, numeric assumptions, fixtures and notices before import
sandmark	benchmarks/multicore-numerical/floyd_warshall_multicore.exe	floyd_warshall_multicore	floyd_warshall_multicore	M5	defer	kernel		not stated in scanned source headers	c85be92faaabc9f0a7767ce9af3e03277d97c8372886ac3f3c6bb733acbdea4c	benchmarks/multicore-numerical/dune;benchmarks/multicore-numerical/floyd_warshall_multicore.ml		LICENSE.md;benchmarks/multicore-numerical/LICENSE	benchmarks/multicore-numerical/dune;multicore_parallel_navajo_run_config.json;multicore_parallel_run_config.json	source uses OCaml-specific effects, concurrency, GC/weak-reference introspection, unsafe objects or C bindings; reconsider with equivalent runtime facilities
sandmark	benchmarks/multicore-numerical/game_of_life.exe	game_of_life	game_of_life	M5	import	kernel		not stated in scanned source headers	20de7cab89800fcb3a861ab4851a114d8a8232c265ad4939101cf7999e7ac45f	benchmarks/multicore-numerical/dune;benchmarks/multicore-numerical/game_of_life.ml		LICENSE.md;benchmarks/multicore-numerical/LICENSE	benchmarks/multicore-numerical/dune;multicore_parallel_navajo_run_config.json;multicore_parallel_run_config.json;run_config.json	portable workload; retain algorithm and review driver, numeric assumptions, fixtures and notices before import
sandmark	benchmarks/multicore-numerical/game_of_life_multicore.exe	game_of_life_multicore	game_of_life_multicore	M5	defer	kernel		not stated in scanned source headers	19c8c9812e53a31a10f8cd05306c36b221ca91926649a4a5962d2e625339c925	benchmarks/multicore-numerical/dune;benchmarks/multicore-numerical/game_of_life_multicore.ml		LICENSE.md;benchmarks/multicore-numerical/LICENSE	benchmarks/multicore-numerical/dune;multicore_parallel_navajo_run_config.json;multicore_parallel_run_config.json	source uses OCaml-specific effects, concurrency, GC/weak-reference introspection, unsafe objects or C bindings; reconsider with equivalent runtime facilities
sandmark	benchmarks/multicore-numerical/mandelbrot6_multicore.exe	mandelbrot6_multicore	mandelbrot6_multicore	M5	defer	numerical		Paolo Ribeca	65e2fb12db1263be129ed32ce14aed682d99914eb2756f0507fad16e56ca4212	benchmarks/multicore-numerical/dune;benchmarks/multicore-numerical/mandelbrot6_multicore.ml		LICENSE.md;benchmarks/multicore-numerical/LICENSE	benchmarks/multicore-numerical/dune;multicore_parallel_navajo_run_config.json;multicore_parallel_run_config.json	source uses OCaml-specific effects, concurrency, GC/weak-reference introspection, unsafe objects or C bindings; reconsider with equivalent runtime facilities
sandmark	benchmarks/multicore-numerical/mandelbrot6_multiprocess.exe	mandelbrot6_multiprocess	mandelbrot6_multiprocess	M5	defer	numerical		Paolo Ribeca	1c1d5d078bfca3da8322bfb5d4a365c251a4f24f60503ff634e843167591c270	benchmarks/multicore-numerical/dune;benchmarks/multicore-numerical/mandelbrot6_multiprocess.ml		LICENSE.md;benchmarks/multicore-numerical/LICENSE	benchmarks/multicore-numerical/dune	source uses OCaml-specific effects, concurrency, GC/weak-reference introspection, unsafe objects or C bindings; reconsider with equivalent runtime facilities
sandmark	benchmarks/multicore-numerical/matrix_multiplication.exe	matrix_multiplication	matrix_multiplication	M5	import	numerical		not stated in scanned source headers	917739780e6b3af554e572c70d5722aec891b156613bda11a9bf3feb48b153ec	benchmarks/multicore-numerical/dune;benchmarks/multicore-numerical/matrix_multiplication.ml		LICENSE.md;benchmarks/multicore-numerical/LICENSE	benchmarks/multicore-numerical/dune;multicore_parallel_navajo_run_config.json;multicore_parallel_run_config.json;run_config.json	portable workload; retain algorithm and review driver, numeric assumptions, fixtures and notices before import
sandmark	benchmarks/multicore-numerical/matrix_multiplication_multicore.exe	matrix_multiplication_multicore	matrix_multiplication_multicore	M5	defer	numerical		not stated in scanned source headers	cd00d6ed78e2d8895f473457f4d2b6d4f215636324774f8d02ef5845c67d2566	benchmarks/multicore-numerical/dune;benchmarks/multicore-numerical/matrix_multiplication_multicore.ml		LICENSE.md;benchmarks/multicore-numerical/LICENSE	benchmarks/multicore-numerical/dune;multicore_parallel_navajo_run_config.json;multicore_parallel_run_config.json	source uses OCaml-specific effects, concurrency, GC/weak-reference introspection, unsafe objects or C bindings; reconsider with equivalent runtime facilities
sandmark	benchmarks/multicore-numerical/matrix_multiplication_tiling_multicore.exe	matrix_multiplication_tiling_multicore	matrix_multiplication_tiling_multicore	M5	defer	numerical		not stated in scanned source headers	883bb1f6cd41e6b2d5e67e42cbfcb02b9883d5ce0752a33b3f31e341abe16282	benchmarks/multicore-numerical/dune;benchmarks/multicore-numerical/matrix_multiplication_tiling_multicore.ml		LICENSE.md;benchmarks/multicore-numerical/LICENSE	benchmarks/multicore-numerical/dune;multicore_parallel_run_config.json	source uses OCaml-specific effects, concurrency, GC/weak-reference introspection, unsafe objects or C bindings; reconsider with equivalent runtime facilities
sandmark	benchmarks/multicore-numerical/mergesort.exe	mergesort	mergesort	M5	import	lists-streams		not stated in scanned source headers	b7065e9ea16814eb4c327b990c1745f697b85ce5b87d21b3e28b1457ad06789e	benchmarks/multicore-numerical/dune;benchmarks/multicore-numerical/mergesort.ml		LICENSE.md;benchmarks/multicore-numerical/LICENSE	benchmarks/multicore-numerical/dune;multicore_parallel_navajo_run_config.json;multicore_parallel_run_config.json;run_config.json	portable workload; retain algorithm and review driver, numeric assumptions, fixtures and notices before import
sandmark	benchmarks/multicore-numerical/mergesort_multicore.exe	mergesort_multicore	mergesort_multicore	M5	defer	lists-streams		not stated in scanned source headers	6fd7774d925995df6fa80a966a79bc42859c40b954a96966170b66dd49d47711	benchmarks/multicore-numerical/dune;benchmarks/multicore-numerical/mergesort_multicore.ml		LICENSE.md;benchmarks/multicore-numerical/LICENSE	benchmarks/multicore-numerical/dune;multicore_parallel_navajo_run_config.json;multicore_parallel_run_config.json	source uses OCaml-specific effects, concurrency, GC/weak-reference introspection, unsafe objects or C bindings; reconsider with equivalent runtime facilities
sandmark	benchmarks/multicore-numerical/nbody.exe	nbody	nbody-sandmark-multicore-numerical	M5	import	numerical	nofib:parallel/nbody;sandmark:benchmarks/benchmarksgame/nbody.exe;smlnj:programs/nbody	Troestler Christophe	613c606d77eb998d1fe7ae2d686c790bf6b6a7b65273f6af5a0aae4f9ca1b413	benchmarks/multicore-numerical/dune;benchmarks/multicore-numerical/nbody.ml		LICENSE.md;benchmarks/multicore-numerical/LICENSE	benchmarks/multicore-numerical/dune;multicore_parallel_navajo_run_config.json;multicore_parallel_run_config.json	portable workload; retain algorithm and review driver, numeric assumptions, fixtures and notices before import
sandmark	benchmarks/multicore-numerical/nbody_multicore.exe	nbody_multicore	nbody_multicore	M5	defer	numerical		Troestler Christophe	b58ab676dc74cc5900a2303701d0def9a93c515173dddccd0e5cf90e59e93f66	benchmarks/multicore-numerical/dune;benchmarks/multicore-numerical/nbody_multicore.ml		LICENSE.md;benchmarks/multicore-numerical/LICENSE	benchmarks/multicore-numerical/dune;multicore_parallel_navajo_run_config.json;multicore_parallel_run_config.json	source uses OCaml-specific effects, concurrency, GC/weak-reference introspection, unsafe objects or C bindings; reconsider with equivalent runtime facilities
sandmark	benchmarks/multicore-numerical/nqueens.exe	nqueens	nqueens	M5	import	symbolic-search		not stated in scanned source headers	754b535cb5934e1d784061ba6954f177c194c948a3c54ff6d1a467fcf6332684	benchmarks/multicore-numerical/dune;benchmarks/multicore-numerical/nqueens.ml		LICENSE.md;benchmarks/multicore-numerical/LICENSE	benchmarks/multicore-numerical/dune;multicore_parallel_navajo_run_config.json;multicore_parallel_run_config.json;run_config.json;run_config_byte.json	portable workload; retain algorithm and review driver, numeric assumptions, fixtures and notices before import
sandmark	benchmarks/multicore-numerical/nqueens_multicore.exe	nqueens_multicore	nqueens_multicore	M5	defer	symbolic-search		not stated in scanned source headers	ef5a3fd8cdbbc144e630e099213c307317ae59f2bc60d7f287df059945d58495	benchmarks/multicore-numerical/dune;benchmarks/multicore-numerical/nqueens_multicore.ml		LICENSE.md;benchmarks/multicore-numerical/LICENSE	benchmarks/multicore-numerical/dune;multicore_parallel_navajo_run_config.json;multicore_parallel_run_config.json	source uses OCaml-specific effects, concurrency, GC/weak-reference introspection, unsafe objects or C bindings; reconsider with equivalent runtime facilities
sandmark	benchmarks/multicore-numerical/quicksort.exe	quicksort	quicksort	M5	import	lists-streams		not stated in scanned source headers	df04b019cb0321f12f9efb031556adc73ebcd3fe41f26cfb9b95bd06e6c0b1c8	benchmarks/multicore-numerical/dune;benchmarks/multicore-numerical/quicksort.ml		LICENSE.md;benchmarks/multicore-numerical/LICENSE	benchmarks/multicore-numerical/dune;multicore_parallel_run_config.json;run_config.json	portable workload; retain algorithm and review driver, numeric assumptions, fixtures and notices before import
sandmark	benchmarks/multicore-numerical/quicksort_multicore.exe	quicksort_multicore	quicksort_multicore	M5	defer	lists-streams		not stated in scanned source headers	a08791bce630a9a0760d830990bd3679c33fe89d549bcacf0561ded929c6061c	benchmarks/multicore-numerical/dune;benchmarks/multicore-numerical/quicksort_multicore.ml		LICENSE.md;benchmarks/multicore-numerical/LICENSE	benchmarks/multicore-numerical/dune;multicore_parallel_run_config.json	source uses OCaml-specific effects, concurrency, GC/weak-reference introspection, unsafe objects or C bindings; reconsider with equivalent runtime facilities
sandmark	benchmarks/multicore-numerical/spectralnorm2_multicore.exe	spectralnorm2_multicore	spectralnorm2_multicore	M5	defer	kernel		Sebastien Loisel	b3522726f288f6416a376193d724216b71dd94e207118fd21b62aa80135e9406	benchmarks/multicore-numerical/dune;benchmarks/multicore-numerical/spectralnorm2_multicore.ml		LICENSE.md;benchmarks/multicore-numerical/LICENSE	benchmarks/multicore-numerical/dune;multicore_parallel_navajo_run_config.json;multicore_parallel_run_config.json	source uses OCaml-specific effects, concurrency, GC/weak-reference introspection, unsafe objects or C bindings; reconsider with equivalent runtime facilities
sandmark	benchmarks/multicore-structures/test_queue_parallel.exe	test_queue_parallel	test_queue_parallel	M5	defer	kernel		not stated in scanned source headers	8fe0f2a8a8c7e3867e089119d79b7ee7da41f3be1c6af2bb71ddb7d73bfcafb4	benchmarks/multicore-structures/dune;benchmarks/multicore-structures/test_queue_parallel.ml		LICENSE.md	benchmarks/multicore-structures/dune;multicore_parallel_run_config.json	source uses OCaml-specific effects, concurrency, GC/weak-reference introspection, unsafe objects or C bindings; reconsider with equivalent runtime facilities
sandmark	benchmarks/multicore-structures/test_queue_sequential.exe	test_queue_sequential	test_queue_sequential	M5	defer	kernel		not stated in scanned source headers	38829a7ce637a5dd22c9b8950fdb8dea6f2f412bfb49084205e12cf00b183b70	benchmarks/multicore-structures/dune;benchmarks/multicore-structures/test_queue_sequential.ml		LICENSE.md	benchmarks/multicore-structures/dune	parallel/runtime-specific executable; retain its original execution model
sandmark	benchmarks/multicore-structures/test_spsc_queue_parallel.exe	test_spsc_queue_parallel	test_spsc_queue_parallel	M5	defer	kernel		not stated in scanned source headers	77669db50d43245f823e51ff4e6f8bfb69c14dccbc0dd61cdee8905fa26b58e1	benchmarks/multicore-structures/dune;benchmarks/multicore-structures/test_spsc_queue_parallel.ml		LICENSE.md	benchmarks/multicore-structures/dune;multicore_parallel_run_config.json	source uses OCaml-specific effects, concurrency, GC/weak-reference introspection, unsafe objects or C bindings; reconsider with equivalent runtime facilities
sandmark	benchmarks/multicore-structures/test_spsc_queue_pingpong_parallel.exe	test_spsc_queue_pingpong_parallel	test_spsc_queue_pingpong_parallel	M5	defer	kernel		not stated in scanned source headers	432c55281b7b64e3fc937fc2fde387474235627c90cdace3f396052397c30c17	benchmarks/multicore-structures/dune;benchmarks/multicore-structures/test_spsc_queue_pingpong_parallel.ml		LICENSE.md	benchmarks/multicore-structures/dune;multicore_parallel_run_config.json	source uses OCaml-specific effects, concurrency, GC/weak-reference introspection, unsafe objects or C bindings; reconsider with equivalent runtime facilities
sandmark	benchmarks/multicore-structures/test_spsc_queue_sequential.exe	test_spsc_queue_sequential	test_spsc_queue_sequential	M5	defer	kernel		not stated in scanned source headers	66bbbd0300ca30907c5e665ad997f91d62a4464cc4de4f34bfb4bceb60a6e041	benchmarks/multicore-structures/dune;benchmarks/multicore-structures/test_spsc_queue_sequential.ml		LICENSE.md	benchmarks/multicore-structures/dune	parallel/runtime-specific executable; retain its original execution model
sandmark	benchmarks/multicore-structures/test_stack_parallel.exe	test_stack_parallel	test_stack_parallel	M5	defer	calls-recursion		not stated in scanned source headers	654da852039219a255f9eeb7037cc28e58d7bc57127d78dd59392a2bff0e1fab	benchmarks/multicore-structures/dune;benchmarks/multicore-structures/test_stack_parallel.ml		LICENSE.md	benchmarks/multicore-structures/dune;multicore_parallel_run_config.json	source uses OCaml-specific effects, concurrency, GC/weak-reference introspection, unsafe objects or C bindings; reconsider with equivalent runtime facilities
sandmark	benchmarks/multicore-structures/test_stack_sequential.exe	test_stack_sequential	test_stack_sequential	M5	defer	calls-recursion		not stated in scanned source headers	43d08d4a1dd83b027db9494b2294e0f1288bd0b4030790261748f3f070ec9597	benchmarks/multicore-structures/dune;benchmarks/multicore-structures/test_stack_sequential.ml		LICENSE.md	benchmarks/multicore-structures/dune	parallel/runtime-specific executable; retain its original execution model
sandmark	benchmarks/numerical-analysis/crout_decomposition.exe	crout-decomposition	crout-decomposition	M5	import	numerical		not stated in scanned source headers	c4781f7519572cbb1cb4e19ab19954d9b351623d8d814edee4401a3888bbdde5	benchmarks/numerical-analysis/crout_decomposition.ml;benchmarks/numerical-analysis/dune		LICENSE.md;benchmarks/numerical-analysis/LICENSE;benchmarks/numerical-analysis/README.md:header;benchmarks/numerical-analysis/crout_decomposition.ml:header	benchmarks/numerical-analysis/README.md;benchmarks/numerical-analysis/dune;run_config.json;run_config_byte.json	portable workload; retain algorithm and review driver, numeric assumptions, fixtures and notices before import
sandmark	benchmarks/numerical-analysis/durand_kerner_aberth.exe	durand-kerner-aberth	durand-kerner-aberth	M5	import	numerical		not stated in scanned source headers	cec70baf8d2583305e7ef6b347f40570fb399439158bf8f18e42694740b48d77	benchmarks/numerical-analysis/dune;benchmarks/numerical-analysis/durand_kerner_aberth.ml		LICENSE.md;benchmarks/numerical-analysis/LICENSE;benchmarks/numerical-analysis/README.md:header;benchmarks/numerical-analysis/durand_kerner_aberth.ml:header	benchmarks/numerical-analysis/README.md;benchmarks/numerical-analysis/dune;run_config.json;run_config_byte.json	portable workload; retain algorithm and review driver, numeric assumptions, fixtures and notices before import
sandmark	benchmarks/numerical-analysis/fft.exe	fft	fft-sandmark	M5	import	numerical	mlkit:test/fft.sml;mlkit:test_dev/fft_no_basislib.sml;mlton:benchmark/tests/fft.sml;nofib:parallel/OLD/NESL/fft.lhs;nofib:spectral/hartel/fft;smlnj:programs/fft	not stated in scanned source headers	094d9b6e0af360e96fa05049dede98abef3cd9f138021cf0dc685f84a8b44904	benchmarks/numerical-analysis/dune;benchmarks/numerical-analysis/fft.ml		LICENSE.md;benchmarks/numerical-analysis/LICENSE;benchmarks/numerical-analysis/README.md:header	benchmarks/numerical-analysis/README.md;benchmarks/numerical-analysis/dune;run_config.json;run_config_byte.json	portable workload; retain algorithm and review driver, numeric assumptions, fixtures and notices before import
sandmark	benchmarks/numerical-analysis/levinson_durbin.exe	levinson-durbin	levinson-durbin	M5	import	numerical		not stated in scanned source headers	a7ccdabe16b3b94cc6234938f5ee395b5f78b450f4893e742bb89b5b429a2833	benchmarks/numerical-analysis/dune;benchmarks/numerical-analysis/levinson_durbin.ml;benchmarks/numerical-analysis/levinson_durbin_dataset.ml		LICENSE.md;benchmarks/numerical-analysis/LICENSE;benchmarks/numerical-analysis/README.md:header;benchmarks/numerical-analysis/levinson_durbin.ml:header	benchmarks/numerical-analysis/README.md;benchmarks/numerical-analysis/dune;run_config.json;run_config_byte.json	portable workload; retain algorithm and review driver, numeric assumptions, fixtures and notices before import
sandmark	benchmarks/numerical-analysis/naive_multilayer.exe	naive-multilayer	naive-multilayer	M5	import	application		not stated in scanned source headers	b7c7f8a9118f21f095c2cf52c7b5743882592b0a4ad0ada8581cd5270a134510	benchmarks/numerical-analysis/dune;benchmarks/numerical-analysis/naive_multilayer.ml;benchmarks/numerical-analysis/naive_multilayer_dataset.ml		LICENSE.md;benchmarks/numerical-analysis/LICENSE;benchmarks/numerical-analysis/README.md:header;benchmarks/numerical-analysis/naive_multilayer.ml:header	benchmarks/numerical-analysis/README.md;benchmarks/numerical-analysis/dune;run_config.json;run_config_byte.json	portable workload; retain algorithm and review driver, numeric assumptions, fixtures and notices before import
sandmark	benchmarks/numerical-analysis/qr_decomposition.exe	qr-decomposition	qr-decomposition	M5	import	numerical		not stated in scanned source headers	aef868188fbbc8ed03a6d317ccc1f39270a206942d172a57ccda5bbd8a9b32cf	benchmarks/numerical-analysis/dune;benchmarks/numerical-analysis/qr_decomposition.ml		LICENSE.md;benchmarks/numerical-analysis/LICENSE;benchmarks/numerical-analysis/README.md:header;benchmarks/numerical-analysis/qr_decomposition.ml:header	benchmarks/numerical-analysis/README.md;benchmarks/numerical-analysis/dune;run_config.json;run_config_byte.json	portable workload; retain algorithm and review driver, numeric assumptions, fixtures and notices before import
sandmark	benchmarks/owl/owl_gc.exe	owl_gc	owl_gc	M5	defer	allocation-lifetimes		not stated in scanned source headers	f14b1f2e115ba07352b7bd03ce53e5dd5dbb0e3badd28ec146dbd0c912c66d97	benchmarks/owl/dune;benchmarks/owl/owl_gc.ml		LICENSE.md	benchmarks/owl/dune;run_config.json	requires the upstream application/package dependency graph (owl); reconsider with a portable implementation of those dependencies
sandmark	benchmarks/sauvola/contrast.exe	contrast	contrast	M5	import	application		not stated in scanned source headers	9bd8d4f5d5721c07a2ed80ab33dc6aa30c13f1465ae6186cbf24879cb8abbfa2	benchmarks/sauvola/contrast.ml;benchmarks/sauvola/dune		LICENSE.md;benchmarks/sauvola/LICENSE;benchmarks/sauvola/contrast.ml:header	benchmarks/sauvola/Makefile;benchmarks/sauvola/dune	portable workload; retain algorithm and review driver, numeric assumptions, fixtures and notices before import
sandmark	benchmarks/sequence/sequence_cps.exe	sequence_cps	sequence_cps	M5	import	kernel		not stated in scanned source headers	4c8cd9c4e2d337f34d2a00c6ef5ff83a516212bb4164dd78d4b78bd3f5db9061	benchmarks/sequence/dune;benchmarks/sequence/sequence_cps.ml		LICENSE.md	benchmarks/sequence/dune;run_config.json;run_config_byte.json	portable workload; retain algorithm and review driver, numeric assumptions, fixtures and notices before import
sandmark	benchmarks/simple-tests/alloc.exe	alloc	alloc	M5	import	allocation-lifetimes		not stated in scanned source headers	851c4d2bde60d027518fcbcae826c91994e8de2faaba212536b96ea70b3bf81f	benchmarks/simple-tests/alloc.ml;benchmarks/simple-tests/dune;benchmarks/simple-tests/finalise-dune.inc;benchmarks/simple-tests/lazy-dune.inc;benchmarks/simple-tests/lists-dune.inc;benchmarks/simple-tests/ocamlcapi-dune.inc;benchmarks/simple-tests/stacks-dune.inc;benchmarks/simple-tests/stress-dune.inc;benchmarks/simple-tests/weak-dune.inc		LICENSE.md	benchmarks/simple-tests/dune;run_config.json;run_config_byte.json	portable workload; retain algorithm and review driver, numeric assumptions, fixtures and notices before import
sandmark	benchmarks/simple-tests/alloc_multicore.exe	alloc_multicore	alloc_multicore	M5	defer	allocation-lifetimes		not stated in scanned source headers	00003795cde11af19f1657a01aa3257dd2800ea579c02d493cac30cea906e172	benchmarks/simple-tests/alloc_multicore.ml;benchmarks/simple-tests/dune;benchmarks/simple-tests/finalise-dune.inc;benchmarks/simple-tests/lazy-dune.inc;benchmarks/simple-tests/lists-dune.inc;benchmarks/simple-tests/ocamlcapi-dune.inc;benchmarks/simple-tests/stacks-dune.inc;benchmarks/simple-tests/stress-dune.inc;benchmarks/simple-tests/weak-dune.inc		LICENSE.md	benchmarks/simple-tests/dune;multicore_parallel_run_config.json	source uses OCaml-specific effects, concurrency, GC/weak-reference introspection, unsafe objects or C bindings; reconsider with equivalent runtime facilities
sandmark	benchmarks/simple-tests/capi.exe	capi	capi	M5	defer	kernel		not stated in scanned source headers	ffd022650ae8cf6014c7ce2511c881829ae801bb493183fc42e7d52563986e3e	benchmarks/simple-tests/capi.ml;benchmarks/simple-tests/dune;benchmarks/simple-tests/finalise-dune.inc;benchmarks/simple-tests/lazy-dune.inc;benchmarks/simple-tests/lists-dune.inc;benchmarks/simple-tests/ocamlcapi-dune.inc;benchmarks/simple-tests/stacks-dune.inc;benchmarks/simple-tests/stress-dune.inc;benchmarks/simple-tests/weak-dune.inc		LICENSE.md	benchmarks/simple-tests/ocamlcapi-dune.inc;run_config.json	source uses OCaml-specific effects, concurrency, GC/weak-reference introspection, unsafe objects or C bindings; reconsider with equivalent runtime facilities
sandmark	benchmarks/simple-tests/finalise.exe	finalise	finalise	M5	defer	allocation-lifetimes		not stated in scanned source headers	d57a8532768f80a9bf2b18a4dd092c41cf90201382b283a47e4231cc96a8fd9a	benchmarks/simple-tests/dune;benchmarks/simple-tests/finalise-dune.inc;benchmarks/simple-tests/finalise.ml;benchmarks/simple-tests/lazy-dune.inc;benchmarks/simple-tests/lists-dune.inc;benchmarks/simple-tests/ocamlcapi-dune.inc;benchmarks/simple-tests/stacks-dune.inc;benchmarks/simple-tests/stress-dune.inc;benchmarks/simple-tests/weak-dune.inc		LICENSE.md	benchmarks/simple-tests/finalise-dune.inc;micro_multicore.json;run_config.json;run_config_byte.json	source uses OCaml-specific effects, concurrency, GC/weak-reference introspection, unsafe objects or C bindings; reconsider with equivalent runtime facilities
sandmark	benchmarks/simple-tests/lazy_primes.exe	lazy_primes	lazy_primes	M5	import	lists-streams		not stated in scanned source headers	4d5fa1b84fcb7a8c3d9e83a43c7bb2861eb16cf0624d47f07115e59f4b4662de	benchmarks/simple-tests/dune;benchmarks/simple-tests/finalise-dune.inc;benchmarks/simple-tests/lazy-dune.inc;benchmarks/simple-tests/lazy_primes.ml;benchmarks/simple-tests/lists-dune.inc;benchmarks/simple-tests/ocamlcapi-dune.inc;benchmarks/simple-tests/stacks-dune.inc;benchmarks/simple-tests/stress-dune.inc;benchmarks/simple-tests/weak-dune.inc		LICENSE.md	benchmarks/simple-tests/lazy-dune.inc;micro_multicore.json	portable workload; retain algorithm and review driver, numeric assumptions, fixtures and notices before import
sandmark	benchmarks/simple-tests/lazylist.exe	lazylist	lazylist	M5	import	lists-streams		not stated in scanned source headers	c52dd237c6ef9d282493be23d8c46b4a1e1670f92773fd72a394957c6dd8f68b	benchmarks/simple-tests/dune;benchmarks/simple-tests/finalise-dune.inc;benchmarks/simple-tests/lazy-dune.inc;benchmarks/simple-tests/lazylist.ml;benchmarks/simple-tests/lists-dune.inc;benchmarks/simple-tests/ocamlcapi-dune.inc;benchmarks/simple-tests/stacks-dune.inc;benchmarks/simple-tests/stress-dune.inc;benchmarks/simple-tests/weak-dune.inc		LICENSE.md	benchmarks/simple-tests/lazy-dune.inc;run_config.json;run_config_byte.json	portable workload; retain algorithm and review driver, numeric assumptions, fixtures and notices before import
sandmark	benchmarks/simple-tests/lists.exe	lists	lists	M5	import	lists-streams		not stated in scanned source headers	311f0288001457bc125dd7b89cf9f29a7d96a39b3d41c75c5ab75b864ee97626	benchmarks/simple-tests/dune;benchmarks/simple-tests/finalise-dune.inc;benchmarks/simple-tests/lazy-dune.inc;benchmarks/simple-tests/lists-dune.inc;benchmarks/simple-tests/lists.ml;benchmarks/simple-tests/ocamlcapi-dune.inc;benchmarks/simple-tests/stacks-dune.inc;benchmarks/simple-tests/stress-dune.inc;benchmarks/simple-tests/weak-dune.inc		LICENSE.md	benchmarks/simple-tests/lists-dune.inc;run_config.json;run_config_byte.json	portable workload; retain algorithm and review driver, numeric assumptions, fixtures and notices before import
sandmark	benchmarks/simple-tests/morestacks.exe	morestacks	morestacks	M5	import	calls-recursion		not stated in scanned source headers	e43fc674a58e161e597b0a01327ef4d6645080eae78402fee5366c12bfc9bda8	benchmarks/simple-tests/dune;benchmarks/simple-tests/finalise-dune.inc;benchmarks/simple-tests/lazy-dune.inc;benchmarks/simple-tests/lists-dune.inc;benchmarks/simple-tests/morestacks.ml;benchmarks/simple-tests/ocamlcapi-dune.inc;benchmarks/simple-tests/stacks-dune.inc;benchmarks/simple-tests/stress-dune.inc;benchmarks/simple-tests/weak-dune.inc		LICENSE.md	benchmarks/simple-tests/dune;run_config.json;run_config_byte.json	portable workload; retain algorithm and review driver, numeric assumptions, fixtures and notices before import
sandmark	benchmarks/simple-tests/pingpong_multicore.exe	pingpong_multicore	pingpong_multicore	M5	defer	kernel		not stated in scanned source headers	89a531740389e25c0fc423b36ebe69030d341c6d549255abffce6ed580d2c1d4	benchmarks/simple-tests/dune;benchmarks/simple-tests/finalise-dune.inc;benchmarks/simple-tests/lazy-dune.inc;benchmarks/simple-tests/lists-dune.inc;benchmarks/simple-tests/ocamlcapi-dune.inc;benchmarks/simple-tests/pingpong_multicore.ml;benchmarks/simple-tests/stacks-dune.inc;benchmarks/simple-tests/stress-dune.inc;benchmarks/simple-tests/weak-dune.inc		LICENSE.md	benchmarks/simple-tests/dune;multicore_parallel_run_config.json	source uses OCaml-specific effects, concurrency, GC/weak-reference introspection, unsafe objects or C bindings; reconsider with equivalent runtime facilities
sandmark	benchmarks/simple-tests/stacks.exe	stacks	stacks	M5	import	calls-recursion		not stated in scanned source headers	3078d8da59f4aea9068eed95d7b2dc68f061fedc121f40984b6684a6bed3703b	benchmarks/simple-tests/dune;benchmarks/simple-tests/finalise-dune.inc;benchmarks/simple-tests/lazy-dune.inc;benchmarks/simple-tests/lists-dune.inc;benchmarks/simple-tests/ocamlcapi-dune.inc;benchmarks/simple-tests/stacks-dune.inc;benchmarks/simple-tests/stacks.ml;benchmarks/simple-tests/stress-dune.inc;benchmarks/simple-tests/weak-dune.inc		LICENSE.md	benchmarks/simple-tests/stacks-dune.inc;run_config.json;run_config_byte.json	portable workload; retain algorithm and review driver, numeric assumptions, fixtures and notices before import
sandmark	benchmarks/simple-tests/stress.exe	stress	stress	M5	import	allocation-lifetimes		not stated in scanned source headers	b1ce175ad45d9829de1ce2aec5ac797a84254d79be1250c373dc2faa3c740f73	benchmarks/simple-tests/dune;benchmarks/simple-tests/finalise-dune.inc;benchmarks/simple-tests/lazy-dune.inc;benchmarks/simple-tests/lists-dune.inc;benchmarks/simple-tests/ocamlcapi-dune.inc;benchmarks/simple-tests/stacks-dune.inc;benchmarks/simple-tests/stress-dune.inc;benchmarks/simple-tests/stress.ml;benchmarks/simple-tests/weak-dune.inc		LICENSE.md	benchmarks/simple-tests/stress-dune.inc;run_config.json;run_config_byte.json	portable workload; retain algorithm and review driver, numeric assumptions, fixtures and notices before import
sandmark	benchmarks/simple-tests/weak_htbl.exe	weak_htbl	weak_htbl	M5	defer	allocation-lifetimes		not stated in scanned source headers	210c603a37afa5222c01a2e1805906f762f57df00303b0456fc78dccab57063d	benchmarks/simple-tests/dune;benchmarks/simple-tests/finalise-dune.inc;benchmarks/simple-tests/lazy-dune.inc;benchmarks/simple-tests/lists-dune.inc;benchmarks/simple-tests/ocamlcapi-dune.inc;benchmarks/simple-tests/stacks-dune.inc;benchmarks/simple-tests/stress-dune.inc;benchmarks/simple-tests/weak-dune.inc;benchmarks/simple-tests/weak_htbl.ml		LICENSE.md	benchmarks/simple-tests/weak-dune.inc	source uses OCaml-specific effects, concurrency, GC/weak-reference introspection, unsafe objects or C bindings; reconsider with equivalent runtime facilities
sandmark	benchmarks/simple-tests/weakretain.exe	weakretain	weakretain	M5	defer	allocation-lifetimes		not stated in scanned source headers	f41f671f840937356d2d7b62df8d668695b5b0b231a12a6291e7aaf0eb3c4bd6	benchmarks/simple-tests/dune;benchmarks/simple-tests/finalise-dune.inc;benchmarks/simple-tests/lazy-dune.inc;benchmarks/simple-tests/lists-dune.inc;benchmarks/simple-tests/ocamlcapi-dune.inc;benchmarks/simple-tests/stacks-dune.inc;benchmarks/simple-tests/stress-dune.inc;benchmarks/simple-tests/weak-dune.inc;benchmarks/simple-tests/weakretain.ml		LICENSE.md	benchmarks/simple-tests/weak-dune.inc;micro_multicore.json;run_config.json;run_config_byte.json	source uses OCaml-specific effects, concurrency, GC/weak-reference introspection, unsafe objects or C bindings; reconsider with equivalent runtime facilities
sandmark	benchmarks/soli/soli.exe	soli	soli	M5	defer	kernel		not stated in scanned source headers	4b1ffe7e17f181487532712b46ceb2a1f0c57a59d3dc1ff33cef9e9a99809425	benchmarks/soli/dune;benchmarks/soli/soli.ml		LICENSE.md	benchmarks/soli/dune;run_config.json;run_config_byte.json	requires the upstream application/package dependency graph (soli); reconsider with a portable implementation of those dependencies
sandmark	benchmarks/stdlib/array_bench.exe	array_bench	array_bench	M5	import	numerical		not stated in scanned source headers	b465d7b2e334b8a4092ccfc1fb543e90221dbf338d63ee13cd745aef6954f0c4	benchmarks/stdlib/array_bench.ml;benchmarks/stdlib/dune		LICENSE.md	run_config.json;run_config_byte.json	portable workload; retain algorithm and review driver, numeric assumptions, fixtures and notices before import
sandmark	benchmarks/stdlib/big_array_bench.exe	big_array_bench	big_array_bench	M5	import	numerical		not stated in scanned source headers	f4535649604b8ab895384c1fe782a848ebc9d67ce371b0cfe9a6ddf3bdc71fb9	benchmarks/stdlib/big_array_bench.ml;benchmarks/stdlib/dune		LICENSE.md	run_config.json;run_config_byte.json	portable workload; retain algorithm and review driver, numeric assumptions, fixtures and notices before import
sandmark	benchmarks/stdlib/bytes_bench.exe	bytes_bench	bytes_bench	M5	import	kernel		not stated in scanned source headers	a3de418b18f37616d7a748c3dd1a4d75e9f306ebb301a175926a5b43dedb9b08	benchmarks/stdlib/bytes_bench.ml;benchmarks/stdlib/dune		LICENSE.md	run_config.json;run_config_byte.json	portable workload; retain algorithm and review driver, numeric assumptions, fixtures and notices before import
sandmark	benchmarks/stdlib/hashtbl_bench.exe	hashtbl_bench	hashtbl_bench	M5	import	kernel		not stated in scanned source headers	ff852d6a978c06cd3edfb2ee2c7cf99e3c4f1919b9c0b2d1391694925c205cd3	benchmarks/stdlib/dune;benchmarks/stdlib/hashtbl_bench.ml		LICENSE.md	run_config.json;run_config_byte.json	portable workload; retain algorithm and review driver, numeric assumptions, fixtures and notices before import
sandmark	benchmarks/stdlib/map_bench.exe	map_bench	map_bench	M5	import	kernel		not stated in scanned source headers	ac86bdb7dcd540903ef552fd9f0f625b8ea1358a0a46bd968ee63cbe2627ac61	benchmarks/stdlib/dune;benchmarks/stdlib/map_bench.ml		LICENSE.md	run_config.json;run_config_byte.json	portable workload; retain algorithm and review driver, numeric assumptions, fixtures and notices before import
sandmark	benchmarks/stdlib/pervasives_bench.exe	pervasives_bench	pervasives_bench	M5	import	kernel		not stated in scanned source headers	3efcc20f36551508239661f28e3888508d0d148469085e9460321f2845db61e6	benchmarks/stdlib/dune;benchmarks/stdlib/pervasives_bench.ml		LICENSE.md	run_config.json;run_config_byte.json	portable workload; retain algorithm and review driver, numeric assumptions, fixtures and notices before import
sandmark	benchmarks/stdlib/set_bench.exe	set_bench	set_bench	M5	import	kernel		not stated in scanned source headers	1258990ac497ade853f122d9222283cfe0ee2228f63c4a490197c03a1df00d0c	benchmarks/stdlib/dune;benchmarks/stdlib/set_bench.ml		LICENSE.md	run_config.json;run_config_byte.json	portable workload; retain algorithm and review driver, numeric assumptions, fixtures and notices before import
sandmark	benchmarks/stdlib/stack_bench.exe	stack_bench	stack_bench	M5	import	calls-recursion		not stated in scanned source headers	0dc0001b3c740f2f7183e5f24f57d6c1f3c0340d75bb6564249cd1ae8d7cc384	benchmarks/stdlib/dune;benchmarks/stdlib/stack_bench.ml		LICENSE.md	run_config.json;run_config_byte.json	portable workload; retain algorithm and review driver, numeric assumptions, fixtures and notices before import
sandmark	benchmarks/stdlib/str_bench.exe	str_bench	str_bench	M5	import	kernel		not stated in scanned source headers	8983afc0333a7e0e037667ad9265aea0292ff301e240f7a6985978e5741bc122	benchmarks/stdlib/dune;benchmarks/stdlib/str_bench.ml		LICENSE.md	run_config.json;run_config_byte.json	portable workload; retain algorithm and review driver, numeric assumptions, fixtures and notices before import
sandmark	benchmarks/stdlib/string_bench.exe	string_bench	string_bench	M5	import	kernel		not stated in scanned source headers	08d9a17dd63b8b757cbfffcb4153a01507ba3a6b00e7ab3a999f4c523496e3d9	benchmarks/stdlib/dune;benchmarks/stdlib/string_bench.ml		LICENSE.md	run_config.json;run_config_byte.json	portable workload; retain algorithm and review driver, numeric assumptions, fixtures and notices before import
sandmark	benchmarks/thread-lwt/thread_ring_lwt_mvar.exe	thread_ring_lwt_mvar	thread_ring_lwt_mvar	M5	defer	kernel		not stated in scanned source headers	9330e2e18d53d8020b96d372cae5612c3db5caf0f187c8a7f8a13f8b8640cfc3	benchmarks/thread-lwt/dune;benchmarks/thread-lwt/thread_ring_lwt_mvar.ml		LICENSE.md	benchmarks/thread-lwt/dune;run_config.json;run_config_byte.json	requires the upstream application/package dependency graph (thread-lwt); reconsider with a portable implementation of those dependencies
sandmark	benchmarks/thread-lwt/thread_ring_lwt_stream.exe	thread_ring_lwt_stream	thread_ring_lwt_stream	M5	defer	kernel		not stated in scanned source headers	a13e755607c1f75df3f1762761f228eeb1c25a58c06a1d2f86a421c0231efcf3	benchmarks/thread-lwt/dune;benchmarks/thread-lwt/thread_ring_lwt_stream.ml		LICENSE.md	benchmarks/thread-lwt/dune;run_config.json;run_config_byte.json	requires the upstream application/package dependency graph (thread-lwt); reconsider with a portable implementation of those dependencies
sandmark	benchmarks/valet/test_lwt.exe	test_lwt	test_lwt	M5	defer	kernel		not stated in scanned source headers	56f5ca2d3a1246fe7efc4b737f5ec6b3ea2e9f0166434229320a77d6802fcf01	benchmarks/valet/dune;benchmarks/valet/test_lwt.ml		LICENSE.md	benchmarks/valet/dune;run_config.json;run_config_byte.json	source uses OCaml-specific effects, concurrency, GC/weak-reference introspection, unsafe objects or C bindings; reconsider with equivalent runtime facilities
sandmark	benchmarks/yojson/ydump.exe	yojson_ydump	yojson_ydump	M5	defer	kernel		not stated in scanned source headers	bb104c896a312f3401ab6b41601f9dac22276c11cece686d82cc8f853513a1b6	benchmarks/yojson/dune;benchmarks/yojson/ydump.ml		LICENSE.md;benchmarks/yojson/ydump.ml:header	benchmarks/yojson/dune;run_config.json;run_config_byte.json	requires the upstream application/package dependency graph (yojson); reconsider with a portable implementation of those dependencies
sandmark	benchmarks/zarith/zarith_fact.exe	zarith_fact	zarith_fact	M5	import	numerical		not stated in scanned source headers	114057cacb98f87217dc63226391fac21c4c831e12328e88270d6eecd09e5d0a	benchmarks/zarith/dune;benchmarks/zarith/zarith_fact.ml		LICENSE.md	benchmarks/zarith/dune;run_config.json;run_config_byte.json	portable workload; retain algorithm and review driver, numeric assumptions, fixtures and notices before import
sandmark	benchmarks/zarith/zarith_fib.exe	zarith_fib	zarith_fib	M5	import	numerical		not stated in scanned source headers	912037e494d2d291523414da1551214c43c61c50892fcb31c9b861d03cf16b4f	benchmarks/zarith/dune;benchmarks/zarith/zarith_fib.ml		LICENSE.md	benchmarks/zarith/dune;run_config.json;run_config_byte.json	portable workload; retain algorithm and review driver, numeric assumptions, fixtures and notices before import
sandmark	benchmarks/zarith/zarith_pi.exe	zarith_pi	zarith_pi	M5	import	numerical		not stated in scanned source headers	15619da1304c053139dc2893ee3988c28755cc0822b054c6aa34eac30e124e4b	benchmarks/zarith/dune;benchmarks/zarith/zarith_pi.ml		LICENSE.md	benchmarks/zarith/dune;run_config.json;run_config_byte.json	portable workload; retain algorithm and review driver, numeric assumptions, fixtures and notices before import
sandmark	benchmarks/zarith/zarith_tak.exe	zarith_tak	zarith_tak	M5	import	numerical		not stated in scanned source headers	44a034cf23c2f970212751a0cb874f59506ac47ef32dd6611b36605731afa232	benchmarks/zarith/dune;benchmarks/zarith/zarith_tak.ml		LICENSE.md	benchmarks/zarith/dune;run_config.json;run_config_byte.json	portable workload; retain algorithm and review driver, numeric assumptions, fixtures and notices before import
sandmark	benchmarks/zdd/zdd.exe	zdd	zdd	M5	defer	symbolic-search		not stated in scanned source headers	b03ce758d9607ffc6619a885e46a1653e601e807fe7e01dd91116fff1f8beedc	benchmarks/zdd/dune;benchmarks/zdd/zdd.ml		LICENSE.md	benchmarks/zdd/dune;run_config.json	source uses OCaml-specific effects, concurrency, GC/weak-reference introspection, unsafe objects or C bindings; reconsider with equivalent runtime facilities
sandmark	coqc	coq	coq	M5	defer	kernel		not stated in scanned source headers	e3b0c44298fc1c149afbf4c8996fb92427ae41e4649b934ca495991b7852b855			dependencies/template/*.opam (package sources and notices)	run_config.json	requires the upstream application/package dependency graph (external); reconsider with a portable implementation of those dependencies
sandmark	cpdf	cpdf	cpdf	M5	defer	kernel		not stated in scanned source headers	e3b0c44298fc1c149afbf4c8996fb92427ae41e4649b934ca495991b7852b855			dependencies/template/*.opam (package sources and notices)	run_config.json	requires the upstream application/package dependency graph (external); reconsider with a portable implementation of those dependencies
sandmark	cubicle	cubicle	cubicle	M5	defer	kernel		not stated in scanned source headers	e3b0c44298fc1c149afbf4c8996fb92427ae41e4649b934ca495991b7852b855			dependencies/template/*.opam (package sources and notices)	run_config.json	requires the upstream application/package dependency graph (external); reconsider with a portable implementation of those dependencies
sandmark	frama-c	frama-c	frama-c	M5	defer	kernel		not stated in scanned source headers	e3b0c44298fc1c149afbf4c8996fb92427ae41e4649b934ca495991b7852b855			dependencies/template/*.opam (package sources and notices)	run_config.json	requires the upstream application/package dependency graph (external); reconsider with a portable implementation of those dependencies
sandmark	js_of_ocaml	js_of_ocaml	js_of_ocaml	M5	defer	kernel		not stated in scanned source headers	e3b0c44298fc1c149afbf4c8996fb92427ae41e4649b934ca495991b7852b855			dependencies/template/*.opam (package sources and notices)	run_config.json	requires the upstream application/package dependency graph (external); reconsider with a portable implementation of those dependencies
sandmark	menhir	menhir	menhir	M5	defer	kernel		not stated in scanned source headers	e3b0c44298fc1c149afbf4c8996fb92427ae41e4649b934ca495991b7852b855			dependencies/template/*.opam (package sources and notices)	run_config.json	requires the upstream application/package dependency graph (external); reconsider with a portable implementation of those dependencies
sandmark	minilight-ocaml	minilight	minilight	M5	defer	numerical	sandmark:benchmarks/multicore-minilight/sequential/minilight.exe	not stated in scanned source headers	e3b0c44298fc1c149afbf4c8996fb92427ae41e4649b934ca495991b7852b855			dependencies/template/*.opam (package sources and notices)	run_config.json	requires the upstream application/package dependency graph (external); reconsider with a portable implementation of those dependencies
sandmark	setrip	setrip	setrip	M5	defer	kernel		not stated in scanned source headers	e3b0c44298fc1c149afbf4c8996fb92427ae41e4649b934ca495991b7852b855			dependencies/template/*.opam (package sources and notices)	run_config.json	requires the upstream application/package dependency graph (external); reconsider with a portable implementation of those dependencies
smlnj	programs/BASIS	BASIS	BASIS	-	exclude	application		not stated in scanned source headers	2d7747158002f9b52a2929f531988e18b54a60512369f1593cb65c5d6a629b9c	programs/BASIS/array.sig;programs/BASIS/array.sml;programs/BASIS/char-vector.sml;programs/BASIS/list.sig;programs/BASIS/list.sml;programs/BASIS/mono-array.sig;programs/BASIS/mono-vector.sig;programs/BASIS/option.sig;programs/BASIS/option.sml;programs/BASIS/string.sig;programs/BASIS/string.sml;programs/BASIS/word8-array.sml;programs/BASIS/word8-vector.sml		LICENSE	README.md;programs/*/sources.cm;programs/BASIS/README.md	shared library/benchmark interface, not an independent workload
smlnj	programs/aobench	aobench	aobench	M2	import	application		not stated in scanned source headers	6020dd0b28ab8171b0fbba3dd921897b570f5228a9a54077483e5345a1268519	programs/aobench/aobench.sml;programs/aobench/main.sml;programs/aobench/other/aobench.c;programs/aobench/other/aobench.ml;programs/aobench/sources.cm		LICENSE	README.md;README.md;programs/*/sources.cm;programs/aobench/FILES;programs/aobench/README.md;programs/aobench/sources.cm	portable workload; retain algorithm and review driver, numeric assumptions, fixtures and notices before import
smlnj	programs/barnes-hut	barnes-hut	barnes-hut	M2	defer	numerical	mlkit:test/barnes-hut.mlb;mlton:benchmark/tests/barnes-hut.sml	not stated in scanned source headers	58454350565b6abb265f38820a4ed418e17b5730a5071413987758d1b75aa989	programs/barnes-hut/barnes-hut3d.sml;programs/barnes-hut/data-io.sml;programs/barnes-hut/grav.sml;programs/barnes-hut/load.sml;programs/barnes-hut/main.sml;programs/barnes-hut/rand.sig;programs/barnes-hut/rand.sml;programs/barnes-hut/sources.cm;programs/barnes-hut/space.sml;programs/barnes-hut/vector.sig;programs/barnes-hut/vector2.sml;programs/barnes-hut/vector3.sml		LICENSE;programs/barnes-hut/README.md:header;programs/barnes-hut/rand.sml:header	README.md;README.md;programs/*/sources.cm;programs/barnes-hut/FILES;programs/barnes-hut/README.md;programs/barnes-hut/sources.cm	native SML/NJ 2026.2 CM.make fails at main.sml:7-61: BMARK.testit requires unit->unit but the source exports TextIO.outstream->unit; upstream also marks it broken; review/repair the launcher and establish independent full-state results before importing this variant
smlnj	programs/binary-trees	binary-trees	binary-trees	M2	import	allocation-lifetimes	nofib:shootout/binary-trees	not stated in scanned source headers	517063fdd9827f865ade762271e5b7907c752cdcd29d752ce1a8056eb030af36	programs/binary-trees/main.sml;programs/binary-trees/sources.cm	programs/binary-trees/ANSWER	LICENSE	README.md;README.md;programs/*/sources.cm;programs/binary-trees/README.md;programs/binary-trees/sources.cm	portable workload; retain algorithm and review driver, numeric assumptions, fixtures and notices before import
smlnj	programs/black-scholes	black-scholes	black-scholes	M2	import	calls-recursion		Damon Wang.	6c4ea01438215f416a7b9f42ef3f76cf282f37de036a16c0495c7c3e06a1fb89	programs/black-scholes/black-scholes.sml;programs/black-scholes/main.sml;programs/black-scholes/sources.cm	programs/black-scholes/DATA/simlarge.txt;programs/black-scholes/DATA/simsmall.txt	LICENSE	README.md;README.md;programs/*/sources.cm;programs/black-scholes/FILES;programs/black-scholes/README.md;programs/black-scholes/sources.cm	portable workload; retain algorithm and review driver, numeric assumptions, fixtures and notices before import
smlnj	programs/boyer	boyer	boyer-smlnj	M2	import	symbolic-search	mlkit:test/boyer.sml;mlton:benchmark/tests/boyer.sml;nofib:spectral/boyer	not stated in scanned source headers	239ab2e1fb443f5365bf813fbd44c9432cb42bca6a716532b486182b21b5e0c3	programs/boyer/boyer.sml;programs/boyer/main.sml;programs/boyer/rules.sml;programs/boyer/sources.cm;programs/boyer/terms.sml		LICENSE	README.md;README.md;programs/*/sources.cm;programs/boyer/FILES;programs/boyer/README.md;programs/boyer/sources.cm	portable workload; retain algorithm and review driver, numeric assumptions, fixtures and notices before import
smlnj	programs/cml-sieve	cml-sieve	cml-sieve	M2	defer	lists-streams		not stated in scanned source headers	dce423cabebeee91e90dd5dfb99500210297f096ff4c2a6ef5a4e987751ab20b	programs/cml-sieve/main.sml;programs/cml-sieve/primes.sml;programs/cml-sieve/sources.cm		LICENSE	README.md;README.md;programs/*/sources.cm;programs/cml-sieve/FILES;programs/cml-sieve/README.md;programs/cml-sieve/sources.cm	requires Concurrent ML message passing; reconsider when a compatible concurrency facility exists
smlnj	programs/common	common	common	-	exclude	application		not stated in scanned source headers	cd2f72b3b284c791ae9626d272c0c20a875e976c04768d9cb087c29119f2e73a	programs/common/cml.sml;programs/common/ord-key.sig;programs/common/ord-map.sig;programs/common/ord-set.sig;programs/common/rand48.sml;programs/common/redblack-map-fn.sml;programs/common/redblack-set-fn.sml		LICENSE	README.md;programs/*/sources.cm;programs/common/README.md	shared library/benchmark interface, not an independent workload
smlnj	programs/count-graphs	count-graphs	count-graphs-smlnj	M2	import	application	mlkit:test/count-graphs.sml;mlton:benchmark/tests/count-graphs.sml	Henry Cejtin (henry@sourcelight.com).;Henry Cejtin.	f038cbd9ecfa47211f42363c6fc5750b8bf6735acedd28959c87f0e2aba2507e	programs/count-graphs/main.sml;programs/count-graphs/sources.cm		LICENSE;programs/count-graphs/README.md:header;programs/count-graphs/main.sml:header	README.md;README.md;programs/*/sources.cm;programs/count-graphs/README.md;programs/count-graphs/sources.cm	portable workload; retain algorithm and review driver, numeric assumptions, fixtures and notices before import
smlnj	programs/delta-blue	delta-blue	delta-blue	M2	defer	application		not stated in scanned source headers	4b9808dab4f74470fd4a7381b7d48823033eece32147c486352e47c284bce332	programs/delta-blue/constraint-base.sml;programs/delta-blue/constraint.sml;programs/delta-blue/delta-blue.sml;programs/delta-blue/edit-constraint.sml;programs/delta-blue/equality-constraint.sml;programs/delta-blue/main.sml;programs/delta-blue/other/deltablue.c;programs/delta-blue/planner.sml;programs/delta-blue/rep-types.sml;programs/delta-blue/scale-constraint.sml;programs/delta-blue/sources.cm;programs/delta-blue/stay-constraint.sml;programs/delta-blue/strength.sml;programs/delta-blue/variable.sml		LICENSE	README.md;README.md;programs/*/sources.cm;programs/delta-blue/FILES;programs/delta-blue/README.md;programs/delta-blue/sources.cm	native SML/NJ 2026.2 CM.make succeeds, but Main.testit() fails constructing the second chain equality with Fail: Cycle encountered; projectionTest also checks dst instead of src after inverse propagation; repair and independently validate the constraint solver before import
smlnj	programs/dlx	dlx	dlx	M2	defer	application	mlkit:test/DLXSimulator.sml;mlkit:test/DLXSimulator_smlnj.sml;mlton:benchmark/tests/DLXSimulator.sml	Matthew Fluet.  This version has been restructured	18cd44bf75d625c7976c640b1d2ecb9b883caabd9bb8634f0281725b8facb177	programs/dlx/alu.sig;programs/dlx/alu.sml;programs/dlx/cache-spec.sig;programs/dlx/cached-memory.fun;programs/dlx/dlx-simulator.sml;programs/dlx/dlx.fun;programs/dlx/dlx.sig;programs/dlx/examples.sml;programs/dlx/imm-array.sml;programs/dlx/imm-array2.sml;programs/dlx/l1-cache-spec1.sml;programs/dlx/l1-cache1.sml;programs/dlx/main.sml;programs/dlx/memory.sig;programs/dlx/memory.sml;programs/dlx/rand.sml;programs/dlx/register-file.sig;programs/dlx/register-file.sml;programs/dlx/sources.cm		LICENSE;programs/dlx/README.md:header	README.md;README.md;programs/*/sources.cm;programs/dlx/FILES;programs/dlx/README.md;programs/dlx/sources.cm	native SML/NJ 2026.2 CM.make reports a missing end at main.sml:27 and a syntax error at line 42; its original launcher cannot run; repair the pinned modular variant and independently validate all trap outputs before import (older/newer monolithic DLX ports remain separate)
smlnj	programs/f-arith	f-arith	f-arith	M2	import	numerical		not stated in scanned source headers	6623a81c41abac5523f5fd9ea0c01a679ff140f3fafac03cd74c718a7703cb6d	programs/f-arith/main.sml;programs/f-arith/other/f-arith.c;programs/f-arith/sources.cm	programs/f-arith/ANSWER	LICENSE	README.md;README.md;programs/*/sources.cm;programs/f-arith/README.md;programs/f-arith/sources.cm	portable workload; retain algorithm and review driver, numeric assumptions, fixtures and notices before import
smlnj	programs/fannkuch	fannkuch	fannkuch	M2	import	kernel		not stated in scanned source headers	fd81239426632866c7ec076c70080d45f16062e5c32f65f0fe42c26a9051a400	programs/fannkuch/main.sml;programs/fannkuch/other/fannkuchredux.ml;programs/fannkuch/sources.cm	programs/fannkuch/ANSWER	LICENSE	README.md;README.md;programs/*/sources.cm;programs/fannkuch/FILES;programs/fannkuch/README.md;programs/fannkuch/sources.cm	portable workload; retain algorithm and review driver, numeric assumptions, fixtures and notices before import
smlnj	programs/fft	fft	fft-smlnj	M2	import	numerical	mlkit:test/fft.sml;mlkit:test_dev/fft_no_basislib.sml;mlton:benchmark/tests/fft.sml;nofib:parallel/OLD/NESL/fft.lhs;nofib:spectral/hartel/fft;sandmark:benchmarks/numerical-analysis/fft.exe	not stated in scanned source headers	7e9bb4e711566981a832944b84fd164563ba93c144340e1e4db2dda24d1abc50	programs/fft/main.sml;programs/fft/sources.cm		LICENSE	README.md;README.md;programs/*/sources.cm;programs/fft/sources.cm	portable workload; retain algorithm and review driver, numeric assumptions, fixtures and notices before import
smlnj	programs/id-ray	id-ray	id-ray	M2	import	numerical		not stated in scanned source headers	566989f6faab3764d1ec1f3f2138fd8f8d41b06257145b87241555ca3b801db8	programs/id-ray/image.sml;programs/id-ray/main.sml;programs/id-ray/ray.sml;programs/id-ray/sources.cm	programs/id-ray/DATA/spheres.txt	LICENSE	README.md;README.md;programs/*/sources.cm;programs/id-ray/FILES;programs/id-ray/README.md;programs/id-ray/sources.cm	portable workload; retain algorithm and review driver, numeric assumptions, fixtures and notices before import
smlnj	programs/iter-pidigits	iter-pidigits	iter-pidigits	M2	import	integer-arithmetic		Michael Ganss;Oleksii Prudkyi	bb2485aa4d9837b5e4d9b6fd5b947ef9253ed4962d660ecb60c20675bf8c90ed	programs/iter-pidigits/main.sml;programs/iter-pidigits/other/pidigits.c;programs/iter-pidigits/pi-digits.sml;programs/iter-pidigits/sources.cm	programs/iter-pidigits/ANSWER	LICENSE	README.md;README.md;programs/*/sources.cm;programs/iter-pidigits/FILES;programs/iter-pidigits/README.md;programs/iter-pidigits/sources.cm	portable workload; retain algorithm and review driver, numeric assumptions, fixtures and notices before import
smlnj	programs/kcfa	kcfa	kcfa	M2	defer	application		not stated in scanned source headers	249fee43b7c79c3a762e54b35fb6433185da5953e4dc032c5548557bd055034b	programs/kcfa/addr.sml;programs/kcfa/analysis.sml;programs/kcfa/bind.sml;programs/kcfa/cps.sml;programs/kcfa/examples.sml;programs/kcfa/interp-fn.sml;programs/kcfa/label.sml;programs/kcfa/main.sml;programs/kcfa/sources.cm;programs/kcfa/state-space.sml;programs/kcfa/store.sml;programs/kcfa/time.sml;programs/kcfa/value.sml;programs/kcfa/var.sml		LICENSE	README.md;README.md;programs/*/sources.cm;programs/kcfa/FILES;programs/kcfa/README.md;programs/kcfa/sources.cm	sources.cm requires ../common/lib-base.sml, absent from the pinned checkout; native SML/NJ 2026.2 CM.make fails opening that module; restore/review its library exception contract and establish reference state/store summaries before import
smlnj	programs/knuth-bendix	knuth-bendix	knuth-bendix-smlnj	M2	import	symbolic-search	mlton:benchmark/tests/knuth-bendix.sml;sandmark:benchmarks/kb/kb.exe	not stated in scanned source headers	98ffb4ca3f79b1eff25ab773b193680fa2f20f4c1da097456fe2e73afd234d1f	programs/knuth-bendix/main.sml;programs/knuth-bendix/sources.cm		LICENSE;programs/knuth-bendix/README.md:header	README.md;README.md;programs/*/sources.cm;programs/knuth-bendix/README.md;programs/knuth-bendix/sources.cm	portable workload; retain algorithm and review driver, numeric assumptions, fixtures and notices before import
smlnj	programs/lexgen	lexgen	lexgen-smlnj	M2	import	compiler-application	mlton:benchmark/tests/lexgen.sml	James Mattson	f5b1c42b4fe72a14b1e1a0160d3bf96b46a185f5eacb454a8f30858f01bce287	programs/lexgen/lexgen.sig;programs/lexgen/lexgen.sml;programs/lexgen/main.sml;programs/lexgen/red-black.fun;programs/lexgen/sources.cm	programs/lexgen/DATA/ml.lex	LICENSE;programs/lexgen/README.md:header;programs/lexgen/lexgen.sml:header	README.md;README.md;programs/*/sources.cm;programs/lexgen/FILES;programs/lexgen/README.md;programs/lexgen/sources.cm	portable workload; retain algorithm and review driver, numeric assumptions, fixtures and notices before import
smlnj	programs/life	life	life-smlnj	M2	import	kernel	mlkit:test/life.sml;mlkit:test_dev/life.sml;mlton:benchmark/tests/life.sml;nofib:spectral/life	not stated in scanned source headers	cc8033a09739bad875e22cca5228d0af6803583e82bf823589ea2e692195ee86	programs/life/main.sml;programs/life/sources.cm		LICENSE	README.md;README.md;programs/*/sources.cm;programs/life/README.md;programs/life/sources.cm	portable workload; retain algorithm and review driver, numeric assumptions, fixtures and notices before import
smlnj	programs/logic	logic	logic-smlnj	M2	import	symbolic-search	mlkit:test/logic.mlb;mlton:benchmark/tests/logic.sml	not stated in scanned source headers	a7dbf4699d3d8a7922eaee4e60f52b37eb700abfcfa5367f9957809296caa8c8	programs/logic/data.sml;programs/logic/main.sml;programs/logic/sources.cm;programs/logic/term.sml;programs/logic/trail.sml;programs/logic/unify.sml		LICENSE	README.md;README.md;programs/*/sources.cm;programs/logic/FILES;programs/logic/README.md;programs/logic/sources.cm	portable workload; retain algorithm and review driver, numeric assumptions, fixtures and notices before import
smlnj	programs/mandelbrot	mandelbrot	mandelbrot-smlnj	M2	import	numerical	mlton:benchmark/tests/mandelbrot.sml	John Reppy and serves as a good test of	d7f54c124a55a087bcfa93cb2b2d2fbdec8989b4d3bfc3f7d12e1c5ff3519cbd	programs/mandelbrot/main.sml;programs/mandelbrot/sources.cm		LICENSE;programs/mandelbrot/README.md:header	README.md;README.md;programs/*/sources.cm;programs/mandelbrot/README.md;programs/mandelbrot/sources.cm	portable workload; retain algorithm and review driver, numeric assumptions, fixtures and notices before import
smlnj	programs/mandelbrot-rat	mandelbrot-rat	mandelbrot-rat	M2	import	numerical		not stated in scanned source headers	8afb121710f98cd6e3577c704c43364f840a29f1821a216438eea86bb0e811df	programs/mandelbrot-rat/main.sml;programs/mandelbrot-rat/sources.cm		LICENSE	README.md;README.md;programs/*/sources.cm;programs/mandelbrot-rat/sources.cm	portable workload; retain algorithm and review driver, numeric assumptions, fixtures and notices before import
smlnj	programs/mazefun	mazefun	mazefun	M2	import	kernel		Kavon Farvardin as part of the	2e87e0d1deadfd781f15eb95f0dfddfe79c2a9bec05eba5705c437842ceb2b1f	programs/mazefun/main.sml;programs/mazefun/sources.cm		LICENSE;programs/mazefun/README.md:header;programs/mazefun/main.sml:header	README.md;README.md;programs/*/sources.cm;programs/mazefun/README.md;programs/mazefun/sources.cm	portable workload; retain algorithm and review driver, numeric assumptions, fixtures and notices before import
smlnj	programs/mc-ray	mc-ray	mc-ray	M2	import	numerical		John Reppy and	f1738654b2ba536678a932d7ace532da241d6fc5b8fb2661b50affdff7bf6569	programs/mc-ray/aabb.sml;programs/mc-ray/box.sml;programs/mc-ray/camera.sml;programs/mc-ray/color.sml;programs/mc-ray/image.sml;programs/mc-ray/interval.sml;programs/mc-ray/main.sml;programs/mc-ray/material.sml;programs/mc-ray/object.sml;programs/mc-ray/rand-32.sml;programs/mc-ray/rand-64.sml;programs/mc-ray/rand.sig;programs/mc-ray/random-scene.sml;programs/mc-ray/ray.sml;programs/mc-ray/rgb.sml;programs/mc-ray/sources.cm;programs/mc-ray/sphere.sml;programs/mc-ray/trace.sml;programs/mc-ray/tracer.cm;programs/mc-ray/tracer.mlb;programs/mc-ray/vec3.sig;programs/mc-ray/vec3.sml		LICENSE;programs/mc-ray/README.md:header	README.md;README.md;programs/*/sources.cm;programs/mc-ray/FILES;programs/mc-ray/README.md;programs/mc-ray/sources.cm	portable workload; retain algorithm and review driver, numeric assumptions, fixtures and notices before import
smlnj	programs/minimax	minimax	minimax	M2	import	symbolic-search	nofib:parallel/minimax;nofib:spectral/minimax	Adam Shaw.	8495f960eed9c9253ac266b2dec7f967adf42a8088b0ee2a87cb1a895d737d7d	programs/minimax/main.sml;programs/minimax/sources.cm;programs/minimax/tic-tac-toe.sml		LICENSE;programs/minimax/README.md:header	README.md;README.md;programs/*/sources.cm;programs/minimax/FILES;programs/minimax/README.md;programs/minimax/sources.cm	portable workload; retain algorithm and review driver, numeric assumptions, fixtures and notices before import
smlnj	programs/mlyacc	mlyacc	mlyacc-smlnj	M2	import	compiler-application	mlton:benchmark/tests/mlyacc.sml	Norris Boyd, which was	a15ea952535e172012dbf73480f621246491913ff8e41d99b3b62bbf191aafcb	programs/mlyacc/absyn.sig;programs/mlyacc/absyn.sml;programs/mlyacc/base.sig;programs/mlyacc/core.sml;programs/mlyacc/coreutils.sml;programs/mlyacc/grammar.sml;programs/mlyacc/graph.sml;programs/mlyacc/hdr.sml;programs/mlyacc/join.sml;programs/mlyacc/lalr.sml;programs/mlyacc/link.sml;programs/mlyacc/look.sml;programs/mlyacc/lrtable.sml;programs/mlyacc/main.sml;programs/mlyacc/mklrtable.sml;programs/mlyacc/mkprstruct.sml;programs/mlyacc/parse.sml;programs/mlyacc/parser.sml;programs/mlyacc/shrink.sml;programs/mlyacc/sigs.sml;programs/mlyacc/sources.cm;programs/mlyacc/stream.sml;programs/mlyacc/utils.sig;programs/mlyacc/utils.sml;programs/mlyacc/verbose.sml;programs/mlyacc/yacc.grm.sig;programs/mlyacc/yacc.grm.sml;programs/mlyacc/yacc.lex.sml;programs/mlyacc/yacc.sml	programs/mlyacc/DATA/ml.grm	LICENSE;programs/mlyacc/utils.sml:header	README.md;README.md;programs/*/sources.cm;programs/mlyacc/FILES;programs/mlyacc/README.md;programs/mlyacc/sources.cm	portable workload; retain algorithm and review driver, numeric assumptions, fixtures and notices before import
smlnj	programs/nbody	nbody	nbody	M2	import	numerical	nofib:parallel/nbody;sandmark:benchmarks/benchmarksgame/nbody.exe;sandmark:benchmarks/multicore-numerical/nbody.exe	Isaac Gouy	547999728a16461f9d4054dbbb2028e9ca3bb63eb53dda633ef69b7c4d66fe58	programs/nbody/main.sml;programs/nbody/other/main.c;programs/nbody/sources.cm		LICENSE	README.md;README.md;programs/*/sources.cm;programs/nbody/README.md;programs/nbody/sources.cm	portable workload; retain algorithm and review driver, numeric assumptions, fixtures and notices before import
smlnj	programs/nucleic	nucleic	nucleic-smlnj	M2	import	numerical	mlkit:test/nucleic.mlb;mlton:benchmark/tests/nucleic.sml;nofib:spectral/hartel/nucleic2	Marc Feeley and was done	eb6ff201d9be5abde936c919ba002bad170521a9ad4bad0feef190614be3738c	programs/nucleic/main.sml;programs/nucleic/nucleic.sml;programs/nucleic/sources.cm	programs/nucleic/nucleic.sml	LICENSE;programs/nucleic/README.md:header	README.md;README.md;programs/*/sources.cm;programs/nucleic/FILES;programs/nucleic/README.md;programs/nucleic/sources.cm	portable workload; retain algorithm and review driver, numeric assumptions, fixtures and notices before import
smlnj	programs/pia	pia	pia	M2	defer	kernel		not stated in scanned source headers	e3b0c44298fc1c149afbf4c8996fb92427ae41e4649b934ca495991b7852b855			LICENSE	README.md;README.md;programs/*/sources.cm	pinned programs/pia contains only DATA simulation datasets, with no SML implementation or build manifest; restore the advertised program and a runnable reference before considering a port
smlnj	programs/pidigits	pidigits	pidigits-smlnj	M2	import	integer-arithmetic	mlton:benchmark/tests/pidigits.sml;nofib:shootout/pidigits	not stated in scanned source headers	0058bcf321d631ef2c144a580fe64971cc7190eadd9352575ff5fb52f0532d68	programs/pidigits/main.sml;programs/pidigits/pi-digits.sml;programs/pidigits/sources.cm;programs/pidigits/stream.sml	programs/pidigits/ANSWER	LICENSE	README.md;README.md;programs/*/sources.cm;programs/pidigits/FILES;programs/pidigits/README.md;programs/pidigits/sources.cm	portable workload; retain algorithm and review driver, numeric assumptions, fixtures and notices before import
smlnj	programs/pingpong	pingpong	pingpong	M2	defer	kernel		not stated in scanned source headers	df2a2b24f50c70d90a5a4eb5e98f5832734d63214be6ca5804c5db0affba7b36	programs/pingpong/main.sml;programs/pingpong/pingpong.sml;programs/pingpong/sources.cm		LICENSE	README.md;README.md;programs/*/sources.cm;programs/pingpong/FILES;programs/pingpong/README.md;programs/pingpong/sources.cm	requires Concurrent ML message passing; reconsider when a compatible concurrency facility exists
smlnj	programs/plclub-ray	plclub-ray	plclub-ray	M2	import	numerical		Stephen Weeks for the MLton benchmarks.	7972c1fa76d7a0770a79f829929161cb414e70d11af324b7cc8df4d42b8cb57a	programs/plclub-ray/caml.sml;programs/plclub-ray/eval.sml;programs/plclub-ray/lex.sml;programs/plclub-ray/main.sml;programs/plclub-ray/math.sml;programs/plclub-ray/matrix.sml;programs/plclub-ray/ppm.sml;programs/plclub-ray/program.sml;programs/plclub-ray/render.sml;programs/plclub-ray/sources.cm	programs/plclub-ray/DATA/bmark.gml;programs/plclub-ray/DATA/test.gml	LICENSE;programs/plclub-ray/ppm.sml:header	README.md;README.md;programs/*/sources.cm;programs/plclub-ray/FILES;programs/plclub-ray/README.md;programs/plclub-ray/sources.cm	portable workload; retain algorithm and review driver, numeric assumptions, fixtures and notices before import
smlnj	programs/ratio-regions	ratio-regions	ratio-regions-smlnj	M2	import	application	mlkit:test/ratio-regions.sml;mlkit:test/ratio-regions_smlnj.sml;mlkit:test/ratio-regions_tp.sml;mlton:benchmark/tests/ratio-regions.sml	not stated in scanned source headers	85f928ffa86c31436c5c563491ff057be8e455c43a0f74f4cfdcbdba830a7776	programs/ratio-regions/main.sml;programs/ratio-regions/sources.cm		LICENSE;programs/ratio-regions/README.md:header	README.md;README.md;programs/*/sources.cm;programs/ratio-regions/FILES;programs/ratio-regions/README.md;programs/ratio-regions/sources.cm	portable workload; retain algorithm and review driver, numeric assumptions, fixtures and notices before import
smlnj	programs/ray	ray	ray-smlnj	M2	import	numerical	mlkit:test/ray.mlb;mlton:benchmark/tests/ray.sml;nofib:parallel/ray	Don Mitchell (Bell Labs;John Reppy. The benchmark was used as a	901d904f9c755b46f327994e53831eaf6b61dd6ff1326dbc67861140591a69e4	programs/ray/interface.sml;programs/ray/interp.sml;programs/ray/main.sml;programs/ray/objects.sml;programs/ray/ray.sml;programs/ray/sources.cm	programs/ray/DATA/bmark.txt;programs/ray/DATA/sphere;programs/ray/DATA/test.txt	LICENSE;programs/ray/README.md:header	README.md;README.md;programs/*/sources.cm;programs/ray/FILES;programs/ray/README.md;programs/ray/sources.cm	portable workload; retain algorithm and review driver, numeric assumptions, fixtures and notices before import
smlnj	programs/regex	regex	regex	M2	defer	kernel		not stated in scanned source headers	e3b0c44298fc1c149afbf4c8996fb92427ae41e4649b934ca495991b7852b855			LICENSE	README.md	advertised by upstream README but no programs/regex source directory exists at the pinned revision; restore the implementation and reference inputs/results before considering a port
smlnj	programs/safe-for-space	safe-for-space	safe-for-space	M2	import	allocation-lifetimes		not stated in scanned source headers	f1deafec7e122a104aa04ca9364d6531b3801a3841f5da22e8ebc7216ab7b0dc	programs/safe-for-space/main.sml;programs/safe-for-space/sources.cm		LICENSE	README.md;programs/*/sources.cm;programs/safe-for-space/README.md;programs/safe-for-space/sources.cm	portable workload; retain algorithm and review driver, numeric assumptions, fixtures and notices before import
smlnj	programs/sat	sat	sat	M2	import	symbolic-search		not stated in scanned source headers	4f005967cade97e6b9f997650028a9125937cd780c98b587cf79d7dfd046f105	programs/sat/main.sml;programs/sat/sources.cm		LICENSE	README.md;README.md;programs/*/sources.cm;programs/sat/README.md;programs/sat/sources.cm	portable workload; retain algorithm and review driver, numeric assumptions, fixtures and notices before import
smlnj	programs/simple	simple	simple-smlnj	M2	import	numerical	mlton:benchmark/tests/simple.sml;nofib:spectral/simple	Ekanadham and Arvind,	7663bf520a0b09cbc4e497f4546b787426c932846a8a63bc0c6e72c4f6069750	programs/simple/array2.sml;programs/simple/control.sml;programs/simple/main.sml;programs/simple/simple.sml;programs/simple/sources.cm		LICENSE	README.md;README.md;programs/*/sources.cm;programs/simple/FILES;programs/simple/README.md;programs/simple/sources.cm	portable workload; retain algorithm and review driver, numeric assumptions, fixtures and notices before import
smlnj	programs/smith-nf	smith-nf	smith-nf	M2	import	integer-arithmetic	mlkit:test/smith-normal-form.sml;mlkit:test/smith-normal-form_smlnj.sml;mlton:benchmark/tests/smith-normal-form.sml	not stated in scanned source headers	4d6cc98c28d8bcbff353faf075fb6283ddaeeeb032e8248e4a200f3ecaea219d	programs/smith-nf/main.sml;programs/smith-nf/matrix.sml;programs/smith-nf/smith-normal-form.sml;programs/smith-nf/sources.cm		LICENSE	README.md;README.md;programs/*/sources.cm;programs/smith-nf/FILES;programs/smith-nf/README.md;programs/smith-nf/sources.cm	portable workload; retain algorithm and review driver, numeric assumptions, fixtures and notices before import
smlnj	programs/stream-sieve	stream-sieve	stream-sieve	M2	import	lists-streams		Ben Greenman.	b161e36a865a7cd0b7b14939e424b67d5a402f17d8c4660599befc1634c04553	programs/stream-sieve/main.sml;programs/stream-sieve/sieve.sml;programs/stream-sieve/sources.cm;programs/stream-sieve/streams.sml		LICENSE;programs/stream-sieve/README.md:header	README.md;README.md;programs/*/sources.cm;programs/stream-sieve/FILES;programs/stream-sieve/README.md;programs/stream-sieve/sources.cm	portable workload; retain algorithm and review driver, numeric assumptions, fixtures and notices before import
smlnj	programs/tsp	tsp	tsp-smlnj	M2	import	symbolic-search	mlkit:test/tsp.sml;mlkit:test/tsp_smlnj.sml;mlkit:test/tsp_tp.sml;mlton:benchmark/tests/tsp.sml	not stated in scanned source headers	a95c48dda4a74885e0e5bb703c5793f511d50a48e80d7f3177dec29fba88aa84	programs/tsp/build.sml;programs/tsp/main.sml;programs/tsp/rand.sig;programs/tsp/rand.sml;programs/tsp/sources.cm;programs/tsp/tree.sml;programs/tsp/tsp.sml		LICENSE	README.md;README.md;programs/*/sources.cm;programs/tsp/FILES;programs/tsp/README.md;programs/tsp/sources.cm	portable workload; retain algorithm and review driver, numeric assumptions, fixtures and notices before import
smlnj	programs/twenty-four	twenty-four	twenty-four	M2	import	kernel		Byron Zhong.	14a6ec06efa6d9779a338b1449f54fe4ea4019e4f8e2a7be4d10b8a171c51fcc	programs/twenty-four/main.sml;programs/twenty-four/sources.cm;programs/twenty-four/twenty-four.sml		LICENSE;programs/twenty-four/README.md:header	README.md;README.md;programs/*/sources.cm;programs/twenty-four/FILES;programs/twenty-four/README.md;programs/twenty-four/sources.cm	portable workload; retain algorithm and review driver, numeric assumptions, fixtures and notices before import
smlnj	programs/tyan	tyan	tyan-smlnj	M2	import	integer-arithmetic	mlkit:test/tyan.sml;mlkit:test/tyan_smlnj.sml;mlton:benchmark/tests/tyan.sml	not stated in scanned source headers	4c539902a16921dc47ba88e26975e5b1e85223ddb1acdd8096714f55a9fc9d5b	programs/tyan/f.sml;programs/tyan/g.sml;programs/tyan/hp.sml;programs/tyan/m.sml;programs/tyan/main.sml;programs/tyan/mi.sml;programs/tyan/p.sml;programs/tyan/sources.cm;programs/tyan/util.sml		LICENSE	README.md;README.md;programs/*/sources.cm;programs/tyan/FILES;programs/tyan/README.md;programs/tyan/sources.cm	portable workload; retain algorithm and review driver, numeric assumptions, fixtures and notices before import
smlnj	programs/vliw	vliw	vliw-smlnj	M2	import	compiler-application	mlton:benchmark/tests/vliw.sml	John Danskin at Princeton.  It is one of the original	2bf1c5f9afd3898da15a25d3aa4ad1ebf5cd91fee03903f0b0a493e04f80694e	programs/vliw/abs-mach-imp.sml;programs/vliw/abs-mach.sml;programs/vliw/break-inst.sml;programs/vliw/compress.sml;programs/vliw/dag.sml;programs/vliw/delay.sml;programs/vliw/int-sort.sml;programs/vliw/main.sml;programs/vliw/node.sml;programs/vliw/ntypes.sml;programs/vliw/out-filter.sml;programs/vliw/print-abs.sml;programs/vliw/read-abs.sml;programs/vliw/readi.sml;programs/vliw/ref.sml;programs/vliw/set-env.sml;programs/vliw/set.sml;programs/vliw/sim-stuff.sml;programs/vliw/simlabs.sig;programs/vliw/sort-obj.sig;programs/vliw/sort.fun;programs/vliw/sources.cm;programs/vliw/str-pak.sml;programs/vliw/stringmap.sml;programs/vliw/vliw.sml	programs/vliw/DATA/cmp.s;programs/vliw/DATA/ndotprod.s;programs/vliw/DATA/tmp.s	LICENSE;programs/vliw/README.md:header;programs/vliw/vliw.sml:header	README.md;README.md;programs/*/sources.cm;programs/vliw/FILES;programs/vliw/README.md;programs/vliw/sources.cm	portable workload; retain algorithm and review driver, numeric assumptions, fixtures and notices before import
